CREATE DATABASE IF NOT EXISTS Ecommerce;

USE Ecommerce;

CREATE TABLE IF NOT EXISTS users
(user_id VARCHAR(30) PRIMARY KEY, 
username VARCHAR(25), 
email VARCHAR(50), 
pwd VARCHAR(8), 
user_role VARCHAR(10));

CREATE TABLE IF NOT EXISTS user_address
(add_id VARCHAR(30) PRIMARY KEY,
    user_id VARCHAR(30),
    road VARCHAR(100),
    city VARCHAR(50),
    state VARCHAR(50),
    pincode VARCHAR(10),
    FOREIGN KEY (user_id) REFERENCES users(user_id));

CREATE TABLE IF NOT EXISTS user_session
(session_id VARCHAR(40) PRIMARY KEY,
    user_id VARCHAR(30),
    token VARCHAR(64),
    login_time DATETIME,
    logout_time DATETIME,
    FOREIGN KEY (user_id) REFERENCES users(user_id));
    
CREATE TABLE categories
(category_id INT PRIMARY KEY, 
name VARCHAR(30) NOT NULL, 
description VARCHAR(100), 
parent_id INT DEFAULT NULL, 
FOREIGN KEY (parent_id) REFERENCES categories(category_id));

CREATE TABLE product
(product_id INT PRIMARY KEY, 
name VARCHAR(50) NOT NULL, 
price DECIMAL(10,2) NOT NULL, 
category_id INT, 
stock INT DEFAULT 0, 
FOREIGN KEY (category_id) REFERENCES categories(category_id));

CREATE TABLE product_variants
(varaintid INT PRIMARY KEY, 
product_id INT, 
color VARCHAR(50), 
size VARCHAR(30), 
price DECIMAL(10,2), 
stock INT DEFAULT 0, 
FOREIGN KEY (product_id) REFERENCES product(product_id));

CREATE TABLE product_discounts
(discount_id INT PRIMARY KEY, 
product_id INT, 
discount_percent DECIMAL(5,2), 
start_date DATE , 
end_date DATE, 
FOREIGN KEY  (product_id) REFERENCES product(product_id));

CREATE TABLE suppliers 
(supplier_id INT PRIMARY KEY, 
name VARCHAR(50) NOT NULL, 
contact_name VARCHAR(100), 
phone VARCHAR(30), 
email VARCHAR(30), 
address VARCHAR(200));

CREATE TABLE product_images
(image_id INT PRIMARY KEY, 
product_id INT, 
image_url VARCHAR(150), 
FOREIGN KEY (product_id) REFERENCES product(product_id));

CREATE TABLE warehouse 
(warehouse_id INT PRIMARY KEY, 
name VARCHAR(50) NOT NULL, 
location VARCHAR(200), 
capacity INT, 
product_id INT, 
stock INT, FOREIGN KEY (product_id) REFERENCES product(product_id));

CREATE TABLE cart (
    cart_id INT PRIMARY KEY AUTO_INCREMENT,
    user_id VARCHAR(30),
    created_at DATETIME DEFAULT CURRENT_TIMESTAMP,
    FOREIGN KEY (user_id) REFERENCES users(user_id)
);

CREATE TABLE cart_items (
    cart_item_id INT PRIMARY KEY AUTO_INCREMENT,
    cart_id INT,
    product_id INT,
    quantity INT DEFAULT 1 CHECK (quantity > 0),
    FOREIGN KEY (cart_id) REFERENCES cart(cart_id) ON DELETE CASCADE,
    FOREIGN KEY (product_id) REFERENCES product(product_id)
);

CREATE TABLE wishlist (
    wishlist_id INT PRIMARY KEY AUTO_INCREMENT,
    user_id VARCHAR(30),
    created_at DATETIME DEFAULT CURRENT_TIMESTAMP,
    FOREIGN KEY (user_id) REFERENCES users(user_id)
);

CREATE TABLE wishlist_items (
    wishlist_item_id INT PRIMARY KEY AUTO_INCREMENT,
    wishlist_id INT,
    product_id INT,
    FOREIGN KEY (wishlist_id) REFERENCES wishlist(wishlist_id) ON DELETE CASCADE,
    FOREIGN KEY (product_id) REFERENCES product(product_id)
);

CREATE TABLE orders
(
  order_id INT PRIMARY KEY,
  user_id VARCHAR(30),
  product_id INT,  order_date DATE,  quantity INT,
  total_amount DECIMAL(10,2),  status VARCHAR(20),
  FOREIGN KEY (product_id) REFERENCES product(product_id),
  FOREIGN KEY (user_id) REFERENCES users(user_id)
  );
  
CREATE TABLE payment (
  payment_id INT PRIMARY KEY,
  order_id INT,  payment_date DATE,
  amount DECIMAL(10,2),  payment_mode VARCHAR(30),
  payment_status VARCHAR(20),  transaction_id VARCHAR(50),
  FOREIGN KEY (order_id) REFERENCES orders(order_id)
);

CREATE TABLE shipping (
  shipping_id INT PRIMARY KEY,
  order_id INT,
  shipping_date DATE,
  delivery_date DATE,
  shipping_status VARCHAR(20),
  courier_name VARCHAR(50),
  tracking_number VARCHAR(50),
  FOREIGN KEY (order_id) REFERENCES orders(order_id)
);

CREATE TABLE reviews (
  review_id INT PRIMARY KEY,                 
  order_id INT,                              
  user_id VARCHAR(30),                           
  product_id INT,                            
  rating INT CHECK (rating BETWEEN 1 AND 5), 
  review_text VARCHAR(255),                  
  review_date DATE,                          
  FOREIGN KEY (order_id) REFERENCES orders(order_id),
  FOREIGN KEY (product_id) REFERENCES product(product_id),
  FOREIGN KEY (user_id) REFERENCES users(user_id)
);

CREATE TABLE refunds (
  refund_id INT PRIMARY KEY,
  order_id INT NOT NULL,
  payment_id INT NOT NULL,
  refund_date DATE,
  refund_amount DECIMAL(10,2),
  refund_reason VARCHAR(100),
  refund_status VARCHAR(20),
  FOREIGN KEY (order_id) REFERENCES orders(order_id)
    ON UPDATE CASCADE
    ON DELETE CASCADE,
  FOREIGN KEY (payment_id) REFERENCES payment(payment_id)
    ON UPDATE CASCADE
    ON DELETE CASCADE
);

CREATE TABLE customer_support (
  ticket_id INT PRIMARY KEY,
  order_id INT NOT NULL,
  user_id VARCHAR(30) NOT NULL,
  issue_type VARCHAR(50),
  issue_description VARCHAR(255),
  ticket_status VARCHAR(20),
  created_date DATE,
  resolved_date DATE,
  FOREIGN KEY (order_id) REFERENCES orders(order_id) ON UPDATE CASCADE,
  FOREIGN KEY (user_id) REFERENCES users(user_id)
);

DELIMITER $$

CREATE PROCEDURE populate_users()
BEGIN
    DECLARE i INT DEFAULT 1;
    WHILE i <= 500 DO
        INSERT INTO Users (user_id, username, email, pwd, user_role)
        VALUES (
            CONCAT('U', LPAD(i, 4, '0')),
            CONCAT('user', i),
            CONCAT('user', i, '@example.com'),
            LPAD(FLOOR(RAND() * 99999999), 8, '0'),
            ELT(FLOOR(1 + RAND() * 3), 'admin', 'seller', 'buyer')
        );
        SET i = i + 1;
    END WHILE;
END$$
SELECT * FROM users;
DELIMITER ;

CALL populate_users();

DELIMITER $$

CREATE PROCEDURE populate_user_sessions()
BEGIN
    DECLARE i INT DEFAULT 1;
    DECLARE login_time_val DATETIME;
    DECLARE logout_time_val DATETIME;

    WHILE i <= 500 DO
        SET login_time_val = TIMESTAMPADD(
            SECOND,
            FLOOR(RAND() * 86400),       
            DATE_SUB(NOW(), INTERVAL FLOOR(RAND() * 30) DAY) 
        );

        SET logout_time_val = TIMESTAMPADD(
            MINUTE,
            FLOOR(RAND() * 180),          
            login_time_val
        );

        INSERT INTO user_session (session_id, user_id, token, login_time, logout_time)
        VALUES (
            CONCAT('S', LPAD(i, 5, '0')),         -- e.g. S00001, S00002, ...
            CONCAT('U', LPAD(FLOOR(1 + RAND() * 500), 4, '0')), -- random user
            SHA2(CONCAT('token', i, RAND()), 256), -- random 64-char token
            login_time_val,
            logout_time_val
        );

        SET i = i + 1;
    END WHILE;
END$$

DELIMITER ;

CALL populate_user_sessions();

DELIMITER $$

CREATE PROCEDURE populate_user_address()
BEGIN
    DECLARE i INT DEFAULT 1;
    DECLARE cities JSON;
    DECLARE states JSON;
    DECLARE random_city VARCHAR(50);
    DECLARE random_state VARCHAR(50);
    DECLARE random_pincode VARCHAR(10);

    SET cities = JSON_ARRAY('Mumbai','Delhi','Bengaluru','Chennai','Kolkata',
                            'Hyderabad','Ahmedabad','Pune','Jaipur','Lucknow',
                            'Surat','Bhopal','Indore','Nagpur','Patna',
                            'Vadodara','Chandigarh','Coimbatore','Thiruvananthapuram','Ranchi');

    SET states = JSON_ARRAY('Maharashtra','Delhi','Karnataka','Tamil Nadu','West Bengal',
                            'Telangana','Gujarat','Rajasthan','Uttar Pradesh','Madhya Pradesh',
                            'Bihar','Punjab','Kerala','Haryana','Odisha');

    WHILE i <= 500 DO
        SET random_city = JSON_UNQUOTE(JSON_EXTRACT(cities, CONCAT('$[', FLOOR(RAND() * JSON_LENGTH(cities)), ']')));
        SET random_state = JSON_UNQUOTE(JSON_EXTRACT(states, CONCAT('$[', FLOOR(RAND() * JSON_LENGTH(states)), ']')));
        SET random_pincode = LPAD(FLOOR(100000 + RAND() * 899999), 6, '0');

        INSERT INTO User_Address (add_id, user_id, road, city, state, pincode)
        VALUES (
            CONCAT('A', LPAD(i, 4, '0')),  -- e.g. A0001, A0002, ...
            CONCAT('U', LPAD(i, 4, '0')),  -- matches user IDs from Users table
            CONCAT(FLOOR(1 + RAND() * 200), ' ', 
                   ELT(FLOOR(1 + RAND() * 5), 'MG Road', 'Park Street', 'Ring Road', 'Main Street', 'Station Road')),
            random_city,
            random_state,
            random_pincode
        );

        SET i = i + 1;
    END WHILE;
END$$

DELIMITER ;

CALL populate_user_address();

INSERT INTO categories
(category_id,name,description,parent_id)
VALUES
(1,'Electronics','Electronic devices and accessories',NULL),
(2,'Computers & Laptops','Desktops, laptops, components & accessories',1),
(3,'Smartphones & Tablets','Mobile phones, tablets and accessories',1),
(4,'TV & Home Cinema','Televisions, home theatre systems & accessories',1),
(5,'Cameras & Photography','Digital cameras, lenses, photo gear',1),
(6,'Audio Equipment','Speakers, headphones, sound systems',1),
(7,'Wearable Technology','Smartwatches, fitness trackers, VR headsets',1),
(8,'Home & Kitchen','Home appliances and kitchenware',NULL),
(9,'Large Appliances','Refrigerators, washing machines, ovens',8),
(10,'Small Kitchen Appliances','Blenders, mixers, coffee machines, toasters',8),
(11,'Furniture','Indoor and outdoor furniture',8),
(12,'Home Decor','Decorative items, lighting, rugs & wall art',8),
(13,'Books','Printed & digital books of all genres',NULL),
(14,'Fiction','Fictional books: novels, short stories',13),
(15,'Non-Fiction','Non-fiction books: biography, history, self-help',13),
(16,'Children’s Books','Books for children and young readers',13),
(17,'Clothing & Accessories','Men’s, women’s & kids clothing and accessories',NULL),
(18,'Men’s Clothing','Apparel for men',17),
(19,'Women’s Clothing','Apparel for women',17),
(20,'Kids’ Clothing','Apparel for children',17),
(21,'Shoes & Footwear','Shoes, sandals, boots for all',17),
(22,'Jewellery & Watches','Jewellery, watches and accessories',NULL),
(23,'Beauty & Personal Care','Cosmetics, skincare, haircare and grooming',NULL),
(24,'Health & Wellness','Health products, wellness items and vitamins',23),
(25,'Sports & Outdoors','Sports gear, outdoor recreation equipment',NULL),
(26,'Fitness Equipment','Gym gear, exercise machines, fitness accessories',25),
(27,'Outdoor Recreation','Camping, hiking, biking gear',25),
(28,'Toys & Games','Toys for children and games for all ages',NULL),
(29,'Board Games & Puzzles','Board games, jigsaw puzzles, strategy games',28),
(30,'Video Games & Consoles','Gaming consoles and video games',28),
(31,'Pet Supplies','Products for pets (dogs, cats, fish, birds)',NULL),
(32,'Dog Supplies','Dog food, toys, accessories',31),
(33,'Cat Supplies','Cat food, toys, accessories',31),
(34,'Fish & Aquatic Pets','Aquariums, fish food, accessories',31),
(35,'Automotive','Car and motorcycle parts, accessories',NULL),
(36,'Car Electronics','Car audio, navigation, accessories',35),
(37,'Motorcycle Gear','Helmets, jackets, accessories for bikes',35),
(38,'Office Products','Office supplies, furniture & stationery',NULL),
(39,'Stationery & Paper','Notebooks, paper, writing instruments',38),
(40,'Printers & Ink','Printers, cartridges, supplies',38),
(41,'Garden & Outdoor Living','Garden furniture, tools and outdoor décor',NULL),
(42,'Gardening Tools','Hand tools, power tools for gardening',41),
(43,'Outdoor Furniture','Patio sets, loungers, umbrellas',41),
(44,'Food & Beverages','Packaged foods and drink items',NULL),
(45,'Fresh Foods','Perishables: produce, meats, dairy',44),
(46,'Packaged & Snack Foods','Chips, cookies, snack packs',44),
(47,'Beverages','Non-alcoholic drinks, water, juices',44),
(48,'Arts & Crafts','Supplies for crafting, painting, sculpting',NULL),
(49,'Musical Instruments','Guitars, keyboards, drums and accessories',NULL),
(50,'Travel & Luggage','Suitcases, travel bags, accessories',NULL),
(51,'Baby & Toddler','Products for babies and toddlers',NULL),
(52,'Baby Clothing','Clothing for infants and toddlers',51),
(53,'Baby Gear','Strollers, car seats, high chairs',51),
(54,'Gift & Party Supplies','Gifts, party décor, greeting cards',NULL),
(55,'Watches & Accessories','Wristwatches, straps, accessories',22),
(56,'Craft Beverages','Tea, coffee, specialty drinks',44),
(57,'Smart Home','Smart thermostats, lighting, security—IoT devices',1),
(58,'Sustainable Products','Eco-friendly and green products',NULL),
(59,'Luxury Goods','High-end apparel, accessories & lifestyle items',NULL),
(60,'Collectibles & Memorabilia','Collector items, rare goods, signed memorabilia',NULL),
(61,'Medical Supplies','Medical equipment and supplies',NULL),
(62,'Safety & Security','Home safety gear, security systems',NULL),
(63,'Industrial & Scientific','Industrial equipment, lab supplies',NULL),
(64,'Software & Services','Digital software, subscriptions and services',NULL),
(65,'DIY & Tools','Power tools, hand tools, hardware items',NULL),
(66,'Building Materials','Construction materials, plumbing, electrical',NULL),
(67,'Cleaning & Janitorial','Cleaning products and janitorial supplies',NULL),
(68,'Kitchen & Dining','Cookware, tableware, utensils',8),
(69,'Bedding & Bath','Bed linen, towels, bath accessories',8),
(70,'Lighting & Lamps','Ceiling lights, lamps, outdoor lighting',8),
(71,'Personal Care Appliances','Hairdryers, shavers, electric toothbrushes',23),
(72,'Hobby & Model Building','Radio control toys, model kits, craft supplies',28),
(73,'Event & Party Planning','Event supplies, decorations, balloons',NULL),
(74,'Seasonal Décor','Holiday decorations & seasonal items',NULL),
(75,'Maritime & Boating','Boats, watercraft, accessories',NULL),
(76,'RV & Camping','Recreational vehicles, camping gear',41),
(77,'Ethnic & Regional Goods','Products specific to certain cultures/regions',NULL),
(78,'Vintage & Retro','Retro items, vintage-style merchandise',NULL),
(79,'Photobooks & Calendars','Custom photo gifts, calendars',NULL),
(80,'Loading & Storage','Storage solutions, shelving, boxes',NULL),
(81,'Smartphone Accessories','Cases, chargers, screen protectors',3),
(82,'Gaming Accessories','Controllers, headsets, gaming chairs',30),
(83,'DIY Home Improvement','Paints, blinds, decorating supplies',65),
(84,'Meal Kits & Subscriptions','Subscription meal services, kit deliveries',44),
(85,'Digital Media & Downloads','eBooks, music, software downloads',64),
(86,'Home Safety & Automation','Smoke alarms, smart locks, home automation',62),
(87,'Eco Textiles & Apparel','Sustainable fabrics and clothing',58),
(88,'Ethical Beauty','Beauty products with ethical sourcing',23),
(89,'Luxury Home Decor','High-end design furniture & accessories',11),
(90,'Streetwear & Urban Fashion','Urban style clothing & accessories',17),
(91,'Outdoor Cooking & BBQ','Grills, smokers, outdoor kitchen gear',41),
(92,'Mobile Photography','Phone lenses, mounts, ring lights',3),
(93,'Smart Fitness','Connected fitness equipment, wearable gym tech',25),
(94,'Language Learning','Books and digital courses for language learning',13),
(95,'Fine Art & Prints','Original art, art prints & posters',NULL),
(96,'Board & Card Games','Card games, board games, accessories',28),
(97,'Collectible Cards & Games','Trading card games, sports cards',60),
(98,'Musician Equipment & Gear','Pro musical instruments and studio gear',49),
(99,'Home Brewing & Wineries','Home brewing kits, craft beer equipment',NULL),
(100,'Smart Kitchen & IoT','Connected kitchen appliances, IoT enabled devices',1);

INSERT INTO Product (product_id, name, price, category_id, stock) VALUES
(1, 'Car Cover', 6064.01, 10, 270),
(2, 'Coloring Kit', 7026.49, 7, 240),
(3, 'Cotton Kurta', 3911.54, 2, 96),
(4, 'Sports Cap', 9441.32, 2, 15),
(5, 'Pressure Cooker 5L', 3540.81, 3, 204),
(6, 'Car Tyre', 7675.49, 10, 251),
(7, 'Shoe Rack', 5149.12, 9, 172),
(8, 'Denim Jacket', 2493.85, 2, 199),
(9, 'Play Tent', 3458.7, 7, 166),
(10, 'Running Shorts', 309.16, 6, 263),
(11, 'Microwave Oven', 6607.15, 3, 274),
(12, 'Denim Jacket', 3238.16, 2, 42),
(13, 'Puzzle Board', 8211.38, 7, 139),
(14, 'Yoga Mat', 7300.87, 6, 22),
(15, 'Leather Wallet', 1121.16, 2, 124),
(16, 'Puzzle Board', 5512.77, 7, 204),
(17, 'Breakfast Cereal 1kg', 4106.59, 8, 46),
(18, 'Sofa Set 3-Seater', 5032.0, 9, 123),
(19, 'Electric Kettle', 4314.61, 3, 287),
(20, 'Dry Fruits Mix 500g', 9784.36, 8, 160),
(21, 'Dinner Plate Set', 2130.35, 3, 181),
(22, 'The Alchemist', 3821.13, 4, 69),
(23, 'Woolen Scarf', 7600.15, 2, 29),
(24, 'Instant Coffee Jar', 4524.33, 8, 226),
(25, 'Sports Cap', 2899.29, 2, 187),
(26, 'Spices Combo', 7025.05, 8, 14),
(27, 'Microwave Oven', 6676.05, 3, 43),
(28, 'Smart Watch', 9057.47, 1, 237),
(29, 'Coloring Kit', 7805.94, 7, 263),
(30, 'Breakfast Cereal 1kg', 7452.81, 8, 198),
(31, 'Spices Combo', 4145.21, 8, 159),
(32, 'Wall Clock', 2004.12, 3, 249),
(33, 'Play Tent', 856.28, 7, 262),
(34, 'Face Wash 150ml', 6152.37, 5, 94),
(35, 'Badminton Racket', 300.14, 6, 80),
(36, 'Yoga Mat', 6455.51, 6, 127),
(37, 'Leather Wallet', 8040.63, 2, 234),
(38, 'Think Like a Monk', 7479.63, 4, 80),
(39, 'Electric Kettle', 1885.16, 3, 227),
(40, 'The Alchemist', 5181.29, 4, 38),
(41, 'The Power of Now', 6009.32, 4, 249),
(42, 'Car Tyre', 9010.05, 10, 43),
(43, 'Sugar 1kg', 4465.57, 8, 83),
(44, 'USB Flash Drive 64GB', 2431.98, 1, 143),
(45, 'The Psychology of Money', 1641.25, 4, 62),
(46, 'Formal Shirt', 5451.26, 2, 34),
(47, 'Microwave Oven', 1707.24, 3, 168),
(48, 'Stuffed Teddy Bear', 4719.38, 7, 112),
(49, 'Think Like a Monk', 3435.2, 4, 69),
(50, 'Slim Fit Jeans', 3636.96, 2, 89),
(51, 'Car Vacuum Cleaner', 1453.94, 10, 251),
(52, 'Wireless Bluetooth Earphones', 4524.07, 1, 168),
(53, 'Car Cover', 8325.95, 10, 94),
(54, 'Microwave Oven', 4257.85, 3, 176),
(55, 'Formal Shirt', 5954.76, 2, 252),
(56, 'Shoe Rack', 686.68, 9, 79),
(57, 'Badminton Racket', 6952.55, 6, 55),
(58, 'Cotton Kurta', 524.64, 2, 240),
(59, 'Yoga Mat', 1451.73, 6, 114),
(60, 'Leather Wallet', 923.04, 2, 113),
(61, 'Sugar 1kg', 4601.33, 8, 126),
(62, 'Body Lotion', 608.14, 5, 208),
(63, 'Portable Hard Drive', 7376.56, 1, 216),
(64, 'Badminton Racket', 2345.57, 6, 153),
(65, 'Laptop 15 inch', 1816.24, 1, 55),
(66, 'Slim Fit Jeans', 7388.96, 2, 137),
(67, 'The Power of Now', 6773.8, 4, 119),
(68, 'Puzzle Board', 8851.72, 7, 89),
(69, 'Wall Clock', 8672.25, 3, 134),
(70, 'The Psychology of Money', 5113.28, 4, 204),
(71, 'Bike Lock', 794.06, 10, 168),
(72, 'Smartphone 6.5 inch', 8159.5, 1, 264),
(73, 'Bike Lock', 843.94, 10, 186),
(74, 'Portable Hard Drive', 2349.69, 1, 133),
(75, 'Microwave Oven', 9323.31, 3, 262),
(76, 'Think Like a Monk', 7661.89, 4, 191),
(77, 'Spices Combo', 8976.33, 8, 89),
(78, 'Office Chair', 4202.63, 9, 146),
(79, 'LED Bulb 12W', 1529.01, 3, 124),
(80, 'Tool Kit Set', 2951.67, 10, 114),
(81, 'Formal Shirt', 9643.29, 2, 119),
(82, 'Air Freshener', 7344.73, 10, 26),
(83, 'The Power of Now', 8646.17, 4, 26),
(84, 'Yoga Mat', 3769.24, 6, 89),
(85, 'Ceramic Tea Set', 5797.39, 3, 54),
(86, 'Face Wash 150ml', 2989.65, 5, 194),
(87, 'Casual Sneakers', 5196.93, 2, 240),
(88, 'Sofa Set 3-Seater', 5984.9, 9, 226),
(89, 'Portable Hard Drive', 5997.37, 1, 199),
(90, 'Sofa Set 3-Seater', 1921.55, 9, 282),
(91, 'Non-stick Frying Pan', 9319.46, 3, 264),
(92, 'Think Like a Monk', 6924.42, 4, 80),
(93, 'Nail Polish Set', 9199.39, 5, 275),
(94, 'Plastic Action Figure', 6429.03, 7, 120),
(95, 'Stuffed Teddy Bear', 4635.12, 7, 145),
(96, 'Wireless Bluetooth Earphones', 6654.21, 1, 206),
(97, 'USB Flash Drive 64GB', 8750.9, 1, 183),
(98, 'Wired Keyboard', 233.84, 1, 247),
(99, 'Denim Jacket', 7518.7, 2, 160),
(100, 'Coffee Table', 2034.61, 9, 292),
(101, 'Sports Bag', 2464.73, 6, 248),
(102, 'Tennis Ball Pack', 3955.48, 6, 121),
(103, 'Bike Lock', 9008.55, 10, 275),
(104, 'Face Moisturizer', 1360.93, 5, 276),
(105, 'Gym Gloves', 8213.41, 6, 202),
(106, 'Aloe Vera Gel', 7329.81, 5, 253),
(107, 'Dinner Plate Set', 4143.33, 3, 97),
(108, 'Perfume Spray 100ml', 865.34, 5, 198),
(109, 'Football Size 5', 7574.05, 6, 194),
(110, 'Skipping Rope', 5962.68, 6, 24),
(111, 'Sunscreen SPF 50', 7831.81, 5, 232),
(112, 'Breakfast Cereal 1kg', 7563.75, 8, 294),
(113, 'Sunscreen SPF 50', 4356.63, 5, 265),
(114, 'Perfume Spray 100ml', 383.98, 5, 112),
(115, 'Building Blocks Set', 4900.89, 7, 28),
(116, 'Salt 1kg', 7853.83, 8, 138),
(117, 'Ceramic Tea Set', 9539.68, 3, 15),
(118, 'Hand Sanitizer 200ml', 437.16, 5, 127),
(119, 'Spices Combo', 3528.74, 8, 209),
(120, 'Car Wiper Blade', 981.27, 10, 183),
(121, 'Car Wiper Blade', 3371.17, 10, 100),
(122, 'Badminton Racket', 3695.83, 6, 108),
(123, 'Doll House', 3046.16, 7, 197),
(124, 'Skipping Rope', 1787.63, 6, 243),
(125, 'Coffee Table', 7390.68, 9, 169),
(126, 'The Psychology of Money', 4932.93, 4, 165),
(127, 'Doll House', 2370.01, 7, 124),
(128, 'Bookshelf 5-Tier', 4641.43, 9, 279),
(129, 'Car Cover', 1274.78, 10, 266),
(130, 'Cricket Bat', 4604.19, 6, 37),
(131, 'Remote Control Car', 5212.7, 7, 284),
(132, 'Dinner Plate Set', 3171.07, 3, 158),
(133, 'Marble Run Game', 165.41, 7, 58),
(134, 'Doll House', 3497.26, 7, 118),
(135, 'Spices Combo', 7071.87, 8, 294),
(136, 'Green Tea Pack', 6656.19, 8, 82),
(137, 'Face Wash 150ml', 8834.11, 5, 119),
(138, 'Remote Control Car', 5322.51, 7, 296),
(139, 'Marble Run Game', 9567.86, 7, 148),
(140, 'Shoe Rack', 7720.03, 9, 42),
(141, 'Green Tea Pack', 7616.77, 8, 98),
(142, 'Sapiens', 4515.83, 4, 220),
(143, 'Sports Cap', 538.39, 2, 16),
(144, 'Dry Fruits Mix 500g', 7979.48, 8, 54),
(145, 'Queen Size Bed', 7804.72, 9, 16),
(146, 'Office Chair', 1055.78, 9, 198),
(147, 'Woolen Scarf', 3049.55, 2, 246),
(148, 'Face Moisturizer', 5027.05, 5, 11),
(149, 'Cotton Kurta', 4565.23, 2, 221),
(150, 'Sports Cap', 8242.93, 2, 59),
(151, 'Formal Shirt', 7995.86, 2, 20),
(152, 'Ceramic Tea Set', 7376.52, 3, 50),
(153, 'Car Cover', 4920.43, 10, 217),
(154, 'Face Wash 150ml', 3289.14, 5, 224),
(155, 'Leather Wallet', 6993.18, 2, 198),
(156, 'Air Freshener', 4641.87, 10, 62),
(157, 'Spices Combo', 4688.68, 8, 270),
(158, 'Power Bank 10000mAh', 6503.29, 1, 11),
(159, 'Sofa Set 3-Seater', 4867.88, 9, 115),
(160, 'Yoga Mat', 4532.82, 6, 183),
(161, 'Cotton Round Neck T-Shirt', 5067.28, 2, 192),
(162, 'Bike Lock', 4646.4, 10, 41),
(163, 'Play Tent', 8109.59, 7, 140),
(164, 'Aloe Vera Gel', 187.08, 5, 284),
(165, 'Seat Cushion', 7040.49, 10, 113),
(166, 'Play Tent', 5517.2, 7, 219),
(167, 'Yoga Mat', 1839.32, 6, 218),
(168, 'Pressure Cooker 5L', 7387.13, 3, 163),
(169, 'Think Like a Monk', 9806.54, 4, 239),
(170, 'Stuffed Teddy Bear', 2892.46, 7, 37),
(171, 'Green Tea Pack', 1314.7, 8, 239),
(172, 'Yoga Mat', 4839.38, 6, 224),
(173, 'Hair Shampoo 500ml', 4515.83, 5, 231),
(174, 'Skipping Rope', 9000.38, 6, 289),
(175, 'Puzzle Board', 3849.34, 7, 14),
(176, 'Plastic Action Figure', 1919.17, 7, 106),
(177, 'Breakfast Cereal 1kg', 3431.41, 8, 100),
(178, 'Aloe Vera Gel', 4756.64, 5, 121),
(179, 'Body Lotion', 9020.28, 5, 243),
(180, 'Dinner Plate Set', 2161.33, 3, 277),
(181, 'Tool Kit Set', 5234.99, 10, 53),
(182, 'Shoe Rack', 9445.16, 9, 227),
(183, 'Stuffed Teddy Bear', 7580.88, 7, 226),
(184, 'Perfume Spray 100ml', 7678.15, 5, 180),
(185, 'Casual Sneakers', 6662.18, 2, 122),
(186, 'Wardrobe', 1488.63, 9, 291),
(187, 'Plastic Action Figure', 5387.6, 7, 242),
(188, 'Perfume Spray 100ml', 6321.77, 5, 77),
(189, 'Wardrobe', 9396.03, 9, 39),
(190, 'Bike Helmet', 8826.31, 10, 15),
(191, 'Car Vacuum Cleaner', 4686.86, 10, 212),
(192, 'Ikigai', 4757.54, 4, 109),
(193, 'Harry Potter and the Sorcerer’s Stone', 7880.16, 4, 159),
(194, 'Building Blocks Set', 4296.28, 7, 195),
(195, 'LED Bulb 12W', 2157.19, 3, 243),
(196, 'Puzzle Board', 2455.59, 7, 274),
(197, 'Toy Train', 8918.79, 7, 40),
(198, 'Coffee Table', 5246.95, 9, 198),
(199, 'Bookshelf 5-Tier', 4576.56, 9, 91),
(200, 'Badminton Racket', 3618.4, 6, 269),
(201, 'Basmati Rice 1kg', 4296.54, 8, 32),
(202, 'Woolen Scarf', 1582.7, 2, 247),
(203, 'Sunscreen SPF 50', 1989.22, 5, 85),
(204, 'Casual Sneakers', 3100.58, 2, 259),
(205, 'Tool Kit Set', 7789.46, 10, 134),
(206, 'Sunscreen SPF 50', 9325.67, 5, 187),
(207, 'Marble Run Game', 7256.58, 7, 239),
(208, 'Cotton Round Neck T-Shirt', 5555.6, 2, 146),
(209, 'Atomic Habits', 5965.6, 4, 96),
(210, 'Play Tent', 9744.0, 7, 74),
(211, 'Power Bank 10000mAh', 5099.68, 1, 130),
(212, 'Instant Coffee Jar', 7520.91, 8, 137),
(213, 'Body Lotion', 1756.18, 5, 148),
(214, 'Wireless Bluetooth Earphones', 9099.99, 1, 57),
(215, 'Wired Keyboard', 230.46, 1, 247),
(216, 'Portable Hard Drive', 6919.83, 1, 217),
(217, 'Non-stick Frying Pan', 9021.53, 3, 83),
(218, 'Sports Bag', 2104.69, 6, 183),
(219, 'Salt 1kg', 5844.69, 8, 37),
(220, 'Nail Polish Set', 3808.53, 5, 139),
(221, 'Cotton Kurta', 542.14, 2, 106),
(222, 'Harry Potter and the Sorcerer’s Stone', 5241.87, 4, 168),
(223, 'Wall Clock', 1601.63, 3, 63),
(224, 'Green Tea Pack', 7901.43, 8, 216),
(225, 'Doll House', 5017.61, 7, 100),
(226, 'Sugar 1kg', 1212.22, 8, 198),
(227, 'Green Tea Pack', 6703.55, 8, 201),
(228, 'Formal Shirt', 306.4, 2, 111),
(229, 'Slim Fit Jeans', 734.76, 2, 167),
(230, 'Sofa Set 3-Seater', 670.58, 9, 298),
(231, 'Power Bank 10000mAh', 4427.14, 1, 193),
(232, 'Coloring Kit', 2661.72, 7, 152),
(233, 'Basmati Rice 1kg', 5668.71, 8, 143),
(234, 'Laptop 15 inch', 5456.28, 1, 297),
(235, 'Yoga Mat', 6565.48, 6, 138),
(236, 'Printed Dress', 8439.98, 2, 213),
(237, 'Perfume Spray 100ml', 8742.31, 5, 265),
(238, 'Remote Control Car', 3256.55, 7, 145),
(239, 'Spices Combo', 681.67, 8, 163),
(240, 'Printed Dress', 4152.64, 2, 155),
(241, 'Ikigai', 1079.27, 4, 145),
(242, 'Pressure Cooker 5L', 3535.75, 3, 147),
(243, 'Seat Cushion', 1902.87, 10, 199),
(244, 'Doll House', 1587.84, 7, 205),
(245, 'Power Bank 10000mAh', 2640.47, 1, 94),
(246, 'Play Tent', 9089.95, 7, 207),
(247, 'Running Shorts', 5301.97, 6, 190),
(248, 'LED Bulb 12W', 6533.69, 3, 191),
(249, 'USB Flash Drive 64GB', 4005.8, 1, 40),
(250, 'Breakfast Cereal 1kg', 7230.87, 8, 108),
(251, 'Spices Combo', 7199.65, 8, 146),
(252, 'Woolen Scarf', 677.55, 2, 104),
(253, 'Sugar 1kg', 8007.13, 8, 95),
(254, 'The Power of Now', 3791.35, 4, 114),
(255, 'Think Like a Monk', 6432.94, 4, 285),
(256, 'Smart LED TV 43 inch', 7872.49, 1, 282),
(257, 'Office Chair', 6191.54, 9, 120),
(258, 'Aloe Vera Gel', 2385.92, 5, 202),
(259, 'Atomic Habits', 6520.85, 4, 241),
(260, 'Shoe Rack', 6395.13, 9, 78),
(261, 'Air Freshener', 2740.62, 10, 170),
(262, 'Wheat Flour 5kg', 9455.87, 8, 284),
(263, 'Body Lotion', 7735.75, 5, 194),
(264, 'Sports Cap', 4733.81, 2, 137),
(265, 'Running Shorts', 345.04, 6, 77),
(266, 'Skipping Rope', 4031.58, 6, 48),
(267, 'Stainless Steel Water Bottle', 4517.91, 3, 54),
(268, 'Sports Cap', 8512.44, 2, 182),
(269, 'Wardrobe', 9314.17, 9, 113),
(270, 'Spices Combo', 2439.52, 8, 276),
(271, 'Wardrobe', 2475.4, 9, 279),
(272, 'Basmati Rice 1kg', 9846.6, 8, 258),
(273, 'Wooden Dining Table', 4853.33, 9, 261),
(274, 'Body Lotion', 7594.64, 5, 172),
(275, 'Wooden Spice Rack', 1492.95, 3, 245),
(276, 'LED Bulb 12W', 4641.11, 3, 80),
(277, 'Seat Cushion', 7185.14, 10, 29),
(278, 'Hair Shampoo 500ml', 3354.42, 5, 82),
(279, 'Leather Wallet', 4237.27, 2, 54),
(280, 'Hand Sanitizer 200ml', 2555.73, 5, 185),
(281, 'Woolen Scarf', 8964.28, 2, 220),
(282, 'Cotton Kurta', 2376.58, 2, 117),
(283, 'Hair Shampoo 500ml', 1678.54, 5, 153),
(284, 'Ceramic Tea Set', 5547.85, 3, 281),
(285, 'Doll House', 3723.83, 7, 165),
(286, 'USB Flash Drive 64GB', 3837.32, 1, 81),
(287, 'Formal Shirt', 5452.2, 2, 142),
(288, 'Remote Control Car', 2674.86, 7, 31),
(289, 'Refined Oil 1L', 8272.24, 8, 30),
(290, 'Sports Bag', 141.41, 6, 179),
(291, 'Stuffed Teddy Bear', 4497.47, 7, 99),
(292, 'Smart Watch', 118.3, 1, 245),
(293, 'Basmati Rice 1kg', 2816.58, 8, 167),
(294, 'Rich Dad Poor Dad', 5321.43, 4, 96),
(295, 'Car Tyre', 8836.9, 10, 112),
(296, 'Marble Run Game', 5072.29, 7, 268),
(297, 'Wireless Bluetooth Earphones', 794.88, 1, 254),
(298, 'Laptop 15 inch', 9811.04, 1, 136),
(299, 'Play Tent', 7044.08, 7, 134),
(300, 'Toy Train', 6279.13, 7, 42),
(301, 'Power Bank 10000mAh', 6697.54, 1, 121),
(302, 'Plastic Action Figure', 7934.68, 7, 259),
(303, 'Non-stick Frying Pan', 4765.62, 3, 122),
(304, 'Yoga Mat', 8075.31, 6, 221),
(305, 'Sports Cap', 3700.38, 2, 113),
(306, 'Breakfast Cereal 1kg', 7443.49, 8, 34),
(307, 'The Psychology of Money', 2446.22, 4, 222),
(308, 'Ikigai', 5665.62, 4, 72),
(309, 'Smartphone 6.5 inch', 6171.11, 1, 123),
(310, 'Sofa Set 3-Seater', 5933.09, 9, 215),
(311, 'Wall Clock', 2058.98, 3, 271),
(312, 'Bluetooth Speaker', 5035.04, 1, 23),
(313, 'Formal Shirt', 1198.59, 2, 188),
(314, 'Basmati Rice 1kg', 7050.92, 8, 69),
(315, 'Wardrobe', 9969.81, 9, 229),
(316, 'Nail Polish Set', 2842.74, 5, 23),
(317, 'Woolen Scarf', 3148.32, 2, 257),
(318, 'Seat Cushion', 604.64, 10, 52),
(319, 'USB Flash Drive 64GB', 3477.88, 1, 222),
(320, 'Car Wiper Blade', 534.74, 10, 185),
(321, 'Sports Bag', 3313.54, 6, 292),
(322, 'Bike Helmet', 8423.73, 10, 41),
(323, 'Seat Cushion', 2384.09, 10, 127),
(324, 'Ceramic Tea Set', 157.61, 3, 117),
(325, 'Building Blocks Set', 6815.22, 7, 228),
(326, 'Ikigai', 8823.4, 4, 226),
(327, 'Salt 1kg', 6821.84, 8, 265),
(328, 'Think Like a Monk', 6748.46, 4, 187),
(329, 'Plastic Action Figure', 4524.06, 7, 118),
(330, 'Leather Wallet', 860.88, 2, 26),
(331, 'Wardrobe', 9259.34, 9, 18),
(332, 'Hand Sanitizer 200ml', 9181.18, 5, 16),
(333, 'The Alchemist', 7014.57, 4, 156),
(334, 'Dry Fruits Mix 500g', 8940.19, 8, 10),
(335, 'Perfume Spray 100ml', 5775.51, 5, 191),
(336, 'TV Unit', 6469.46, 9, 288),
(337, 'Dry Fruits Mix 500g', 3994.68, 8, 237),
(338, 'Seat Cushion', 8162.03, 10, 215),
(339, 'Bike Helmet', 8602.1, 10, 250),
(340, 'Stuffed Teddy Bear', 9818.49, 7, 237),
(341, 'Wheat Flour 5kg', 5449.89, 8, 77),
(342, 'Sports Cap', 8419.2, 2, 85),
(343, 'Basmati Rice 1kg', 621.27, 8, 103),
(344, 'Yoga Mat', 361.98, 6, 41),
(345, 'Wall Clock', 8177.82, 3, 292),
(346, 'Laptop 15 inch', 5677.54, 1, 12),
(347, 'Skipping Rope', 5043.18, 6, 125),
(348, 'Air Freshener', 7611.02, 10, 196),
(349, 'Bike Helmet', 4445.08, 10, 42),
(350, 'Casual Sneakers', 2364.57, 2, 74),
(351, 'Slim Fit Jeans', 8250.12, 2, 27),
(352, 'Ceramic Tea Set', 8129.01, 3, 211),
(353, 'Atomic Habits', 6292.83, 4, 13),
(354, 'Yoga Mat', 2486.16, 6, 255),
(355, 'Wheat Flour 5kg', 9625.62, 8, 188),
(356, 'Lip Balm', 5014.98, 5, 171),
(357, 'Breakfast Cereal 1kg', 5735.3, 8, 46),
(358, 'Face Moisturizer', 8672.23, 5, 131),
(359, 'Wooden Dining Table', 2147.81, 9, 172),
(360, 'Shoe Rack', 5333.15, 9, 62),
(361, 'Face Wash 150ml', 7983.41, 5, 148),
(362, 'Wall Clock', 4539.48, 3, 160),
(363, 'Sapiens', 9693.85, 4, 54),
(364, 'Smart Watch', 7584.58, 1, 167),
(365, 'Refined Oil 1L', 8162.81, 8, 86),
(366, 'Breakfast Cereal 1kg', 4731.44, 8, 140),
(367, 'Tennis Ball Pack', 332.43, 6, 289),
(368, 'Cricket Bat', 2706.71, 6, 196),
(369, 'Wooden Dining Table', 2641.96, 9, 220),
(370, 'Laptop 15 inch', 1852.38, 1, 185),
(371, 'Badminton Racket', 7772.32, 6, 294),
(372, 'Refined Oil 1L', 4898.82, 8, 154),
(373, 'Car Tyre', 7416.47, 10, 232),
(374, 'Water Bottle 1L', 6878.31, 6, 12),
(375, 'Sports Bag', 9510.0, 6, 254),
(376, 'Power Bank 10000mAh', 6855.11, 1, 105),
(377, 'Dinner Plate Set', 6464.16, 3, 16),
(378, 'The Alchemist', 898.05, 4, 98),
(379, 'Harry Potter and the Sorcerer’s Stone', 715.85, 4, 292),
(380, 'Car Vacuum Cleaner', 918.15, 10, 272),
(381, 'Sports Cap', 9062.58, 2, 174),
(382, 'Stuffed Teddy Bear', 7845.86, 7, 176),
(383, 'LED Bulb 12W', 6176.31, 3, 103),
(384, 'Skipping Rope', 7889.61, 6, 239),
(385, 'Leather Wallet', 1763.32, 2, 166),
(386, 'Basmati Rice 1kg', 7957.12, 8, 82),
(387, 'Wings of Fire', 6767.54, 4, 123),
(388, 'Atomic Habits', 3833.12, 4, 283),
(389, 'Marble Run Game', 3603.62, 7, 171),
(390, 'Laptop 15 inch', 5013.94, 1, 164),
(391, 'Wooden Dining Table', 9019.71, 9, 298),
(392, 'Running Shorts', 3586.87, 6, 72),
(393, 'Hand Sanitizer 200ml', 3010.9, 5, 131),
(394, 'Air Freshener', 3313.81, 10, 173),
(395, 'Face Wash 150ml', 9803.12, 5, 109),
(396, 'Wooden Spice Rack', 9054.09, 3, 161),
(397, 'Sugar 1kg', 4783.83, 8, 139),
(398, 'Office Chair', 3472.76, 9, 256),
(399, 'Tool Kit Set', 6000.76, 10, 61),
(400, 'Car Cover', 1521.09, 10, 296),
(401, 'Puzzle Board', 9398.78, 7, 20),
(402, 'Smart Watch', 9886.45, 1, 13),
(403, 'Yoga Mat', 8909.92, 6, 216),
(404, 'Smart LED TV 43 inch', 2477.95, 1, 291),
(405, 'Hand Sanitizer 200ml', 3861.19, 5, 24),
(406, 'Wireless Bluetooth Earphones', 4313.83, 1, 242),
(407, 'Toy Train', 5227.71, 7, 163),
(408, 'Printed Dress', 9582.99, 2, 18),
(409, 'Body Lotion', 5647.01, 5, 17),
(410, 'The Power of Now', 2269.65, 4, 20),
(411, 'Woolen Scarf', 7444.96, 2, 215),
(412, 'Water Bottle 1L', 5759.14, 6, 203),
(413, 'Portable Hard Drive', 715.89, 1, 280),
(414, 'Football Size 5', 5519.2, 6, 245),
(415, 'Pressure Cooker 5L', 7619.87, 3, 147),
(416, 'Air Freshener', 3959.09, 10, 11),
(417, 'Pressure Cooker 5L', 883.59, 3, 163),
(418, 'Wheat Flour 5kg', 7466.89, 8, 296),
(419, 'Face Wash 150ml', 2257.64, 5, 83),
(420, 'Hand Sanitizer 200ml', 2859.3, 5, 131),
(421, 'Cotton Kurta', 1153.83, 2, 29),
(422, 'Smartphone 6.5 inch', 9452.63, 1, 252),
(423, 'Smart Watch', 6577.43, 1, 177),
(424, 'Smart LED TV 43 inch', 1216.24, 1, 211),
(425, 'Toy Train', 1777.36, 7, 199),
(426, 'The Alchemist', 2665.59, 4, 137),
(427, 'Leather Wallet', 233.47, 2, 267),
(428, 'Nail Polish Set', 6267.16, 5, 219),
(429, 'Lip Balm', 7506.55, 5, 279),
(430, 'Football Size 5', 3656.5, 6, 35),
(431, 'Electric Kettle', 1503.82, 3, 92),
(432, 'Wooden Dining Table', 3460.76, 9, 211),
(433, 'Sugar 1kg', 3973.82, 8, 125),
(434, 'Coloring Kit', 248.27, 7, 135),
(435, 'Air Freshener', 5359.61, 10, 73),
(436, 'Denim Jacket', 9847.52, 2, 29),
(437, 'Sunscreen SPF 50', 6421.18, 5, 226),
(438, 'Cotton Round Neck T-Shirt', 2332.95, 2, 18),
(439, 'Cricket Bat', 876.1, 6, 189),
(440, 'Badminton Racket', 3149.68, 6, 237),
(441, 'Queen Size Bed', 5502.08, 9, 217),
(442, 'Harry Potter and the Sorcerer’s Stone', 4995.47, 4, 231),
(443, 'Badminton Racket', 1517.22, 6, 211),
(444, 'Smart Watch', 7289.65, 1, 69),
(445, 'The Psychology of Money', 6886.52, 4, 28),
(446, 'Car Tyre', 1936.55, 10, 52),
(447, 'Wireless Bluetooth Earphones', 1075.36, 1, 146),
(448, 'Smart Watch', 7508.06, 1, 19),
(449, 'Dinner Plate Set', 352.98, 3, 272),
(450, 'Microwave Oven', 5105.9, 3, 129),
(451, 'Smart LED TV 43 inch', 4400.78, 1, 239),
(452, 'Wings of Fire', 7000.05, 4, 24),
(453, 'Running Shorts', 5288.78, 6, 65),
(454, 'Breakfast Cereal 1kg', 8688.07, 8, 260),
(455, 'Basmati Rice 1kg', 8878.81, 8, 53),
(456, 'Stuffed Teddy Bear', 7563.97, 7, 181),
(457, 'Basmati Rice 1kg', 3931.09, 8, 161),
(458, 'Denim Jacket', 8928.11, 2, 120),
(459, 'Coloring Kit', 4426.77, 7, 39),
(460, 'Hair Shampoo 500ml', 3798.65, 5, 48),
(461, 'Denim Jacket', 4356.23, 2, 118),
(462, 'Play Tent', 4452.3, 7, 270),
(463, 'Bookshelf 5-Tier', 2149.25, 9, 21),
(464, 'Dinner Plate Set', 965.26, 3, 273),
(465, 'Car Vacuum Cleaner', 8107.78, 10, 170),
(466, 'Doll House', 6315.97, 7, 100),
(467, 'Spices Combo', 7086.2, 8, 113),
(468, 'Toy Train', 8201.63, 7, 50),
(469, 'Plastic Action Figure', 1049.93, 7, 57),
(470, 'Rich Dad Poor Dad', 7006.12, 4, 75),
(471, 'Sunscreen SPF 50', 8630.25, 5, 114),
(472, 'Lip Balm', 9595.91, 5, 69),
(473, 'Water Bottle 1L', 801.69, 6, 238),
(474, 'Sapiens', 4643.89, 4, 168),
(475, 'Perfume Spray 100ml', 770.02, 5, 284),
(476, 'Gym Gloves', 5668.23, 6, 168),
(477, 'Sapiens', 4924.53, 4, 57),
(478, 'Laptop 15 inch', 4984.07, 1, 20),
(479, 'Perfume Spray 100ml', 6748.69, 5, 57),
(480, 'Cricket Bat', 4326.62, 6, 297),
(481, 'Portable Hard Drive', 6883.7, 1, 274),
(482, 'Gym Gloves', 3122.11, 6, 102),
(483, 'Gym Gloves', 6298.21, 6, 39),
(484, 'Cotton Round Neck T-Shirt', 6103.73, 2, 243),
(485, 'The Power of Now', 6540.83, 4, 54),
(486, 'Wooden Dining Table', 5954.16, 9, 276),
(487, 'Play Tent', 6213.19, 7, 178),
(488, 'Doll House', 3365.77, 7, 98),
(489, 'Remote Control Car', 766.46, 7, 218),
(490, 'Water Bottle 1L', 7328.92, 6, 113),
(491, 'Bookshelf 5-Tier', 7330.64, 9, 75),
(492, 'Cricket Bat', 1109.67, 6, 110),
(493, 'Wall Clock', 4301.0, 3, 103),
(494, 'Microwave Oven', 7236.34, 3, 150),
(495, 'Sapiens', 7615.39, 4, 278),
(496, 'Wooden Spice Rack', 8061.36, 3, 179),
(497, 'Car Vacuum Cleaner', 4950.67, 10, 164),
(498, 'Denim Jacket', 7745.91, 2, 271),
(499, 'Aloe Vera Gel', 6768.85, 5, 247),
(500, 'Seat Cushion', 3821.53, 10, 115);

INSERT INTO product_discounts (discount_id, product_id, discount_percent, start_date, end_date) VALUES
(1, 1, 32.09, '2024-01-16', '2024-04-02'),
(2, 2, 32.79, '2024-07-06', '2024-09-16'),
(3, 3, 23.21, '2024-04-15', '2024-05-17'),
(4, 4, 19.78, '2024-06-17', '2024-09-07'),
(5, 5, 18.51, '2024-09-25', '2024-12-09'),
(6, 6, 7.99, '2024-08-22', '2024-10-11'),
(7, 7, 42.99, '2024-02-26', '2024-05-06'),
(8, 8, 32.1, '2024-07-19', '2024-09-26'),
(9, 9, 11.8, '2024-10-03', '2024-11-26'),
(10, 10, 29.85, '2024-05-12', '2024-06-21'),
(11, 11, 36.02, '2024-10-21', '2024-11-07'),
(12, 12, 21.93, '2024-01-16', '2024-03-14'),
(13, 13, 16.66, '2024-08-22', '2024-10-20'),
(14, 14, 7.21, '2024-04-02', '2024-05-28'),
(15, 15, 34.94, '2024-01-06', '2024-03-28'),
(16, 16, 7.53, '2024-07-22', '2024-08-28'),
(17, 17, 46.32, '2024-09-16', '2024-10-03'),
(18, 18, 39.4, '2024-05-12', '2024-07-02'),
(19, 19, 21.35, '2024-08-17', '2024-11-05'),
(20, 20, 27.27, '2024-08-14', '2024-10-29'),
(21, 21, 32.14, '2024-05-21', '2024-06-24'),
(22, 22, 17.28, '2024-08-08', '2024-09-27'),
(23, 23, 13.67, '2024-04-19', '2024-05-27'),
(24, 24, 41.32, '2024-12-03', '2025-01-04'),
(25, 25, 12.45, '2024-04-19', '2024-07-15'),
(26, 26, 47.34, '2024-09-16', '2024-12-02'),
(27, 27, 25.38, '2024-04-10', '2024-05-22'),
(28, 28, 47.36, '2024-02-07', '2024-05-06'),
(29, 29, 11.99, '2024-09-22', '2024-11-19'),
(30, 30, 21.63, '2024-11-28', '2025-02-15'),
(31, 31, 48.36, '2024-01-11', '2024-03-20'),
(32, 32, 23.21, '2024-08-24', '2024-11-18'),
(33, 33, 12.72, '2024-02-16', '2024-04-19'),
(34, 34, 39.8, '2024-11-20', '2025-01-13'),
(35, 35, 34.8, '2024-03-18', '2024-04-24'),
(36, 36, 44.28, '2024-02-13', '2024-03-15'),
(37, 37, 27.09, '2024-11-07', '2024-11-24'),
(38, 38, 38.39, '2024-10-01', '2024-11-20'),
(39, 39, 13.66, '2024-01-14', '2024-03-18'),
(40, 40, 5.41, '2024-06-25', '2024-08-16'),
(41, 41, 28.82, '2024-10-06', '2024-10-23'),
(42, 42, 7.22, '2024-03-26', '2024-05-11'),
(43, 43, 48.07, '2024-09-17', '2024-10-27'),
(44, 44, 34.79, '2024-04-08', '2024-06-25'),
(45, 45, 36.26, '2024-01-12', '2024-03-06'),
(46, 46, 37.99, '2024-06-19', '2024-07-29'),
(47, 47, 22.94, '2024-10-25', '2024-12-10'),
(48, 48, 24.47, '2024-07-06', '2024-08-15'),
(49, 49, 38.75, '2024-01-23', '2024-03-15'),
(50, 50, 32.81, '2024-08-28', '2024-10-23'),
(51, 51, 43.55, '2024-04-10', '2024-05-08'),
(52, 52, 40.88, '2024-12-15', '2025-01-04'),
(53, 53, 10.2, '2024-06-05', '2024-08-24'),
(54, 54, 17.63, '2024-08-16', '2024-11-13'),
(55, 55, 25.07, '2024-09-14', '2024-10-23'),
(56, 56, 10.37, '2024-06-08', '2024-06-27'),
(57, 57, 16.49, '2024-01-22', '2024-02-09'),
(58, 58, 21.96, '2024-02-14', '2024-03-28'),
(59, 59, 15.89, '2024-02-24', '2024-05-16'),
(60, 60, 30.8, '2024-03-11', '2024-04-26'),
(61, 61, 20.55, '2024-07-21', '2024-08-09'),
(62, 62, 33.76, '2024-07-13', '2024-09-17'),
(63, 63, 31.24, '2024-07-02', '2024-07-24'),
(64, 64, 10.96, '2024-03-19', '2024-04-25'),
(65, 65, 6.9, '2024-09-27', '2024-11-26'),
(66, 66, 20.03, '2024-11-24', '2025-01-07'),
(67, 67, 30.37, '2024-06-11', '2024-07-12'),
(68, 68, 46.09, '2024-01-03', '2024-02-13'),
(69, 69, 42.0, '2024-07-07', '2024-08-30'),
(70, 70, 15.16, '2024-01-09', '2024-03-28'),
(71, 71, 9.39, '2024-10-16', '2024-12-23'),
(72, 72, 27.95, '2024-10-18', '2024-12-06'),
(73, 73, 26.82, '2024-11-07', '2025-01-23'),
(74, 74, 17.16, '2024-08-11', '2024-09-26'),
(75, 75, 32.85, '2024-11-14', '2024-12-12'),
(76, 76, 42.73, '2024-10-21', '2024-11-27'),
(77, 77, 17.88, '2024-07-03', '2024-08-26'),
(78, 78, 38.15, '2024-01-11', '2024-03-08'),
(79, 79, 24.87, '2024-05-23', '2024-06-30'),
(80, 80, 24.11, '2024-04-24', '2024-07-10'),
(81, 81, 33.17, '2024-12-16', '2025-02-25'),
(82, 82, 40.25, '2024-01-25', '2024-04-08'),
(83, 83, 13.94, '2024-07-17', '2024-08-12'),
(84, 84, 21.17, '2024-02-14', '2024-03-10'),
(85, 85, 38.47, '2024-11-24', '2025-01-06'),
(86, 86, 25.17, '2024-12-18', '2025-01-09'),
(87, 87, 14.84, '2024-10-02', '2024-11-28'),
(88, 88, 21.72, '2024-07-08', '2024-08-18'),
(89, 89, 31.06, '2024-11-05', '2025-01-30'),
(90, 90, 17.13, '2024-08-01', '2024-09-13'),
(91, 91, 35.83, '2024-10-16', '2024-11-04'),
(92, 92, 39.71, '2024-09-23', '2024-11-02'),
(93, 93, 19.22, '2024-03-26', '2024-06-04'),
(94, 94, 32.53, '2024-03-03', '2024-04-30'),
(95, 95, 30.08, '2024-12-14', '2025-03-08'),
(96, 96, 26.78, '2024-04-12', '2024-06-19'),
(97, 97, 33.35, '2024-04-14', '2024-07-05'),
(98, 98, 5.12, '2024-03-11', '2024-05-09'),
(99, 99, 38.26, '2024-10-10', '2024-12-13'),
(100, 100, 17.34, '2024-02-10', '2024-04-10'),
(101, 101, 31.07, '2024-04-26', '2024-05-31'),
(102, 102, 32.33, '2024-10-26', '2024-12-11'),
(103, 103, 34.9, '2024-07-16', '2024-08-22'),
(104, 104, 36.51, '2024-10-01', '2024-12-23'),
(105, 105, 49.16, '2024-11-20', '2025-02-15'),
(106, 106, 34.68, '2024-04-25', '2024-07-09'),
(107, 107, 44.21, '2024-05-11', '2024-06-30'),
(108, 108, 28.5, '2024-02-19', '2024-03-21'),
(109, 109, 26.47, '2024-06-08', '2024-07-13'),
(110, 110, 12.8, '2024-06-14', '2024-08-02'),
(111, 111, 10.42, '2024-12-18', '2025-02-22'),
(112, 112, 15.34, '2024-09-09', '2024-11-21'),
(113, 113, 8.92, '2024-07-10', '2024-08-07'),
(114, 114, 49.87, '2024-07-23', '2024-09-23'),
(115, 115, 20.1, '2024-08-27', '2024-11-15'),
(116, 116, 43.91, '2024-08-03', '2024-08-30'),
(117, 117, 32.39, '2024-04-09', '2024-05-19'),
(118, 118, 49.34, '2024-05-11', '2024-07-07'),
(119, 119, 17.0, '2024-11-14', '2025-01-05'),
(120, 120, 14.03, '2024-12-16', '2025-02-01'),
(121, 121, 38.86, '2024-04-21', '2024-06-26'),
(122, 122, 39.63, '2024-02-26', '2024-05-20'),
(123, 123, 43.15, '2024-12-26', '2025-03-08'),
(124, 124, 42.86, '2024-10-15', '2024-12-12'),
(125, 125, 38.43, '2024-06-05', '2024-07-26'),
(126, 126, 31.84, '2024-04-24', '2024-06-23'),
(127, 127, 6.43, '2024-07-19', '2024-09-20'),
(128, 128, 34.35, '2024-04-24', '2024-07-19'),
(129, 129, 23.87, '2024-03-05', '2024-05-09'),
(130, 130, 47.88, '2024-11-18', '2025-01-24'),
(131, 131, 23.48, '2024-12-09', '2025-01-08'),
(132, 132, 38.21, '2024-12-07', '2025-01-24'),
(133, 133, 29.15, '2024-01-23', '2024-04-15'),
(134, 134, 37.97, '2024-06-25', '2024-09-02'),
(135, 135, 6.58, '2024-02-02', '2024-03-18'),
(136, 136, 10.51, '2024-12-23', '2025-02-24'),
(137, 137, 29.95, '2024-11-01', '2024-12-10'),
(138, 138, 23.29, '2024-08-15', '2024-10-27'),
(139, 139, 16.73, '2024-01-22', '2024-04-14'),
(140, 140, 8.93, '2024-01-12', '2024-03-22'),
(141, 141, 29.87, '2024-01-08', '2024-04-01'),
(142, 142, 20.24, '2024-07-05', '2024-09-17'),
(143, 143, 32.15, '2024-08-14', '2024-10-20'),
(144, 144, 36.48, '2024-04-03', '2024-05-05'),
(145, 145, 48.65, '2024-02-04', '2024-03-08'),
(146, 146, 6.46, '2024-03-18', '2024-06-03'),
(147, 147, 35.54, '2024-09-05', '2024-09-29'),
(148, 148, 7.49, '2024-09-20', '2024-10-16'),
(149, 149, 34.0, '2024-09-20', '2024-12-17'),
(150, 150, 46.02, '2024-06-01', '2024-08-25'),
(151, 151, 24.94, '2024-10-13', '2024-12-13'),
(152, 152, 15.95, '2024-07-26', '2024-10-12'),
(153, 153, 32.98, '2024-05-19', '2024-07-20'),
(154, 154, 30.17, '2024-06-28', '2024-09-18'),
(155, 155, 26.98, '2024-04-07', '2024-04-28'),
(156, 156, 42.7, '2024-05-06', '2024-07-26'),
(157, 157, 26.06, '2024-03-17', '2024-04-13'),
(158, 158, 44.45, '2024-02-28', '2024-03-19'),
(159, 159, 8.22, '2024-12-19', '2025-01-13'),
(160, 160, 32.1, '2024-03-08', '2024-03-26'),
(161, 161, 37.62, '2024-06-16', '2024-08-11'),
(162, 162, 39.24, '2024-03-18', '2024-06-03'),
(163, 163, 23.37, '2024-10-24', '2024-12-08'),
(164, 164, 33.63, '2024-09-13', '2024-11-04'),
(165, 165, 15.65, '2024-06-12', '2024-07-15'),
(166, 166, 32.16, '2024-01-26', '2024-03-12'),
(167, 167, 46.67, '2024-06-18', '2024-08-12'),
(168, 168, 17.8, '2024-06-16', '2024-07-24'),
(169, 169, 11.2, '2024-07-03', '2024-09-02'),
(170, 170, 6.92, '2024-02-28', '2024-04-01'),
(171, 171, 45.42, '2024-08-15', '2024-09-24'),
(172, 172, 14.74, '2024-05-22', '2024-08-02'),
(173, 173, 44.71, '2024-11-07', '2025-01-23'),
(174, 174, 46.63, '2024-03-14', '2024-06-12'),
(175, 175, 24.37, '2024-12-26', '2025-01-24'),
(176, 176, 37.87, '2024-07-01', '2024-09-09'),
(177, 177, 25.44, '2024-12-26', '2025-01-22'),
(178, 178, 32.0, '2024-03-27', '2024-04-25'),
(179, 179, 22.95, '2024-07-28', '2024-10-03'),
(180, 180, 9.28, '2024-03-01', '2024-04-10'),
(181, 181, 16.68, '2024-05-24', '2024-08-10'),
(182, 182, 47.3, '2024-12-22', '2025-02-01'),
(183, 183, 10.43, '2024-04-15', '2024-07-12'),
(184, 184, 26.34, '2024-09-11', '2024-11-20'),
(185, 185, 40.33, '2024-07-16', '2024-10-09'),
(186, 186, 9.15, '2024-01-14', '2024-02-19'),
(187, 187, 48.93, '2024-03-16', '2024-05-05'),
(188, 188, 47.37, '2024-03-17', '2024-04-04'),
(189, 189, 18.33, '2024-03-27', '2024-05-29'),
(190, 190, 7.45, '2024-04-27', '2024-07-16'),
(191, 191, 31.85, '2024-07-28', '2024-09-09'),
(192, 192, 42.57, '2024-06-04', '2024-08-10'),
(193, 193, 32.02, '2024-10-09', '2024-11-04'),
(194, 194, 39.62, '2024-10-11', '2024-11-07'),
(195, 195, 45.11, '2024-05-13', '2024-06-28'),
(196, 196, 45.35, '2024-05-17', '2024-07-25'),
(197, 197, 33.8, '2024-05-28', '2024-08-17'),
(198, 198, 20.64, '2024-06-10', '2024-08-22'),
(199, 199, 19.42, '2024-11-20', '2025-02-01'),
(200, 200, 11.05, '2024-04-06', '2024-04-28'),
(201, 201, 47.17, '2024-06-12', '2024-08-03'),
(202, 202, 44.27, '2024-10-26', '2024-11-14'),
(203, 203, 24.42, '2024-10-10', '2024-11-21'),
(204, 204, 24.38, '2024-11-18', '2025-01-07'),
(205, 205, 39.3, '2024-07-03', '2024-07-29'),
(206, 206, 20.04, '2024-11-10', '2025-01-14'),
(207, 207, 48.03, '2024-08-05', '2024-10-19'),
(208, 208, 20.45, '2024-10-04', '2024-10-21'),
(209, 209, 46.87, '2024-06-05', '2024-08-01'),
(210, 210, 13.31, '2024-10-09', '2024-12-28'),
(211, 211, 9.1, '2024-07-07', '2024-08-04'),
(212, 212, 22.43, '2024-10-21', '2024-12-22'),
(213, 213, 16.75, '2024-02-23', '2024-05-22'),
(214, 214, 9.9, '2024-10-17', '2025-01-03'),
(215, 215, 30.38, '2024-12-12', '2024-12-27'),
(216, 216, 48.39, '2024-06-15', '2024-08-19'),
(217, 217, 21.57, '2024-02-02', '2024-04-02'),
(218, 218, 37.43, '2024-06-02', '2024-07-08'),
(219, 219, 36.59, '2024-06-24', '2024-09-03'),
(220, 220, 13.54, '2024-09-22', '2024-12-15'),
(221, 221, 17.13, '2024-04-09', '2024-05-09'),
(222, 222, 22.82, '2024-12-23', '2025-02-14'),
(223, 223, 6.1, '2024-11-06', '2025-02-02'),
(224, 224, 29.36, '2024-03-28', '2024-05-14'),
(225, 225, 38.71, '2024-11-14', '2024-12-16'),
(226, 226, 17.01, '2024-05-21', '2024-06-22'),
(227, 227, 15.32, '2024-02-22', '2024-03-29'),
(228, 228, 42.04, '2024-07-25', '2024-08-30'),
(229, 229, 22.95, '2024-05-09', '2024-08-01'),
(230, 230, 12.2, '2024-11-01', '2024-12-29'),
(231, 231, 43.72, '2024-05-17', '2024-08-15'),
(232, 232, 43.72, '2024-08-28', '2024-10-28'),
(233, 233, 46.06, '2024-10-27', '2024-12-05'),
(234, 234, 46.33, '2024-11-05', '2024-11-24'),
(235, 235, 10.42, '2024-11-26', '2025-02-12'),
(236, 236, 9.34, '2024-09-24', '2024-11-06'),
(237, 237, 5.46, '2024-02-06', '2024-03-07'),
(238, 238, 47.12, '2024-08-12', '2024-09-10'),
(239, 239, 34.71, '2024-11-02', '2025-01-16'),
(240, 240, 34.47, '2024-11-06', '2024-11-25'),
(241, 241, 22.35, '2024-03-15', '2024-06-05'),
(242, 242, 14.67, '2024-10-02', '2024-11-16'),
(243, 243, 31.92, '2024-08-22', '2024-09-18'),
(244, 244, 48.3, '2024-06-22', '2024-07-23'),
(245, 245, 44.37, '2024-07-24', '2024-08-11'),
(246, 246, 15.64, '2024-07-16', '2024-09-23'),
(247, 247, 16.12, '2024-02-01', '2024-04-16'),
(248, 248, 15.31, '2024-04-17', '2024-07-03'),
(249, 249, 25.97, '2024-05-06', '2024-06-05'),
(250, 250, 45.87, '2024-09-07', '2024-10-21'),
(251, 251, 47.39, '2024-07-07', '2024-10-05'),
(252, 252, 35.51, '2024-01-12', '2024-03-11'),
(253, 253, 40.8, '2024-01-24', '2024-02-11'),
(254, 254, 18.13, '2024-01-17', '2024-03-23'),
(255, 255, 37.73, '2024-09-14', '2024-11-23'),
(256, 256, 39.04, '2024-04-22', '2024-06-24'),
(257, 257, 32.59, '2024-05-06', '2024-06-05'),
(258, 258, 32.16, '2024-08-05', '2024-08-27'),
(259, 259, 26.9, '2024-10-23', '2024-11-30'),
(260, 260, 13.97, '2024-06-24', '2024-09-05'),
(261, 261, 27.48, '2024-08-18', '2024-10-13'),
(262, 262, 42.55, '2024-08-22', '2024-11-09'),
(263, 263, 26.67, '2024-02-22', '2024-04-19'),
(264, 264, 45.04, '2024-08-06', '2024-10-24'),
(265, 265, 25.01, '2024-01-19', '2024-02-15'),
(266, 266, 16.94, '2024-07-07', '2024-10-05'),
(267, 267, 18.97, '2024-01-13', '2024-02-24'),
(268, 268, 14.58, '2024-08-25', '2024-09-19'),
(269, 269, 35.07, '2024-04-15', '2024-06-06'),
(270, 270, 28.47, '2024-11-14', '2024-12-06'),
(271, 271, 45.35, '2024-01-05', '2024-03-17'),
(272, 272, 43.19, '2024-12-05', '2025-01-20'),
(273, 273, 26.47, '2024-09-03', '2024-11-08'),
(274, 274, 12.2, '2024-07-18', '2024-08-26'),
(275, 275, 39.79, '2024-10-07', '2024-12-04'),
(276, 276, 22.08, '2024-04-12', '2024-05-03'),
(277, 277, 23.53, '2024-04-23', '2024-06-06'),
(278, 278, 12.36, '2024-04-03', '2024-06-30'),
(279, 279, 47.54, '2024-05-08', '2024-07-09'),
(280, 280, 13.54, '2024-06-03', '2024-07-19'),
(281, 281, 48.42, '2024-12-13', '2025-01-13'),
(282, 282, 32.96, '2024-12-26', '2025-01-12'),
(283, 283, 26.76, '2024-01-11', '2024-02-01'),
(284, 284, 39.3, '2024-12-02', '2024-12-27'),
(285, 285, 9.9, '2024-08-17', '2024-09-21'),
(286, 286, 7.59, '2024-09-11', '2024-11-19'),
(287, 287, 40.35, '2024-05-11', '2024-06-23'),
(288, 288, 48.48, '2024-10-01', '2024-12-19'),
(289, 289, 26.77, '2024-03-19', '2024-06-16'),
(290, 290, 10.57, '2024-06-15', '2024-07-09'),
(291, 291, 13.47, '2024-06-09', '2024-07-28'),
(292, 292, 38.18, '2024-03-21', '2024-05-17'),
(293, 293, 15.65, '2024-06-02', '2024-08-04'),
(294, 294, 22.57, '2024-01-20', '2024-03-19'),
(295, 295, 17.29, '2024-06-18', '2024-08-11'),
(296, 296, 35.98, '2024-09-11', '2024-11-21'),
(297, 297, 32.93, '2024-05-22', '2024-06-08'),
(298, 298, 47.29, '2024-09-22', '2024-12-12'),
(299, 299, 17.79, '2024-12-25', '2025-01-10'),
(300, 300, 25.55, '2024-12-04', '2025-01-05'),
(301, 301, 32.74, '2024-07-28', '2024-08-18'),
(302, 302, 31.39, '2024-04-15', '2024-07-05'),
(303, 303, 6.5, '2024-09-04', '2024-10-20'),
(304, 304, 45.74, '2024-04-22', '2024-06-20'),
(305, 305, 46.92, '2024-10-15', '2024-12-04'),
(306, 306, 15.21, '2024-02-07', '2024-03-23'),
(307, 307, 13.3, '2024-04-20', '2024-05-15'),
(308, 308, 17.74, '2024-12-24', '2025-03-12'),
(309, 309, 47.21, '2024-02-04', '2024-04-19'),
(310, 310, 29.66, '2024-03-06', '2024-05-27'),
(311, 311, 38.6, '2024-08-13', '2024-09-11'),
(312, 312, 35.37, '2024-06-11', '2024-08-30'),
(313, 313, 41.31, '2024-04-21', '2024-07-06'),
(314, 314, 49.77, '2024-11-17', '2024-12-18'),
(315, 315, 12.37, '2024-03-26', '2024-05-15'),
(316, 316, 30.37, '2024-01-02', '2024-02-28'),
(317, 317, 15.62, '2024-01-11', '2024-04-04'),
(318, 318, 42.27, '2024-09-05', '2024-10-15'),
(319, 319, 8.68, '2024-01-11', '2024-02-10'),
(320, 320, 21.3, '2024-05-09', '2024-05-28'),
(321, 321, 24.05, '2024-10-01', '2024-10-28'),
(322, 322, 35.5, '2024-08-11', '2024-09-05'),
(323, 323, 33.72, '2024-07-02', '2024-08-01'),
(324, 324, 5.86, '2024-04-19', '2024-05-29'),
(325, 325, 5.34, '2024-04-07', '2024-06-17'),
(326, 326, 13.33, '2024-06-07', '2024-08-29'),
(327, 327, 22.51, '2024-11-14', '2025-02-05'),
(328, 328, 14.0, '2024-01-04', '2024-03-23'),
(329, 329, 29.85, '2024-09-17', '2024-10-23'),
(330, 330, 38.54, '2024-08-13', '2024-10-18'),
(331, 331, 31.87, '2024-09-23', '2024-12-13'),
(332, 332, 27.89, '2024-03-13', '2024-04-06'),
(333, 333, 11.47, '2024-04-19', '2024-05-13'),
(334, 334, 10.73, '2024-12-03', '2025-02-07'),
(335, 335, 6.91, '2024-07-03', '2024-09-04'),
(336, 336, 27.37, '2024-01-24', '2024-03-18'),
(337, 337, 20.99, '2024-02-14', '2024-05-02'),
(338, 338, 39.56, '2024-08-10', '2024-10-01'),
(339, 339, 6.94, '2024-07-11', '2024-09-28'),
(340, 340, 39.22, '2024-11-23', '2025-02-01'),
(341, 341, 21.61, '2024-07-15', '2024-08-27'),
(342, 342, 49.09, '2024-04-01', '2024-06-14'),
(343, 343, 13.66, '2024-07-22', '2024-09-10'),
(344, 344, 6.75, '2024-05-08', '2024-05-24'),
(345, 345, 32.93, '2024-07-27', '2024-09-15'),
(346, 346, 25.81, '2024-07-26', '2024-09-30'),
(347, 347, 14.85, '2024-04-22', '2024-05-24'),
(348, 348, 45.84, '2024-03-01', '2024-05-02'),
(349, 349, 21.98, '2024-12-05', '2024-12-24'),
(350, 350, 33.47, '2024-12-23', '2025-02-19'),
(351, 351, 39.8, '2024-06-13', '2024-08-30'),
(352, 352, 20.32, '2024-01-19', '2024-04-03'),
(353, 353, 6.96, '2024-02-01', '2024-03-23'),
(354, 354, 22.9, '2024-09-03', '2024-10-26'),
(355, 355, 43.25, '2024-01-19', '2024-04-06'),
(356, 356, 21.79, '2024-08-08', '2024-09-18'),
(357, 357, 42.38, '2024-11-23', '2024-12-21'),
(358, 358, 26.64, '2024-03-26', '2024-05-30'),
(359, 359, 25.36, '2024-05-15', '2024-06-20'),
(360, 360, 17.15, '2024-07-03', '2024-07-20'),
(361, 361, 25.21, '2024-06-13', '2024-07-14'),
(362, 362, 49.84, '2024-08-07', '2024-10-24'),
(363, 363, 30.14, '2024-01-21', '2024-04-09'),
(364, 364, 28.87, '2024-04-15', '2024-06-27'),
(365, 365, 48.35, '2024-07-11', '2024-09-30'),
(366, 366, 38.27, '2024-09-07', '2024-11-10'),
(367, 367, 42.58, '2024-12-04', '2025-01-22'),
(368, 368, 39.86, '2024-07-14', '2024-08-07'),
(369, 369, 49.8, '2024-07-26', '2024-09-27'),
(370, 370, 29.07, '2024-06-08', '2024-07-01'),
(371, 371, 33.47, '2024-08-11', '2024-09-17'),
(372, 372, 14.81, '2024-02-16', '2024-04-05'),
(373, 373, 22.31, '2024-12-07', '2024-12-25'),
(374, 374, 13.78, '2024-11-19', '2025-01-19'),
(375, 375, 34.06, '2024-06-10', '2024-07-07'),
(376, 376, 18.2, '2024-08-17', '2024-10-02'),
(377, 377, 35.38, '2024-09-16', '2024-12-13'),
(378, 378, 6.03, '2024-09-27', '2024-10-31'),
(379, 379, 42.14, '2024-08-14', '2024-10-30'),
(380, 380, 6.63, '2024-02-16', '2024-03-02'),
(381, 381, 34.08, '2024-08-03', '2024-10-09'),
(382, 382, 36.98, '2024-01-16', '2024-04-01'),
(383, 383, 46.23, '2024-04-27', '2024-05-30'),
(384, 384, 9.74, '2024-06-24', '2024-07-19'),
(385, 385, 49.57, '2024-07-23', '2024-09-26'),
(386, 386, 33.57, '2024-10-23', '2024-12-01'),
(387, 387, 40.98, '2024-04-08', '2024-06-18'),
(388, 388, 8.24, '2024-11-01', '2024-11-19'),
(389, 389, 49.19, '2024-11-22', '2024-12-26'),
(390, 390, 46.09, '2024-11-02', '2025-01-18'),
(391, 391, 26.78, '2024-08-14', '2024-09-16'),
(392, 392, 43.78, '2024-06-14', '2024-08-16'),
(393, 393, 25.37, '2024-04-12', '2024-05-20'),
(394, 394, 38.95, '2024-12-02', '2025-01-08'),
(395, 395, 43.11, '2024-10-23', '2024-12-02'),
(396, 396, 45.74, '2024-09-03', '2024-10-05'),
(397, 397, 28.27, '2024-10-15', '2024-12-25'),
(398, 398, 16.06, '2024-11-12', '2024-12-26'),
(399, 399, 44.11, '2024-04-09', '2024-05-20'),
(400, 400, 36.3, '2024-01-15', '2024-02-26'),
(401, 401, 34.11, '2024-01-19', '2024-04-07'),
(402, 402, 11.93, '2024-05-25', '2024-08-05'),
(403, 403, 46.0, '2024-11-14', '2025-01-01'),
(404, 404, 6.92, '2024-09-15', '2024-10-10'),
(405, 405, 46.85, '2024-10-08', '2024-10-26'),
(406, 406, 23.34, '2024-02-10', '2024-03-07'),
(407, 407, 38.93, '2024-03-12', '2024-05-17'),
(408, 408, 20.56, '2024-01-01', '2024-03-25'),
(409, 409, 25.62, '2024-05-25', '2024-07-09'),
(410, 410, 29.37, '2024-01-24', '2024-03-01'),
(411, 411, 50.0, '2024-06-27', '2024-08-20'),
(412, 412, 13.67, '2024-10-01', '2024-11-30'),
(413, 413, 43.92, '2024-10-18', '2024-11-30'),
(414, 414, 21.51, '2024-02-18', '2024-03-16'),
(415, 415, 18.63, '2024-12-02', '2025-01-06'),
(416, 416, 19.92, '2024-06-19', '2024-07-25'),
(417, 417, 36.57, '2024-07-12', '2024-09-01'),
(418, 418, 38.63, '2024-08-09', '2024-10-21'),
(419, 419, 49.95, '2024-06-20', '2024-09-01'),
(420, 420, 45.69, '2024-09-28', '2024-10-30'),
(421, 421, 45.86, '2024-05-21', '2024-08-15'),
(422, 422, 48.98, '2024-12-07', '2025-03-02'),
(423, 423, 27.33, '2024-04-14', '2024-05-27'),
(424, 424, 29.11, '2024-09-03', '2024-10-26'),
(425, 425, 39.74, '2024-07-08', '2024-09-09'),
(426, 426, 11.3, '2024-10-28', '2024-11-25'),
(427, 427, 42.53, '2024-09-05', '2024-11-16'),
(428, 428, 44.53, '2024-04-07', '2024-04-27'),
(429, 429, 13.31, '2024-09-21', '2024-10-17'),
(430, 430, 16.68, '2024-01-22', '2024-03-19'),
(431, 431, 30.95, '2024-05-03', '2024-06-16'),
(432, 432, 35.85, '2024-05-12', '2024-07-14'),
(433, 433, 48.58, '2024-09-12', '2024-11-19'),
(434, 434, 7.42, '2024-10-25', '2024-11-29'),
(435, 435, 37.21, '2024-03-01', '2024-04-10'),
(436, 436, 38.33, '2024-10-12', '2024-11-17'),
(437, 437, 42.26, '2024-03-02', '2024-03-26'),
(438, 438, 25.0, '2024-06-01', '2024-08-13'),
(439, 439, 28.25, '2024-03-14', '2024-05-03'),
(440, 440, 24.8, '2024-07-13', '2024-08-31'),
(441, 441, 13.88, '2024-04-17', '2024-06-16'),
(442, 442, 28.94, '2024-09-08', '2024-10-17'),
(443, 443, 22.84, '2024-07-12', '2024-09-19'),
(444, 444, 24.02, '2024-08-13', '2024-11-01'),
(445, 445, 28.75, '2024-12-08', '2025-02-10'),
(446, 446, 37.01, '2024-05-06', '2024-06-22'),
(447, 447, 17.48, '2024-02-02', '2024-03-05'),
(448, 448, 13.74, '2024-11-08', '2025-01-18'),
(449, 449, 11.35, '2024-09-07', '2024-10-21'),
(450, 450, 10.16, '2024-07-25', '2024-09-26'),
(451, 451, 9.64, '2024-03-09', '2024-05-14'),
(452, 452, 30.14, '2024-03-09', '2024-05-31'),
(453, 453, 45.8, '2024-09-28', '2024-11-11'),
(454, 454, 27.7, '2024-09-22', '2024-10-09'),
(455, 455, 18.37, '2024-11-04', '2024-12-10'),
(456, 456, 22.95, '2024-01-10', '2024-03-19'),
(457, 457, 37.84, '2024-11-05', '2025-01-11'),
(458, 458, 6.85, '2024-06-26', '2024-08-20'),
(459, 459, 29.63, '2024-02-05', '2024-03-26'),
(460, 460, 35.12, '2024-01-23', '2024-04-06'),
(461, 461, 47.51, '2024-10-19', '2024-12-07'),
(462, 462, 16.18, '2024-08-25', '2024-11-07'),
(463, 463, 30.15, '2024-04-14', '2024-06-12'),
(464, 464, 47.98, '2024-10-26', '2025-01-04'),
(465, 465, 6.42, '2024-03-18', '2024-05-28'),
(466, 466, 26.5, '2024-10-04', '2024-12-26'),
(467, 467, 26.01, '2024-09-13', '2024-10-29'),
(468, 468, 6.11, '2024-03-04', '2024-04-09'),
(469, 469, 32.6, '2024-01-25', '2024-02-11'),
(470, 470, 38.1, '2024-10-03', '2024-10-29'),
(471, 471, 12.26, '2024-10-01', '2024-10-19'),
(472, 472, 49.29, '2024-08-06', '2024-08-27'),
(473, 473, 13.42, '2024-06-10', '2024-07-31'),
(474, 474, 39.76, '2024-01-06', '2024-02-03'),
(475, 475, 40.76, '2024-06-03', '2024-07-01'),
(476, 476, 47.85, '2024-01-24', '2024-02-20'),
(477, 477, 19.93, '2024-05-06', '2024-06-18'),
(478, 478, 40.78, '2024-11-20', '2025-01-02'),
(479, 479, 22.42, '2024-10-21', '2024-12-25'),
(480, 480, 39.85, '2024-05-14', '2024-08-09'),
(481, 481, 21.7, '2024-09-22', '2024-12-07'),
(482, 482, 9.82, '2024-06-26', '2024-09-19'),
(483, 483, 24.16, '2024-11-09', '2024-12-16'),
(484, 484, 32.55, '2024-12-08', '2025-02-03'),
(485, 485, 32.49, '2024-06-13', '2024-07-09'),
(486, 486, 44.79, '2024-08-19', '2024-11-07'),
(487, 487, 33.84, '2024-03-26', '2024-06-13'),
(488, 488, 44.49, '2024-02-15', '2024-05-13'),
(489, 489, 23.67, '2024-03-27', '2024-06-07'),
(490, 490, 39.93, '2024-12-05', '2025-01-10'),
(491, 491, 47.65, '2024-08-07', '2024-10-23'),
(492, 492, 38.39, '2024-07-21', '2024-08-25'),
(493, 493, 26.32, '2024-07-19', '2024-08-29'),
(494, 494, 33.32, '2024-02-19', '2024-03-30'),
(495, 495, 43.01, '2024-04-06', '2024-05-14'),
(496, 496, 24.99, '2024-07-09', '2024-08-08'),
(497, 497, 46.87, '2024-02-11', '2024-03-30'),
(498, 498, 43.67, '2024-04-26', '2024-06-06'),
(499, 499, 37.3, '2024-12-06', '2025-02-04'),
(500, 500, 49.35, '2024-10-07', '2024-11-28');

DELIMITER $$

CREATE PROCEDURE populate_cart()
BEGIN
    DECLARE i INT DEFAULT 1;
    WHILE i <= 500 DO
        INSERT INTO Cart (user_id, created_at)
        VALUES (
            CONCAT('U', LPAD(FLOOR(1 + RAND() * 500), 4, '0')),
            DATE_SUB(NOW(), INTERVAL FLOOR(RAND() * 30) DAY)
        );
        SET i = i + 1;
    END WHILE;
END$$
DELIMITER ;

CALL populate_cart();

DELIMITER $$

CREATE PROCEDURE populate_cart_items()
BEGIN
    DECLARE i INT DEFAULT 1;
    WHILE i <= 500 DO
        INSERT INTO Cart_Items (cart_id, product_id, quantity)
        VALUES (
            FLOOR(1 + RAND() * 500),  -- random cart
            FLOOR(1 + RAND() * 500),  -- random product
            FLOOR(1 + RAND() * 5)     -- quantity 1–5
        );
        SET i = i + 1;
    END WHILE;
END$$
DELIMITER ;

CALL populate_cart_items();

DELIMITER $$

CREATE PROCEDURE populate_wishlist()
BEGIN
    DECLARE i INT DEFAULT 1;
    WHILE i <= 500 DO
        INSERT INTO Wishlist (user_id, created_at)
        VALUES (
            CONCAT('U', LPAD(FLOOR(1 + RAND() * 500), 4, '0')),
            DATE_SUB(NOW(), INTERVAL FLOOR(RAND() * 60) DAY)
        );
        SET i = i + 1;
    END WHILE;
END$$
DELIMITER ;

CALL populate_wishlist();

DELIMITER $$

CREATE PROCEDURE populate_wishlist_items()
BEGIN
    DECLARE i INT DEFAULT 1;
    WHILE i <= 500 DO
        INSERT INTO Wishlist_Items (wishlist_id, product_id)
        VALUES (
            FLOOR(1 + RAND() * 500),   -- random wishlist
            FLOOR(1 + RAND() * 500)    -- random product
        );
        SET i = i + 1;
    END WHILE;
END$$
DELIMITER ;

CALL populate_wishlist_items();

INSERT INTO product_variants (varaintid, product_id, color, size, price, stock) VALUES
(1, 324, 'Red', 'One Size', 9968.71, 152),
(2, 184, 'Grey', 'L', 1348.85, 90),
(3, 477, 'Green', 'XXL', 9640.3, 84),
(4, 204, 'Grey', 'Medium', 7674.83, 133),
(5, 122, 'Pink', 'Large', 8085.62, 144),
(6, 392, 'Pink', 'S', 5122.18, 99),
(7, 26, 'Green', 'Medium', 8762.35, 166),
(8, 220, 'Blue', 'M', 4722.0, 81),
(9, 339, 'Pink', 'Small', 8540.36, 36),
(10, 459, 'Yellow', 'S', 1331.42, 128),
(11, 486, 'Blue', 'XL', 3653.95, 173),
(12, 287, 'Blue', 'L', 8241.66, 64),
(13, 125, 'Grey', 'XXL', 5163.46, 131),
(14, 220, 'Grey', 'S', 107.43, 148),
(15, 250, 'Red', 'Small', 1165.78, 159),
(16, 82, 'Yellow', 'Large', 139.14, 157),
(17, 348, 'Blue', 'One Size', 4531.74, 197),
(18, 353, 'Purple', 'L', 282.66, 28),
(19, 498, 'Brown', 'M', 4473.32, 142),
(20, 344, 'Black', 'L', 6504.62, 34),
(21, 429, 'Blue', 'S', 4031.83, 20),
(22, 373, 'Brown', 'Small', 8525.73, 67),
(23, 79, 'Purple', 'S', 1040.85, 65),
(24, 86, 'Yellow', 'L', 7617.0, 194),
(25, 235, 'Red', 'S', 7061.38, 34),
(26, 109, 'Yellow', 'XL', 7089.69, 82),
(27, 294, 'Beige', 'S', 4972.13, 56),
(28, 432, 'Beige', 'Large', 5706.04, 121),
(29, 394, 'Green', 'S', 6564.15, 29),
(30, 178, 'Purple', 'Medium', 9560.31, 31),
(31, 31, 'Black', 'XL', 9233.47, 32),
(32, 251, 'Green', 'M', 7939.68, 26),
(33, 423, 'White', 'Small', 2051.44, 30),
(34, 5, 'Purple', 'Medium', 8263.54, 39),
(35, 412, 'Purple', 'L', 1961.78, 145),
(36, 79, 'Yellow', 'L', 4016.57, 124),
(37, 364, 'Green', 'XL', 2799.85, 163),
(38, 222, 'Blue', 'Large', 3344.76, 33),
(39, 141, 'Blue', 'M', 6186.14, 8),
(40, 394, 'Blue', 'Large', 8289.79, 10),
(41, 275, 'Grey', 'XXL', 578.38, 87),
(42, 467, 'Blue', 'L', 7965.92, 5),
(43, 460, 'Beige', 'S', 968.34, 87),
(44, 49, 'Purple', 'XXL', 2308.14, 33),
(45, 481, 'Red', 'Medium', 4645.63, 21),
(46, 207, 'Brown', 'S', 6999.49, 7),
(47, 337, 'Blue', 'Large', 3152.36, 36),
(48, 415, 'Brown', 'One Size', 6007.26, 104),
(49, 260, 'Green', 'XL', 5551.9, 107),
(50, 306, 'Purple', 'One Size', 3651.64, 185),
(51, 122, 'White', 'One Size', 6041.11, 200),
(52, 1, 'Brown', 'L', 7087.93, 150),
(53, 35, 'Grey', 'S', 8267.49, 130),
(54, 233, 'Blue', 'Medium', 7317.99, 27),
(55, 215, 'White', 'Medium', 5129.27, 141),
(56, 420, 'White', 'S', 3897.22, 177),
(57, 281, 'Pink', 'One Size', 2924.75, 107),
(58, 312, 'Red', 'XL', 9657.16, 81),
(59, 237, 'Beige', 'XL', 8786.5, 32),
(60, 68, 'Pink', 'XXL', 1807.47, 46),
(61, 116, 'Yellow', 'Small', 1698.9, 111),
(62, 478, 'Black', 'Medium', 5433.93, 173),
(63, 247, 'Red', 'XL', 8320.0, 5),
(64, 433, 'Blue', 'S', 7228.23, 151),
(65, 409, 'Red', 'XL', 255.44, 110),
(66, 280, 'Pink', 'XXL', 4181.6, 192),
(67, 108, 'Beige', 'M', 9551.08, 157),
(68, 434, 'Brown', 'Small', 1635.53, 132),
(69, 361, 'Brown', 'S', 8208.27, 116),
(70, 225, 'Yellow', 'One Size', 8701.55, 111),
(71, 146, 'Green', 'Small', 3353.56, 173),
(72, 434, 'Pink', 'S', 8940.15, 185),
(73, 458, 'Brown', 'XL', 9913.65, 79),
(74, 437, 'Pink', 'L', 907.34, 144),
(75, 478, 'Yellow', 'M', 449.8, 34),
(76, 461, 'Blue', 'M', 7562.46, 36),
(77, 422, 'Blue', 'One Size', 3310.42, 140),
(78, 247, 'Yellow', 'Medium', 7344.02, 114),
(79, 223, 'Green', 'XXL', 4686.62, 14),
(80, 364, 'Purple', 'S', 915.43, 135),
(81, 378, 'Yellow', 'Large', 3480.33, 135),
(82, 92, 'Pink', 'Small', 6990.11, 178),
(83, 236, 'Black', 'L', 5772.52, 39),
(84, 42, 'Red', 'One Size', 8554.06, 7),
(85, 423, 'Beige', 'S', 4702.59, 33),
(86, 181, 'Green', 'Large', 4211.69, 105),
(87, 1, 'Brown', 'XL', 8965.08, 135),
(88, 454, 'Green', 'L', 7077.62, 5),
(89, 495, 'Grey', 'XXL', 2648.85, 36),
(90, 457, 'Grey', 'One Size', 9408.87, 153),
(91, 447, 'White', 'S', 4333.73, 105),
(92, 242, 'Brown', 'Medium', 1719.79, 163),
(93, 159, 'Green', 'XXL', 5099.75, 67),
(94, 306, 'Red', 'Medium', 1549.23, 16),
(95, 128, 'Blue', 'Small', 2300.89, 101),
(96, 237, 'Beige', 'M', 3759.92, 193),
(97, 124, 'Green', 'L', 9002.84, 118),
(98, 411, 'Blue', 'XL', 3795.5, 50),
(99, 159, 'Green', 'L', 1743.26, 18),
(100, 1, 'Beige', 'One Size', 3595.44, 99),
(101, 232, 'Grey', 'M', 4153.63, 109),
(102, 233, 'Grey', 'Medium', 7018.64, 199),
(103, 485, 'Green', 'XL', 8825.84, 124),
(104, 376, 'Beige', 'S', 4431.38, 104),
(105, 282, 'Beige', 'Medium', 481.2, 134),
(106, 172, 'Beige', 'XL', 2381.34, 169),
(107, 409, 'Green', 'S', 4275.43, 196),
(108, 411, 'Grey', 'M', 5060.54, 124),
(109, 189, 'Grey', 'Small', 6283.23, 31),
(110, 229, 'Green', 'S', 9065.88, 118),
(111, 93, 'Blue', 'M', 743.79, 111),
(112, 224, 'Blue', 'Large', 449.35, 73),
(113, 353, 'Black', 'XL', 5253.18, 66),
(114, 128, 'Red', 'S', 6654.76, 118),
(115, 384, 'Purple', 'Medium', 9543.05, 164),
(116, 463, 'White', 'L', 2121.32, 93),
(117, 483, 'Grey', 'S', 5050.44, 190),
(118, 295, 'Blue', 'XL', 6828.35, 109),
(119, 157, 'Brown', 'Large', 1654.66, 179),
(120, 247, 'Grey', 'XL', 9515.43, 194),
(121, 107, 'Yellow', 'XL', 8527.66, 131),
(122, 109, 'Purple', 'Large', 803.94, 155),
(123, 118, 'Pink', 'Small', 5374.48, 131),
(124, 489, 'Blue', 'M', 4338.03, 151),
(125, 202, 'Blue', 'XL', 9068.75, 24),
(126, 16, 'Beige', 'Small', 6387.05, 24),
(127, 269, 'Brown', 'Medium', 2372.75, 54),
(128, 390, 'Beige', 'S', 2877.72, 117),
(129, 85, 'Red', 'One Size', 7140.45, 187),
(130, 387, 'Purple', 'Large', 3169.31, 43),
(131, 398, 'Beige', 'S', 3417.49, 17),
(132, 406, 'Yellow', 'L', 7109.86, 22),
(133, 426, 'Brown', 'L', 6540.67, 108),
(134, 43, 'Black', 'L', 3529.68, 72),
(135, 3, 'Blue', 'Medium', 8883.53, 62),
(136, 404, 'Grey', 'Small', 2394.12, 43),
(137, 233, 'Beige', 'S', 4570.38, 83),
(138, 185, 'Beige', 'XL', 6178.93, 172),
(139, 351, 'Beige', 'One Size', 8799.98, 132),
(140, 395, 'Black', 'One Size', 5728.64, 161),
(141, 130, 'Blue', 'M', 1524.95, 99),
(142, 246, 'Black', 'Medium', 762.62, 189),
(143, 61, 'Brown', 'L', 8084.84, 125),
(144, 342, 'Blue', 'M', 6554.75, 45),
(145, 261, 'Yellow', 'L', 6396.88, 141),
(146, 53, 'Red', 'XXL', 5402.11, 23),
(147, 115, 'Beige', 'Small', 2137.19, 16),
(148, 204, 'Black', 'Small', 2155.11, 195),
(149, 204, 'Blue', 'M', 5648.96, 193),
(150, 476, 'Purple', 'M', 9076.87, 69),
(151, 245, 'Pink', 'Large', 8728.33, 122),
(152, 18, 'Red', 'L', 6733.39, 48),
(153, 169, 'White', 'Small', 7222.48, 163),
(154, 39, 'Blue', 'S', 3302.79, 52),
(155, 321, 'Blue', 'Large', 3457.75, 26),
(156, 220, 'White', 'XL', 2063.8, 46),
(157, 208, 'Yellow', 'L', 6282.86, 81),
(158, 201, 'White', 'Medium', 4818.44, 133),
(159, 418, 'Black', 'Large', 5359.72, 186),
(160, 140, 'Blue', 'Medium', 4451.54, 190),
(161, 175, 'Pink', 'One Size', 3572.73, 138),
(162, 70, 'Green', 'XL', 7202.46, 108),
(163, 105, 'Pink', 'Small', 5497.78, 22),
(164, 251, 'Grey', 'Medium', 6067.08, 23),
(165, 116, 'Yellow', 'Large', 5283.62, 183),
(166, 92, 'Blue', 'Large', 895.49, 19),
(167, 253, 'Green', 'Large', 9349.59, 119),
(168, 220, 'Brown', 'XL', 8340.96, 107),
(169, 299, 'White', 'M', 2865.56, 77),
(170, 36, 'Grey', 'One Size', 9923.68, 130),
(171, 258, 'White', 'Small', 2296.97, 0),
(172, 117, 'Purple', 'Medium', 4129.65, 29),
(173, 132, 'Brown', 'M', 6769.34, 199),
(174, 175, 'Red', 'S', 2638.92, 149),
(175, 83, 'Pink', 'Small', 3527.53, 77),
(176, 409, 'Blue', 'Large', 1307.83, 155),
(177, 38, 'Pink', 'M', 7460.88, 128),
(178, 85, 'Green', 'M', 9015.23, 96),
(179, 191, 'Blue', 'L', 2543.32, 26),
(180, 203, 'Blue', 'XXL', 4895.06, 185),
(181, 333, 'Blue', 'One Size', 293.27, 105),
(182, 437, 'Green', 'Medium', 1137.77, 159),
(183, 255, 'Grey', 'XXL', 3537.44, 176),
(184, 282, 'Grey', 'Medium', 3054.93, 38),
(185, 113, 'Purple', 'Medium', 8849.2, 72),
(186, 494, 'White', 'L', 3665.91, 58),
(187, 310, 'White', 'One Size', 8237.49, 194),
(188, 241, 'Purple', 'Large', 6084.03, 105),
(189, 406, 'Red', 'One Size', 8806.94, 191),
(190, 144, 'Brown', 'M', 5050.98, 46),
(191, 450, 'Red', 'One Size', 9433.58, 6),
(192, 480, 'Grey', 'Medium', 5968.7, 34),
(193, 372, 'Red', 'L', 7344.77, 70),
(194, 119, 'Yellow', 'S', 7750.83, 183),
(195, 47, 'Grey', 'Medium', 6020.9, 84),
(196, 154, 'Brown', 'Large', 2790.57, 163),
(197, 192, 'Purple', 'Large', 6909.47, 161),
(198, 145, 'Blue', 'Large', 2564.21, 130),
(199, 488, 'Blue', 'XXL', 9050.36, 134),
(200, 351, 'Brown', 'L', 1415.47, 141),
(201, 329, 'Blue', 'Medium', 1813.3, 142),
(202, 217, 'Brown', 'S', 2333.81, 109),
(203, 19, 'White', 'Small', 3553.43, 190),
(204, 377, 'White', 'M', 5332.49, 119),
(205, 271, 'Black', 'L', 7098.11, 166),
(206, 118, 'Black', 'XXL', 5679.05, 171),
(207, 355, 'Red', 'M', 6971.02, 125),
(208, 15, 'Black', 'XXL', 7294.06, 95),
(209, 400, 'Pink', 'S', 4141.16, 3),
(210, 100, 'Beige', 'L', 5485.58, 181),
(211, 184, 'Black', 'XL', 5646.01, 165),
(212, 126, 'Red', 'L', 1583.06, 185),
(213, 225, 'White', 'L', 4278.38, 39),
(214, 329, 'Purple', 'M', 1127.05, 37),
(215, 214, 'Brown', 'S', 1680.15, 163),
(216, 136, 'Beige', 'Medium', 9925.21, 19),
(217, 443, 'White', 'XXL', 714.77, 57),
(218, 433, 'Black', 'Small', 9961.61, 117),
(219, 244, 'Grey', 'Large', 6490.07, 51),
(220, 173, 'Green', 'One Size', 7709.81, 34),
(221, 332, 'Pink', 'M', 7582.79, 191),
(222, 69, 'Black', 'L', 7351.27, 162),
(223, 35, 'Purple', 'XL', 3967.45, 69),
(224, 427, 'Black', 'One Size', 225.23, 144),
(225, 475, 'Brown', 'Large', 3383.44, 6),
(226, 62, 'Black', 'Small', 7177.8, 22),
(227, 367, 'Blue', 'Small', 5648.13, 73),
(228, 45, 'Black', 'One Size', 6629.39, 0),
(229, 453, 'Grey', 'XL', 309.56, 72),
(230, 499, 'Purple', 'S', 8358.75, 90),
(231, 292, 'Green', 'Medium', 2556.44, 79),
(232, 459, 'White', 'L', 6803.99, 37),
(233, 252, 'Brown', 'M', 734.68, 90),
(234, 57, 'Green', 'Medium', 2078.33, 79),
(235, 463, 'Green', 'XL', 8383.45, 92),
(236, 280, 'Yellow', 'One Size', 5172.41, 18),
(237, 238, 'Yellow', 'One Size', 6082.32, 151),
(238, 408, 'Black', 'Small', 7636.18, 165),
(239, 401, 'Green', 'XL', 943.6, 101),
(240, 143, 'Green', 'L', 3986.1, 6),
(241, 399, 'Pink', 'S', 2564.49, 49),
(242, 100, 'White', 'XL', 791.82, 103),
(243, 335, 'Beige', 'Small', 7718.94, 138),
(244, 187, 'Brown', 'Large', 5558.58, 1),
(245, 343, 'Yellow', 'Large', 5484.86, 35),
(246, 383, 'Grey', 'M', 398.8, 149),
(247, 159, 'Yellow', 'Medium', 5561.06, 38),
(248, 457, 'Grey', 'M', 3984.01, 166),
(249, 283, 'Yellow', 'XL', 214.68, 9),
(250, 27, 'Yellow', 'Small', 1008.1, 191),
(251, 291, 'Red', 'M', 2315.53, 28),
(252, 83, 'Pink', 'L', 1869.16, 63),
(253, 220, 'Black', 'Medium', 8214.16, 66),
(254, 12, 'Beige', 'S', 1936.82, 67),
(255, 26, 'Yellow', 'One Size', 412.66, 155),
(256, 251, 'Pink', 'XXL', 9727.1, 187),
(257, 156, 'Purple', 'XL', 2386.72, 102),
(258, 78, 'Purple', 'XXL', 6107.33, 117),
(259, 227, 'White', 'One Size', 9103.16, 123),
(260, 272, 'Brown', 'XXL', 9461.54, 43),
(261, 477, 'Green', 'XXL', 9439.0, 68),
(262, 51, 'Grey', 'S', 8264.47, 175),
(263, 180, 'Green', 'M', 4595.28, 117),
(264, 233, 'Green', 'Small', 9193.42, 149),
(265, 411, 'Beige', 'XL', 9476.55, 116),
(266, 287, 'Purple', 'L', 809.86, 71),
(267, 72, 'Brown', 'L', 4385.44, 158),
(268, 203, 'Pink', 'XL', 1844.01, 186),
(269, 488, 'Grey', 'Large', 2628.26, 33),
(270, 79, 'Red', 'L', 604.89, 6),
(271, 60, 'Beige', 'XL', 4596.3, 117),
(272, 9, 'Green', 'XXL', 2144.87, 30),
(273, 56, 'Pink', 'L', 5247.1, 20),
(274, 433, 'Purple', 'Large', 6415.89, 52),
(275, 213, 'Black', 'XL', 496.73, 147),
(276, 147, 'Pink', 'One Size', 862.09, 173),
(277, 105, 'Black', 'XL', 5654.47, 21),
(278, 385, 'Brown', 'Large', 4770.11, 25),
(279, 402, 'Blue', 'Small', 3052.54, 98),
(280, 309, 'Grey', 'XXL', 9519.06, 157),
(281, 456, 'Beige', 'Large', 5243.41, 146),
(282, 260, 'Red', 'XL', 5134.92, 16),
(283, 433, 'White', 'XXL', 4969.83, 122),
(284, 383, 'Yellow', 'Small', 4282.31, 185),
(285, 355, 'Purple', 'XXL', 7816.71, 133),
(286, 241, 'Blue', 'XXL', 780.99, 76),
(287, 202, 'Yellow', 'L', 6469.25, 105),
(288, 141, 'Brown', 'L', 283.81, 60),
(289, 216, 'Grey', 'One Size', 3010.75, 48),
(290, 328, 'Grey', 'L', 3124.22, 105),
(291, 318, 'White', 'Large', 6931.21, 42),
(292, 15, 'Brown', 'One Size', 8384.12, 53),
(293, 376, 'White', 'Large', 2505.09, 117),
(294, 259, 'Yellow', 'L', 8133.24, 156),
(295, 485, 'Pink', 'XL', 6701.8, 155),
(296, 345, 'Blue', 'One Size', 3278.99, 155),
(297, 290, 'Pink', 'S', 4084.27, 152),
(298, 269, 'Beige', 'XL', 5637.43, 81),
(299, 492, 'Purple', 'Large', 3318.79, 74),
(300, 164, 'White', 'S', 9062.22, 79),
(301, 163, 'Grey', 'L', 9060.43, 176),
(302, 346, 'Pink', 'Small', 1183.68, 134),
(303, 469, 'Pink', 'Medium', 6778.94, 73),
(304, 80, 'Green', 'One Size', 5501.54, 197),
(305, 293, 'Green', 'One Size', 6488.51, 178),
(306, 235, 'Yellow', 'S', 9590.78, 133),
(307, 471, 'Grey', 'XL', 2599.84, 112),
(308, 452, 'Brown', 'Large', 1433.65, 162),
(309, 474, 'Yellow', 'XXL', 3976.3, 173),
(310, 215, 'Grey', 'S', 5566.38, 200),
(311, 440, 'Red', 'One Size', 2814.69, 64),
(312, 466, 'White', 'L', 9578.72, 10),
(313, 474, 'Pink', 'M', 1446.59, 45),
(314, 263, 'Grey', 'L', 9506.91, 119),
(315, 103, 'Purple', 'S', 9208.15, 1),
(316, 121, 'Purple', 'L', 9561.8, 109),
(317, 36, 'Grey', 'M', 1344.43, 130),
(318, 1, 'Black', 'L', 187.3, 82),
(319, 428, 'Brown', 'S', 7514.28, 103),
(320, 57, 'Green', 'M', 9722.88, 121),
(321, 242, 'Blue', 'Medium', 4799.46, 161),
(322, 259, 'Purple', 'One Size', 3452.34, 126),
(323, 97, 'Purple', 'S', 2524.47, 143),
(324, 246, 'Brown', 'XL', 5168.9, 70),
(325, 391, 'Grey', 'XL', 9138.28, 120),
(326, 454, 'Yellow', 'Medium', 5131.46, 141),
(327, 313, 'Grey', 'Large', 2015.45, 160),
(328, 75, 'Pink', 'One Size', 2291.19, 122),
(329, 77, 'Blue', 'Medium', 9364.57, 85),
(330, 388, 'Blue', 'XL', 2961.65, 164),
(331, 257, 'Purple', 'One Size', 8928.14, 60),
(332, 455, 'Blue', 'Medium', 3248.9, 113),
(333, 343, 'Grey', 'XXL', 704.98, 115),
(334, 369, 'Beige', 'XXL', 5201.08, 186),
(335, 59, 'Purple', 'M', 5376.35, 124),
(336, 123, 'White', 'M', 2041.96, 157),
(337, 452, 'Beige', 'One Size', 6988.93, 20),
(338, 133, 'Grey', 'Large', 2801.61, 57),
(339, 251, 'Beige', 'M', 3065.19, 80),
(340, 298, 'Black', 'M', 9867.64, 184),
(341, 85, 'Purple', 'L', 9228.22, 187),
(342, 20, 'Black', 'Medium', 3380.37, 68),
(343, 193, 'Blue', 'XXL', 6480.74, 77),
(344, 446, 'Black', 'M', 8498.37, 199),
(345, 144, 'Blue', 'L', 3700.93, 96),
(346, 142, 'Yellow', 'Large', 1342.14, 142),
(347, 239, 'White', 'One Size', 139.96, 17),
(348, 233, 'Purple', 'M', 6220.33, 58),
(349, 253, 'Green', 'L', 1207.93, 35),
(350, 480, 'Grey', 'One Size', 3572.71, 160),
(351, 34, 'Beige', 'XXL', 9304.69, 44),
(352, 35, 'Blue', 'One Size', 2612.96, 5),
(353, 475, 'Black', 'XXL', 1814.08, 120),
(354, 259, 'Blue', 'L', 2635.35, 85),
(355, 116, 'Blue', 'Medium', 3256.62, 159),
(356, 79, 'Red', 'One Size', 2355.56, 182),
(357, 6, 'Yellow', 'XXL', 5338.89, 111),
(358, 495, 'Red', 'XXL', 8139.17, 20),
(359, 318, 'White', 'Small', 4692.97, 41),
(360, 150, 'Green', 'S', 1204.35, 76),
(361, 414, 'Green', 'Large', 873.91, 25),
(362, 447, 'Yellow', 'M', 6713.55, 54),
(363, 97, 'Grey', 'S', 9205.55, 186),
(364, 180, 'Pink', 'Large', 5906.84, 198),
(365, 70, 'Grey', 'S', 8349.89, 132),
(366, 322, 'White', 'XXL', 9685.44, 99),
(367, 317, 'Pink', 'Medium', 9131.39, 42),
(368, 13, 'White', 'M', 5587.26, 108),
(369, 407, 'Brown', 'XXL', 5369.48, 192),
(370, 305, 'Blue', 'XL', 415.21, 81),
(371, 484, 'Yellow', 'M', 8858.59, 62),
(372, 321, 'White', 'S', 6822.72, 28),
(373, 16, 'Purple', 'M', 2778.71, 189),
(374, 455, 'Pink', 'L', 4546.77, 143),
(375, 329, 'Yellow', 'S', 1028.56, 20),
(376, 478, 'Green', 'Small', 1157.11, 94),
(377, 294, 'Yellow', 'Small', 3024.49, 197),
(378, 498, 'Yellow', 'Small', 4199.72, 93),
(379, 331, 'White', 'Small', 8147.49, 33),
(380, 258, 'White', 'Medium', 5318.41, 8),
(381, 161, 'Blue', 'Medium', 8688.67, 15),
(382, 415, 'Beige', 'One Size', 9126.14, 46),
(383, 30, 'Blue', 'XL', 1573.63, 27),
(384, 404, 'Beige', 'Medium', 4314.73, 140),
(385, 226, 'Purple', 'S', 2097.8, 8),
(386, 173, 'Purple', 'XL', 8135.85, 145),
(387, 76, 'Beige', 'XXL', 8798.75, 37),
(388, 256, 'Black', 'M', 3998.08, 68),
(389, 77, 'Green', 'XL', 1287.97, 79),
(390, 385, 'Blue', 'L', 3249.05, 151),
(391, 296, 'Blue', 'S', 4002.43, 37),
(392, 412, 'Yellow', 'One Size', 1835.29, 180),
(393, 236, 'Grey', 'XL', 8775.02, 116),
(394, 489, 'Green', 'Small', 966.33, 10),
(395, 484, 'Black', 'Medium', 5747.16, 113),
(396, 304, 'Red', 'One Size', 1396.18, 45),
(397, 152, 'Grey', 'L', 5177.22, 193),
(398, 114, 'Beige', 'XL', 4709.76, 134),
(399, 117, 'Blue', 'Medium', 275.52, 37),
(400, 298, 'Green', 'L', 3300.16, 178),
(401, 472, 'White', 'XXL', 4664.03, 92),
(402, 339, 'Purple', 'Small', 9913.8, 108),
(403, 43, 'Green', 'Large', 9551.26, 110),
(404, 363, 'Brown', 'M', 1549.82, 164),
(405, 156, 'Blue', 'Medium', 9127.48, 76),
(406, 376, 'Grey', 'One Size', 6661.97, 140),
(407, 115, 'Black', 'Small', 7469.76, 41),
(408, 342, 'Purple', 'Large', 2654.21, 113),
(409, 172, 'Black', 'S', 7929.17, 45),
(410, 475, 'Grey', 'S', 9945.06, 116),
(411, 105, 'Pink', 'Small', 6526.67, 23),
(412, 1, 'Blue', 'Large', 5513.2, 105),
(413, 130, 'Red', 'XXL', 5850.31, 98),
(414, 194, 'Blue', 'XXL', 5393.82, 28),
(415, 431, 'Blue', 'Medium', 7677.35, 151),
(416, 336, 'Brown', 'Medium', 3545.64, 151),
(417, 59, 'Green', 'L', 7740.01, 42),
(418, 254, 'Black', 'XL', 5427.35, 150),
(419, 216, 'Brown', 'XL', 8988.44, 104),
(420, 210, 'Black', 'S', 2214.9, 54),
(421, 79, 'Blue', 'L', 5158.05, 148),
(422, 247, 'Purple', 'Small', 513.32, 9),
(423, 382, 'Purple', 'XL', 711.06, 199),
(424, 252, 'White', 'XL', 1463.35, 194),
(425, 252, 'Pink', 'Small', 2707.38, 159),
(426, 257, 'Yellow', 'XL', 2142.53, 116),
(427, 467, 'Beige', 'Large', 7744.79, 8),
(428, 262, 'Red', 'Small', 1100.28, 183),
(429, 373, 'White', 'Medium', 5452.06, 176),
(430, 148, 'White', 'XL', 3508.65, 132),
(431, 257, 'Pink', 'M', 4330.05, 198),
(432, 440, 'Yellow', 'M', 6124.32, 115),
(433, 225, 'Brown', 'XL', 2714.74, 79),
(434, 81, 'Black', 'XXL', 1706.6, 179),
(435, 441, 'Blue', 'Small', 1107.13, 81),
(436, 233, 'White', 'Medium', 663.74, 180),
(437, 161, 'Pink', 'Small', 7911.64, 85),
(438, 467, 'Beige', 'Medium', 387.36, 95),
(439, 93, 'Yellow', 'Medium', 4598.77, 194),
(440, 223, 'Red', 'Medium', 8050.66, 57),
(441, 313, 'Green', 'S', 420.26, 45),
(442, 350, 'Red', 'Small', 9641.5, 176),
(443, 480, 'Yellow', 'L', 1508.65, 7),
(444, 441, 'Black', 'XXL', 6826.85, 50),
(445, 487, 'Purple', 'M', 443.7, 166),
(446, 340, 'Brown', 'One Size', 120.66, 127),
(447, 204, 'Black', 'XXL', 6695.43, 52),
(448, 153, 'Purple', 'XXL', 1713.28, 81),
(449, 170, 'Black', 'Small', 431.42, 124),
(450, 87, 'Purple', 'S', 2979.35, 124),
(451, 445, 'Brown', 'Large', 6727.87, 61),
(452, 296, 'Pink', 'Medium', 1371.92, 136),
(453, 190, 'Red', 'One Size', 9994.48, 82),
(454, 215, 'Red', 'L', 281.63, 11),
(455, 186, 'Green', 'Small', 6730.35, 153),
(456, 389, 'Blue', 'S', 9136.02, 26),
(457, 344, 'Yellow', 'M', 1010.07, 120),
(458, 38, 'Black', 'Medium', 8920.28, 141),
(459, 240, 'White', 'L', 7631.92, 29),
(460, 71, 'Purple', 'Medium', 1817.36, 178),
(461, 473, 'Brown', 'Small', 5099.17, 179),
(462, 330, 'Beige', 'Large', 5895.65, 172),
(463, 210, 'Beige', 'XL', 1174.98, 5),
(464, 218, 'Grey', 'L', 1246.54, 173),
(465, 20, 'Purple', 'XXL', 7127.91, 115),
(466, 22, 'Beige', 'XL', 5531.29, 42),
(467, 132, 'Brown', 'L', 9031.61, 135),
(468, 475, 'Black', 'Small', 2642.58, 112),
(469, 37, 'Beige', 'One Size', 9591.64, 101),
(470, 444, 'Beige', 'Small', 743.64, 54),
(471, 417, 'Yellow', 'Small', 7280.22, 107),
(472, 332, 'Red', 'XXL', 8556.28, 60),
(473, 26, 'Purple', 'Small', 1701.79, 121),
(474, 2, 'Grey', 'L', 4677.8, 86),
(475, 9, 'Red', 'XL', 5245.16, 131),
(476, 36, 'Pink', 'Small', 6090.53, 152),
(477, 308, 'Red', 'Medium', 6213.95, 8),
(478, 103, 'Red', 'Large', 4871.42, 188),
(479, 299, 'Beige', 'Small', 403.65, 74),
(480, 43, 'White', 'Small', 2566.52, 143),
(481, 288, 'White', 'Small', 5822.03, 6),
(482, 103, 'Purple', 'One Size', 1044.46, 178),
(483, 118, 'Purple', 'One Size', 9335.91, 89),
(484, 374, 'Grey', 'M', 5055.56, 88),
(485, 149, 'White', 'S', 1440.91, 164),
(486, 253, 'Grey', 'Small', 9469.39, 134),
(487, 157, 'Pink', 'Medium', 6605.38, 90),
(488, 193, 'Pink', 'XL', 102.06, 200),
(489, 131, 'Black', 'One Size', 4281.96, 3),
(490, 279, 'Purple', 'XL', 9847.01, 72),
(491, 184, 'Beige', 'Medium', 282.31, 88),
(492, 469, 'Beige', 'L', 902.05, 121),
(493, 123, 'Pink', 'Large', 1835.71, 39),
(494, 302, 'Grey', 'S', 1963.32, 29),
(495, 350, 'White', 'XL', 7908.54, 66),
(496, 409, 'White', 'M', 9063.9, 164),
(497, 221, 'Yellow', 'Large', 2512.11, 173),
(498, 491, 'Yellow', 'M', 5864.28, 22),
(499, 152, 'Purple', 'S', 2245.04, 149),
(500, 474, 'Red', 'Large', 2631.76, 187);

INSERT INTO product_images (image_id, product_id, image_url) VALUES
(1, 1, 'https://example.com/images/product_1.jpg'),
(2, 2, 'https://example.com/images/product_2.jpg'),
(3, 3, 'https://example.com/images/product_3.jpg'),
(4, 4, 'https://example.com/images/product_4.jpg'),
(5, 5, 'https://example.com/images/product_5.jpg'),
(6, 6, 'https://example.com/images/product_6.jpg'),
(7, 7, 'https://example.com/images/product_7.jpg'),
(8, 8, 'https://example.com/images/product_8.jpg'),
(9, 9, 'https://example.com/images/product_9.jpg'),
(10, 10, 'https://example.com/images/product_10.jpg'),
(11, 11, 'https://example.com/images/product_11.jpg'),
(12, 12, 'https://example.com/images/product_12.jpg'),
(13, 13, 'https://example.com/images/product_13.jpg'),
(14, 14, 'https://example.com/images/product_14.jpg'),
(15, 15, 'https://example.com/images/product_15.jpg'),
(16, 16, 'https://example.com/images/product_16.jpg'),
(17, 17, 'https://example.com/images/product_17.jpg'),
(18, 18, 'https://example.com/images/product_18.jpg'),
(19, 19, 'https://example.com/images/product_19.jpg'),
(20, 20, 'https://example.com/images/product_20.jpg'),
(21, 21, 'https://example.com/images/product_21.jpg'),
(22, 22, 'https://example.com/images/product_22.jpg'),
(23, 23, 'https://example.com/images/product_23.jpg'),
(24, 24, 'https://example.com/images/product_24.jpg'),
(25, 25, 'https://example.com/images/product_25.jpg'),
(26, 26, 'https://example.com/images/product_26.jpg'),
(27, 27, 'https://example.com/images/product_27.jpg'),
(28, 28, 'https://example.com/images/product_28.jpg'),
(29, 29, 'https://example.com/images/product_29.jpg'),
(30, 30, 'https://example.com/images/product_30.jpg'),
(31, 31, 'https://example.com/images/product_31.jpg'),
(32, 32, 'https://example.com/images/product_32.jpg'),
(33, 33, 'https://example.com/images/product_33.jpg'),
(34, 34, 'https://example.com/images/product_34.jpg'),
(35, 35, 'https://example.com/images/product_35.jpg'),
(36, 36, 'https://example.com/images/product_36.jpg'),
(37, 37, 'https://example.com/images/product_37.jpg'),
(38, 38, 'https://example.com/images/product_38.jpg'),
(39, 39, 'https://example.com/images/product_39.jpg'),
(40, 40, 'https://example.com/images/product_40.jpg'),
(41, 41, 'https://example.com/images/product_41.jpg'),
(42, 42, 'https://example.com/images/product_42.jpg'),
(43, 43, 'https://example.com/images/product_43.jpg'),
(44, 44, 'https://example.com/images/product_44.jpg'),
(45, 45, 'https://example.com/images/product_45.jpg'),
(46, 46, 'https://example.com/images/product_46.jpg'),
(47, 47, 'https://example.com/images/product_47.jpg'),
(48, 48, 'https://example.com/images/product_48.jpg'),
(49, 49, 'https://example.com/images/product_49.jpg'),
(50, 50, 'https://example.com/images/product_50.jpg'),
(51, 51, 'https://example.com/images/product_51.jpg'),
(52, 52, 'https://example.com/images/product_52.jpg'),
(53, 53, 'https://example.com/images/product_53.jpg'),
(54, 54, 'https://example.com/images/product_54.jpg'),
(55, 55, 'https://example.com/images/product_55.jpg'),
(56, 56, 'https://example.com/images/product_56.jpg'),
(57, 57, 'https://example.com/images/product_57.jpg'),
(58, 58, 'https://example.com/images/product_58.jpg'),
(59, 59, 'https://example.com/images/product_59.jpg'),
(60, 60, 'https://example.com/images/product_60.jpg'),
(61, 61, 'https://example.com/images/product_61.jpg'),
(62, 62, 'https://example.com/images/product_62.jpg'),
(63, 63, 'https://example.com/images/product_63.jpg'),
(64, 64, 'https://example.com/images/product_64.jpg'),
(65, 65, 'https://example.com/images/product_65.jpg'),
(66, 66, 'https://example.com/images/product_66.jpg'),
(67, 67, 'https://example.com/images/product_67.jpg'),
(68, 68, 'https://example.com/images/product_68.jpg'),
(69, 69, 'https://example.com/images/product_69.jpg'),
(70, 70, 'https://example.com/images/product_70.jpg'),
(71, 71, 'https://example.com/images/product_71.jpg'),
(72, 72, 'https://example.com/images/product_72.jpg'),
(73, 73, 'https://example.com/images/product_73.jpg'),
(74, 74, 'https://example.com/images/product_74.jpg'),
(75, 75, 'https://example.com/images/product_75.jpg'),
(76, 76, 'https://example.com/images/product_76.jpg'),
(77, 77, 'https://example.com/images/product_77.jpg'),
(78, 78, 'https://example.com/images/product_78.jpg'),
(79, 79, 'https://example.com/images/product_79.jpg'),
(80, 80, 'https://example.com/images/product_80.jpg'),
(81, 81, 'https://example.com/images/product_81.jpg'),
(82, 82, 'https://example.com/images/product_82.jpg'),
(83, 83, 'https://example.com/images/product_83.jpg'),
(84, 84, 'https://example.com/images/product_84.jpg'),
(85, 85, 'https://example.com/images/product_85.jpg'),
(86, 86, 'https://example.com/images/product_86.jpg'),
(87, 87, 'https://example.com/images/product_87.jpg'),
(88, 88, 'https://example.com/images/product_88.jpg'),
(89, 89, 'https://example.com/images/product_89.jpg'),
(90, 90, 'https://example.com/images/product_90.jpg'),
(91, 91, 'https://example.com/images/product_91.jpg'),
(92, 92, 'https://example.com/images/product_92.jpg'),
(93, 93, 'https://example.com/images/product_93.jpg'),
(94, 94, 'https://example.com/images/product_94.jpg'),
(95, 95, 'https://example.com/images/product_95.jpg'),
(96, 96, 'https://example.com/images/product_96.jpg'),
(97, 97, 'https://example.com/images/product_97.jpg'),
(98, 98, 'https://example.com/images/product_98.jpg'),
(99, 99, 'https://example.com/images/product_99.jpg'),
(100, 100, 'https://example.com/images/product_100.jpg'),
(101, 101, 'https://example.com/images/product_101.jpg'),
(102, 102, 'https://example.com/images/product_102.jpg'),
(103, 103, 'https://example.com/images/product_103.jpg'),
(104, 104, 'https://example.com/images/product_104.jpg'),
(105, 105, 'https://example.com/images/product_105.jpg'),
(106, 106, 'https://example.com/images/product_106.jpg'),
(107, 107, 'https://example.com/images/product_107.jpg'),
(108, 108, 'https://example.com/images/product_108.jpg'),
(109, 109, 'https://example.com/images/product_109.jpg'),
(110, 110, 'https://example.com/images/product_110.jpg'),
(111, 111, 'https://example.com/images/product_111.jpg'),
(112, 112, 'https://example.com/images/product_112.jpg'),
(113, 113, 'https://example.com/images/product_113.jpg'),
(114, 114, 'https://example.com/images/product_114.jpg'),
(115, 115, 'https://example.com/images/product_115.jpg'),
(116, 116, 'https://example.com/images/product_116.jpg'),
(117, 117, 'https://example.com/images/product_117.jpg'),
(118, 118, 'https://example.com/images/product_118.jpg'),
(119, 119, 'https://example.com/images/product_119.jpg'),
(120, 120, 'https://example.com/images/product_120.jpg'),
(121, 121, 'https://example.com/images/product_121.jpg'),
(122, 122, 'https://example.com/images/product_122.jpg'),
(123, 123, 'https://example.com/images/product_123.jpg'),
(124, 124, 'https://example.com/images/product_124.jpg'),
(125, 125, 'https://example.com/images/product_125.jpg'),
(126, 126, 'https://example.com/images/product_126.jpg'),
(127, 127, 'https://example.com/images/product_127.jpg'),
(128, 128, 'https://example.com/images/product_128.jpg'),
(129, 129, 'https://example.com/images/product_129.jpg'),
(130, 130, 'https://example.com/images/product_130.jpg'),
(131, 131, 'https://example.com/images/product_131.jpg'),
(132, 132, 'https://example.com/images/product_132.jpg'),
(133, 133, 'https://example.com/images/product_133.jpg'),
(134, 134, 'https://example.com/images/product_134.jpg'),
(135, 135, 'https://example.com/images/product_135.jpg'),
(136, 136, 'https://example.com/images/product_136.jpg'),
(137, 137, 'https://example.com/images/product_137.jpg'),
(138, 138, 'https://example.com/images/product_138.jpg'),
(139, 139, 'https://example.com/images/product_139.jpg'),
(140, 140, 'https://example.com/images/product_140.jpg'),
(141, 141, 'https://example.com/images/product_141.jpg'),
(142, 142, 'https://example.com/images/product_142.jpg'),
(143, 143, 'https://example.com/images/product_143.jpg'),
(144, 144, 'https://example.com/images/product_144.jpg'),
(145, 145, 'https://example.com/images/product_145.jpg'),
(146, 146, 'https://example.com/images/product_146.jpg'),
(147, 147, 'https://example.com/images/product_147.jpg'),
(148, 148, 'https://example.com/images/product_148.jpg'),
(149, 149, 'https://example.com/images/product_149.jpg'),
(150, 150, 'https://example.com/images/product_150.jpg'),
(151, 151, 'https://example.com/images/product_151.jpg'),
(152, 152, 'https://example.com/images/product_152.jpg'),
(153, 153, 'https://example.com/images/product_153.jpg'),
(154, 154, 'https://example.com/images/product_154.jpg'),
(155, 155, 'https://example.com/images/product_155.jpg'),
(156, 156, 'https://example.com/images/product_156.jpg'),
(157, 157, 'https://example.com/images/product_157.jpg'),
(158, 158, 'https://example.com/images/product_158.jpg'),
(159, 159, 'https://example.com/images/product_159.jpg'),
(160, 160, 'https://example.com/images/product_160.jpg'),
(161, 161, 'https://example.com/images/product_161.jpg'),
(162, 162, 'https://example.com/images/product_162.jpg'),
(163, 163, 'https://example.com/images/product_163.jpg'),
(164, 164, 'https://example.com/images/product_164.jpg'),
(165, 165, 'https://example.com/images/product_165.jpg'),
(166, 166, 'https://example.com/images/product_166.jpg'),
(167, 167, 'https://example.com/images/product_167.jpg'),
(168, 168, 'https://example.com/images/product_168.jpg'),
(169, 169, 'https://example.com/images/product_169.jpg'),
(170, 170, 'https://example.com/images/product_170.jpg'),
(171, 171, 'https://example.com/images/product_171.jpg'),
(172, 172, 'https://example.com/images/product_172.jpg'),
(173, 173, 'https://example.com/images/product_173.jpg'),
(174, 174, 'https://example.com/images/product_174.jpg'),
(175, 175, 'https://example.com/images/product_175.jpg'),
(176, 176, 'https://example.com/images/product_176.jpg'),
(177, 177, 'https://example.com/images/product_177.jpg'),
(178, 178, 'https://example.com/images/product_178.jpg'),
(179, 179, 'https://example.com/images/product_179.jpg'),
(180, 180, 'https://example.com/images/product_180.jpg'),
(181, 181, 'https://example.com/images/product_181.jpg'),
(182, 182, 'https://example.com/images/product_182.jpg'),
(183, 183, 'https://example.com/images/product_183.jpg'),
(184, 184, 'https://example.com/images/product_184.jpg'),
(185, 185, 'https://example.com/images/product_185.jpg'),
(186, 186, 'https://example.com/images/product_186.jpg'),
(187, 187, 'https://example.com/images/product_187.jpg'),
(188, 188, 'https://example.com/images/product_188.jpg'),
(189, 189, 'https://example.com/images/product_189.jpg'),
(190, 190, 'https://example.com/images/product_190.jpg'),
(191, 191, 'https://example.com/images/product_191.jpg'),
(192, 192, 'https://example.com/images/product_192.jpg'),
(193, 193, 'https://example.com/images/product_193.jpg'),
(194, 194, 'https://example.com/images/product_194.jpg'),
(195, 195, 'https://example.com/images/product_195.jpg'),
(196, 196, 'https://example.com/images/product_196.jpg'),
(197, 197, 'https://example.com/images/product_197.jpg'),
(198, 198, 'https://example.com/images/product_198.jpg'),
(199, 199, 'https://example.com/images/product_199.jpg'),
(200, 200, 'https://example.com/images/product_200.jpg'),
(201, 201, 'https://example.com/images/product_201.jpg'),
(202, 202, 'https://example.com/images/product_202.jpg'),
(203, 203, 'https://example.com/images/product_203.jpg'),
(204, 204, 'https://example.com/images/product_204.jpg'),
(205, 205, 'https://example.com/images/product_205.jpg'),
(206, 206, 'https://example.com/images/product_206.jpg'),
(207, 207, 'https://example.com/images/product_207.jpg'),
(208, 208, 'https://example.com/images/product_208.jpg'),
(209, 209, 'https://example.com/images/product_209.jpg'),
(210, 210, 'https://example.com/images/product_210.jpg'),
(211, 211, 'https://example.com/images/product_211.jpg'),
(212, 212, 'https://example.com/images/product_212.jpg'),
(213, 213, 'https://example.com/images/product_213.jpg'),
(214, 214, 'https://example.com/images/product_214.jpg'),
(215, 215, 'https://example.com/images/product_215.jpg'),
(216, 216, 'https://example.com/images/product_216.jpg'),
(217, 217, 'https://example.com/images/product_217.jpg'),
(218, 218, 'https://example.com/images/product_218.jpg'),
(219, 219, 'https://example.com/images/product_219.jpg'),
(220, 220, 'https://example.com/images/product_220.jpg'),
(221, 221, 'https://example.com/images/product_221.jpg'),
(222, 222, 'https://example.com/images/product_222.jpg'),
(223, 223, 'https://example.com/images/product_223.jpg'),
(224, 224, 'https://example.com/images/product_224.jpg'),
(225, 225, 'https://example.com/images/product_225.jpg'),
(226, 226, 'https://example.com/images/product_226.jpg'),
(227, 227, 'https://example.com/images/product_227.jpg'),
(228, 228, 'https://example.com/images/product_228.jpg'),
(229, 229, 'https://example.com/images/product_229.jpg'),
(230, 230, 'https://example.com/images/product_230.jpg'),
(231, 231, 'https://example.com/images/product_231.jpg'),
(232, 232, 'https://example.com/images/product_232.jpg'),
(233, 233, 'https://example.com/images/product_233.jpg'),
(234, 234, 'https://example.com/images/product_234.jpg'),
(235, 235, 'https://example.com/images/product_235.jpg'),
(236, 236, 'https://example.com/images/product_236.jpg'),
(237, 237, 'https://example.com/images/product_237.jpg'),
(238, 238, 'https://example.com/images/product_238.jpg'),
(239, 239, 'https://example.com/images/product_239.jpg'),
(240, 240, 'https://example.com/images/product_240.jpg'),
(241, 241, 'https://example.com/images/product_241.jpg'),
(242, 242, 'https://example.com/images/product_242.jpg'),
(243, 243, 'https://example.com/images/product_243.jpg'),
(244, 244, 'https://example.com/images/product_244.jpg'),
(245, 245, 'https://example.com/images/product_245.jpg'),
(246, 246, 'https://example.com/images/product_246.jpg'),
(247, 247, 'https://example.com/images/product_247.jpg'),
(248, 248, 'https://example.com/images/product_248.jpg'),
(249, 249, 'https://example.com/images/product_249.jpg'),
(250, 250, 'https://example.com/images/product_250.jpg'),
(251, 251, 'https://example.com/images/product_251.jpg'),
(252, 252, 'https://example.com/images/product_252.jpg'),
(253, 253, 'https://example.com/images/product_253.jpg'),
(254, 254, 'https://example.com/images/product_254.jpg'),
(255, 255, 'https://example.com/images/product_255.jpg'),
(256, 256, 'https://example.com/images/product_256.jpg'),
(257, 257, 'https://example.com/images/product_257.jpg'),
(258, 258, 'https://example.com/images/product_258.jpg'),
(259, 259, 'https://example.com/images/product_259.jpg'),
(260, 260, 'https://example.com/images/product_260.jpg'),
(261, 261, 'https://example.com/images/product_261.jpg'),
(262, 262, 'https://example.com/images/product_262.jpg'),
(263, 263, 'https://example.com/images/product_263.jpg'),
(264, 264, 'https://example.com/images/product_264.jpg'),
(265, 265, 'https://example.com/images/product_265.jpg'),
(266, 266, 'https://example.com/images/product_266.jpg'),
(267, 267, 'https://example.com/images/product_267.jpg'),
(268, 268, 'https://example.com/images/product_268.jpg'),
(269, 269, 'https://example.com/images/product_269.jpg'),
(270, 270, 'https://example.com/images/product_270.jpg'),
(271, 271, 'https://example.com/images/product_271.jpg'),
(272, 272, 'https://example.com/images/product_272.jpg'),
(273, 273, 'https://example.com/images/product_273.jpg'),
(274, 274, 'https://example.com/images/product_274.jpg'),
(275, 275, 'https://example.com/images/product_275.jpg'),
(276, 276, 'https://example.com/images/product_276.jpg'),
(277, 277, 'https://example.com/images/product_277.jpg'),
(278, 278, 'https://example.com/images/product_278.jpg'),
(279, 279, 'https://example.com/images/product_279.jpg'),
(280, 280, 'https://example.com/images/product_280.jpg'),
(281, 281, 'https://example.com/images/product_281.jpg'),
(282, 282, 'https://example.com/images/product_282.jpg'),
(283, 283, 'https://example.com/images/product_283.jpg'),
(284, 284, 'https://example.com/images/product_284.jpg'),
(285, 285, 'https://example.com/images/product_285.jpg'),
(286, 286, 'https://example.com/images/product_286.jpg'),
(287, 287, 'https://example.com/images/product_287.jpg'),
(288, 288, 'https://example.com/images/product_288.jpg'),
(289, 289, 'https://example.com/images/product_289.jpg'),
(290, 290, 'https://example.com/images/product_290.jpg'),
(291, 291, 'https://example.com/images/product_291.jpg'),
(292, 292, 'https://example.com/images/product_292.jpg'),
(293, 293, 'https://example.com/images/product_293.jpg'),
(294, 294, 'https://example.com/images/product_294.jpg'),
(295, 295, 'https://example.com/images/product_295.jpg'),
(296, 296, 'https://example.com/images/product_296.jpg'),
(297, 297, 'https://example.com/images/product_297.jpg'),
(298, 298, 'https://example.com/images/product_298.jpg'),
(299, 299, 'https://example.com/images/product_299.jpg'),
(300, 300, 'https://example.com/images/product_300.jpg'),
(301, 301, 'https://example.com/images/product_301.jpg'),
(302, 302, 'https://example.com/images/product_302.jpg'),
(303, 303, 'https://example.com/images/product_303.jpg'),
(304, 304, 'https://example.com/images/product_304.jpg'),
(305, 305, 'https://example.com/images/product_305.jpg'),
(306, 306, 'https://example.com/images/product_306.jpg'),
(307, 307, 'https://example.com/images/product_307.jpg'),
(308, 308, 'https://example.com/images/product_308.jpg'),
(309, 309, 'https://example.com/images/product_309.jpg'),
(310, 310, 'https://example.com/images/product_310.jpg'),
(311, 311, 'https://example.com/images/product_311.jpg'),
(312, 312, 'https://example.com/images/product_312.jpg'),
(313, 313, 'https://example.com/images/product_313.jpg'),
(314, 314, 'https://example.com/images/product_314.jpg'),
(315, 315, 'https://example.com/images/product_315.jpg'),
(316, 316, 'https://example.com/images/product_316.jpg'),
(317, 317, 'https://example.com/images/product_317.jpg'),
(318, 318, 'https://example.com/images/product_318.jpg'),
(319, 319, 'https://example.com/images/product_319.jpg'),
(320, 320, 'https://example.com/images/product_320.jpg'),
(321, 321, 'https://example.com/images/product_321.jpg'),
(322, 322, 'https://example.com/images/product_322.jpg'),
(323, 323, 'https://example.com/images/product_323.jpg'),
(324, 324, 'https://example.com/images/product_324.jpg'),
(325, 325, 'https://example.com/images/product_325.jpg'),
(326, 326, 'https://example.com/images/product_326.jpg'),
(327, 327, 'https://example.com/images/product_327.jpg'),
(328, 328, 'https://example.com/images/product_328.jpg'),
(329, 329, 'https://example.com/images/product_329.jpg'),
(330, 330, 'https://example.com/images/product_330.jpg'),
(331, 331, 'https://example.com/images/product_331.jpg'),
(332, 332, 'https://example.com/images/product_332.jpg'),
(333, 333, 'https://example.com/images/product_333.jpg'),
(334, 334, 'https://example.com/images/product_334.jpg'),
(335, 335, 'https://example.com/images/product_335.jpg'),
(336, 336, 'https://example.com/images/product_336.jpg'),
(337, 337, 'https://example.com/images/product_337.jpg'),
(338, 338, 'https://example.com/images/product_338.jpg'),
(339, 339, 'https://example.com/images/product_339.jpg'),
(340, 340, 'https://example.com/images/product_340.jpg'),
(341, 341, 'https://example.com/images/product_341.jpg'),
(342, 342, 'https://example.com/images/product_342.jpg'),
(343, 343, 'https://example.com/images/product_343.jpg'),
(344, 344, 'https://example.com/images/product_344.jpg'),
(345, 345, 'https://example.com/images/product_345.jpg'),
(346, 346, 'https://example.com/images/product_346.jpg'),
(347, 347, 'https://example.com/images/product_347.jpg'),
(348, 348, 'https://example.com/images/product_348.jpg'),
(349, 349, 'https://example.com/images/product_349.jpg'),
(350, 350, 'https://example.com/images/product_350.jpg'),
(351, 351, 'https://example.com/images/product_351.jpg'),
(352, 352, 'https://example.com/images/product_352.jpg'),
(353, 353, 'https://example.com/images/product_353.jpg'),
(354, 354, 'https://example.com/images/product_354.jpg'),
(355, 355, 'https://example.com/images/product_355.jpg'),
(356, 356, 'https://example.com/images/product_356.jpg'),
(357, 357, 'https://example.com/images/product_357.jpg'),
(358, 358, 'https://example.com/images/product_358.jpg'),
(359, 359, 'https://example.com/images/product_359.jpg'),
(360, 360, 'https://example.com/images/product_360.jpg'),
(361, 361, 'https://example.com/images/product_361.jpg'),
(362, 362, 'https://example.com/images/product_362.jpg'),
(363, 363, 'https://example.com/images/product_363.jpg'),
(364, 364, 'https://example.com/images/product_364.jpg'),
(365, 365, 'https://example.com/images/product_365.jpg'),
(366, 366, 'https://example.com/images/product_366.jpg'),
(367, 367, 'https://example.com/images/product_367.jpg'),
(368, 368, 'https://example.com/images/product_368.jpg'),
(369, 369, 'https://example.com/images/product_369.jpg'),
(370, 370, 'https://example.com/images/product_370.jpg'),
(371, 371, 'https://example.com/images/product_371.jpg'),
(372, 372, 'https://example.com/images/product_372.jpg'),
(373, 373, 'https://example.com/images/product_373.jpg'),
(374, 374, 'https://example.com/images/product_374.jpg'),
(375, 375, 'https://example.com/images/product_375.jpg'),
(376, 376, 'https://example.com/images/product_376.jpg'),
(377, 377, 'https://example.com/images/product_377.jpg'),
(378, 378, 'https://example.com/images/product_378.jpg'),
(379, 379, 'https://example.com/images/product_379.jpg'),
(380, 380, 'https://example.com/images/product_380.jpg'),
(381, 381, 'https://example.com/images/product_381.jpg'),
(382, 382, 'https://example.com/images/product_382.jpg'),
(383, 383, 'https://example.com/images/product_383.jpg'),
(384, 384, 'https://example.com/images/product_384.jpg'),
(385, 385, 'https://example.com/images/product_385.jpg'),
(386, 386, 'https://example.com/images/product_386.jpg'),
(387, 387, 'https://example.com/images/product_387.jpg'),
(388, 388, 'https://example.com/images/product_388.jpg'),
(389, 389, 'https://example.com/images/product_389.jpg'),
(390, 390, 'https://example.com/images/product_390.jpg'),
(391, 391, 'https://example.com/images/product_391.jpg'),
(392, 392, 'https://example.com/images/product_392.jpg'),
(393, 393, 'https://example.com/images/product_393.jpg'),
(394, 394, 'https://example.com/images/product_394.jpg'),
(395, 395, 'https://example.com/images/product_395.jpg'),
(396, 396, 'https://example.com/images/product_396.jpg'),
(397, 397, 'https://example.com/images/product_397.jpg'),
(398, 398, 'https://example.com/images/product_398.jpg'),
(399, 399, 'https://example.com/images/product_399.jpg'),
(400, 400, 'https://example.com/images/product_400.jpg'),
(401, 401, 'https://example.com/images/product_401.jpg'),
(402, 402, 'https://example.com/images/product_402.jpg'),
(403, 403, 'https://example.com/images/product_403.jpg'),
(404, 404, 'https://example.com/images/product_404.jpg'),
(405, 405, 'https://example.com/images/product_405.jpg'),
(406, 406, 'https://example.com/images/product_406.jpg'),
(407, 407, 'https://example.com/images/product_407.jpg'),
(408, 408, 'https://example.com/images/product_408.jpg'),
(409, 409, 'https://example.com/images/product_409.jpg'),
(410, 410, 'https://example.com/images/product_410.jpg'),
(411, 411, 'https://example.com/images/product_411.jpg'),
(412, 412, 'https://example.com/images/product_412.jpg'),
(413, 413, 'https://example.com/images/product_413.jpg'),
(414, 414, 'https://example.com/images/product_414.jpg'),
(415, 415, 'https://example.com/images/product_415.jpg'),
(416, 416, 'https://example.com/images/product_416.jpg'),
(417, 417, 'https://example.com/images/product_417.jpg'),
(418, 418, 'https://example.com/images/product_418.jpg'),
(419, 419, 'https://example.com/images/product_419.jpg'),
(420, 420, 'https://example.com/images/product_420.jpg'),
(421, 421, 'https://example.com/images/product_421.jpg'),
(422, 422, 'https://example.com/images/product_422.jpg'),
(423, 423, 'https://example.com/images/product_423.jpg'),
(424, 424, 'https://example.com/images/product_424.jpg'),
(425, 425, 'https://example.com/images/product_425.jpg'),
(426, 426, 'https://example.com/images/product_426.jpg'),
(427, 427, 'https://example.com/images/product_427.jpg'),
(428, 428, 'https://example.com/images/product_428.jpg'),
(429, 429, 'https://example.com/images/product_429.jpg'),
(430, 430, 'https://example.com/images/product_430.jpg'),
(431, 431, 'https://example.com/images/product_431.jpg'),
(432, 432, 'https://example.com/images/product_432.jpg'),
(433, 433, 'https://example.com/images/product_433.jpg'),
(434, 434, 'https://example.com/images/product_434.jpg'),
(435, 435, 'https://example.com/images/product_435.jpg'),
(436, 436, 'https://example.com/images/product_436.jpg'),
(437, 437, 'https://example.com/images/product_437.jpg'),
(438, 438, 'https://example.com/images/product_438.jpg'),
(439, 439, 'https://example.com/images/product_439.jpg'),
(440, 440, 'https://example.com/images/product_440.jpg'),
(441, 441, 'https://example.com/images/product_441.jpg'),
(442, 442, 'https://example.com/images/product_442.jpg'),
(443, 443, 'https://example.com/images/product_443.jpg'),
(444, 444, 'https://example.com/images/product_444.jpg'),
(445, 445, 'https://example.com/images/product_445.jpg'),
(446, 446, 'https://example.com/images/product_446.jpg'),
(447, 447, 'https://example.com/images/product_447.jpg'),
(448, 448, 'https://example.com/images/product_448.jpg'),
(449, 449, 'https://example.com/images/product_449.jpg'),
(450, 450, 'https://example.com/images/product_450.jpg'),
(451, 451, 'https://example.com/images/product_451.jpg'),
(452, 452, 'https://example.com/images/product_452.jpg'),
(453, 453, 'https://example.com/images/product_453.jpg'),
(454, 454, 'https://example.com/images/product_454.jpg'),
(455, 455, 'https://example.com/images/product_455.jpg'),
(456, 456, 'https://example.com/images/product_456.jpg'),
(457, 457, 'https://example.com/images/product_457.jpg'),
(458, 458, 'https://example.com/images/product_458.jpg'),
(459, 459, 'https://example.com/images/product_459.jpg'),
(460, 460, 'https://example.com/images/product_460.jpg'),
(461, 461, 'https://example.com/images/product_461.jpg'),
(462, 462, 'https://example.com/images/product_462.jpg'),
(463, 463, 'https://example.com/images/product_463.jpg'),
(464, 464, 'https://example.com/images/product_464.jpg'),
(465, 465, 'https://example.com/images/product_465.jpg'),
(466, 466, 'https://example.com/images/product_466.jpg'),
(467, 467, 'https://example.com/images/product_467.jpg'),
(468, 468, 'https://example.com/images/product_468.jpg'),
(469, 469, 'https://example.com/images/product_469.jpg'),
(470, 470, 'https://example.com/images/product_470.jpg'),
(471, 471, 'https://example.com/images/product_471.jpg'),
(472, 472, 'https://example.com/images/product_472.jpg'),
(473, 473, 'https://example.com/images/product_473.jpg'),
(474, 474, 'https://example.com/images/product_474.jpg'),
(475, 475, 'https://example.com/images/product_475.jpg'),
(476, 476, 'https://example.com/images/product_476.jpg'),
(477, 477, 'https://example.com/images/product_477.jpg'),
(478, 478, 'https://example.com/images/product_478.jpg'),
(479, 479, 'https://example.com/images/product_479.jpg'),
(480, 480, 'https://example.com/images/product_480.jpg'),
(481, 481, 'https://example.com/images/product_481.jpg'),
(482, 482, 'https://example.com/images/product_482.jpg'),
(483, 483, 'https://example.com/images/product_483.jpg'),
(484, 484, 'https://example.com/images/product_484.jpg'),
(485, 485, 'https://example.com/images/product_485.jpg'),
(486, 486, 'https://example.com/images/product_486.jpg'),
(487, 487, 'https://example.com/images/product_487.jpg'),
(488, 488, 'https://example.com/images/product_488.jpg'),
(489, 489, 'https://example.com/images/product_489.jpg'),
(490, 490, 'https://example.com/images/product_490.jpg'),
(491, 491, 'https://example.com/images/product_491.jpg'),
(492, 492, 'https://example.com/images/product_492.jpg'),
(493, 493, 'https://example.com/images/product_493.jpg'),
(494, 494, 'https://example.com/images/product_494.jpg'),
(495, 495, 'https://example.com/images/product_495.jpg'),
(496, 496, 'https://example.com/images/product_496.jpg'),
(497, 497, 'https://example.com/images/product_497.jpg'),
(498, 498, 'https://example.com/images/product_498.jpg'),
(499, 499, 'https://example.com/images/product_499.jpg'),
(500, 500, 'https://example.com/images/product_500.jpg');

INSERT INTO orders (order_id, user_id, product_id, order_date, quantity, total_amount, status) VALUES
(1, 'U0001', 19, '2023-04-10', 3, 414.07, 'Shipped'),
(2, 'U0002', 449, '2023-05-01', 3, 5861.25, 'Shipped'),
(3, 'U0003', 268, '2023-02-18', 1, 1692.74, 'Shipped'),
(4, 'U0004', 429, '2023-03-07', 6, 6245.08, 'Shipped'),
(5, 'U0005', 195, '2023-07-03', 10, 1677.47, 'Shipped'),
(6, 'U0006', 395, '2023-08-04', 4, 4241.73, 'Delivered'),
(7, 'U0007', 60, '2023-09-25', 4, 6950.49, 'Cancelled'),
(8, 'U0008', 339, '2023-09-08', 3, 1832.05, 'Pending'),
(9, 'U0009', 5, '2023-12-28', 6, 11208.96, 'Delivered'),
(10, 'U0010', 354, '2023-12-02', 7, 2870.14, 'Pending'),
(11, 'U0011', 240, '2023-12-23', 2, 3819.1, 'Cancelled'),
(12, 'U0012', 427, '2023-02-25', 9, 13543.4, 'Shipped'),
(13, 'U0013', 171, '2023-07-20', 5, 5225.41, 'Shipped'),
(14, 'U0014', 69, '2023-11-23', 10, 9721.73, 'Cancelled'),
(15, 'U0015', 442, '2023-07-21', 2, 443.77, 'Delivered'),
(16, 'U0016', 9, '2023-01-02', 4, 1942.37, 'Shipped'),
(17, 'U0017', 79, '2023-12-04', 9, 1135.36, 'Shipped'),
(18, 'U0018', 198, '2023-05-08', 3, 5830.37, 'Shipped'),
(19, 'U0019', 220, '2023-09-13', 7, 6600.84, 'Shipped'),
(20, 'U0020', 422, '2023-12-26', 7, 13529.78, 'Cancelled'),
(21, 'U0021', 287, '2023-07-13', 6, 3214.6, 'Shipped'),
(22, 'U0022', 466, '2023-04-06', 10, 15714.76, 'Delivered'),
(23, 'U0023', 178, '2023-07-07', 9, 11173.66, 'Pending'),
(24, 'U0024', 354, '2023-12-19', 4, 2790.07, 'Cancelled'),
(25, 'U0025', 500, '2023-05-06', 2, 1462.51, 'Cancelled'),
(26, 'U0026', 402, '2023-06-23', 7, 7642.53, 'Shipped'),
(27, 'U0027', 280, '2023-07-03', 3, 3318.66, 'Pending'),
(28, 'U0028', 292, '2023-01-17', 2, 965.73, 'Pending'),
(29, 'U0029', 493, '2023-05-21', 2, 3536.27, 'Cancelled'),
(30, 'U0030', 183, '2023-05-09', 10, 11459.13, 'Delivered'),
(31, 'U0031', 388, '2023-03-05', 3, 3501.33, 'Cancelled'),
(32, 'U0032', 440, '2023-03-03', 2, 3667.0, 'Delivered'),
(33, 'U0033', 379, '2023-09-21', 7, 891.84, 'Cancelled'),
(34, 'U0034', 251, '2023-08-08', 6, 6233.58, 'Delivered'),
(35, 'U0035', 192, '2023-11-04', 1, 1023.15, 'Pending'),
(36, 'U0036', 443, '2023-04-07', 5, 3269.21, 'Shipped'),
(37, 'U0037', 475, '2023-02-06', 3, 697.65, 'Delivered'),
(38, 'U0038', 460, '2023-06-18', 3, 519.08, 'Pending'),
(39, 'U0039', 362, '2023-08-14', 7, 2287.14, 'Shipped'),
(40, 'U0040', 236, '2023-01-05', 1, 676.57, 'Pending'),
(41, 'U0041', 35, '2023-12-16', 1, 1857.72, 'Delivered'),
(42, 'U0042', 22, '2023-07-03', 3, 5710.31, 'Cancelled'),
(43, 'U0043', 371, '2023-03-11', 4, 3081.98, 'Pending'),
(44, 'U0044', 361, '2023-05-22', 8, 1832.76, 'Shipped'),
(45, 'U0045', 474, '2023-05-08', 2, 3500.2, 'Shipped'),
(46, 'U0046', 500, '2023-01-15', 2, 2036.0, 'Cancelled'),
(47, 'U0047', 168, '2023-05-23', 3, 1509.9, 'Pending'),
(48, 'U0048', 224, '2023-12-25', 5, 9105.11, 'Cancelled'),
(49, 'U0049', 417, '2023-03-16', 9, 5730.22, 'Cancelled'),
(50, 'U0050', 303, '2023-01-09', 6, 3414.03, 'Shipped'),
(51, 'U0051', 192, '2023-05-20', 4, 3242.95, 'Pending'),
(52, 'U0052', 111, '2023-09-25', 1, 1300.39, 'Shipped'),
(53, 'U0053', 192, '2023-09-16', 3, 1235.19, 'Cancelled'),
(54, 'U0054', 233, '2023-06-25', 5, 2755.41, 'Delivered'),
(55, 'U0055', 411, '2023-05-14', 8, 3210.22, 'Delivered'),
(56, 'U0056', 31, '2023-04-24', 8, 13728.4, 'Delivered'),
(57, 'U0057', 36, '2023-06-20', 5, 6353.36, 'Pending'),
(58, 'U0058', 14, '2023-06-06', 9, 17067.63, 'Shipped'),
(59, 'U0059', 321, '2023-07-11', 7, 3691.62, 'Pending'),
(60, 'U0060', 479, '2023-09-17', 2, 3260.59, 'Cancelled'),
(61, 'U0061', 216, '2023-02-20', 3, 1150.38, 'Delivered'),
(62, 'U0062', 213, '2023-01-04', 9, 968.14, 'Pending'),
(63, 'U0063', 153, '2023-07-26', 10, 7891.66, 'Delivered'),
(64, 'U0064', 259, '2023-03-21', 3, 5510.18, 'Pending'),
(65, 'U0065', 69, '2023-10-23', 5, 7417.48, 'Pending'),
(66, 'U0066', 46, '2023-03-27', 10, 11260.17, 'Cancelled'),
(67, 'U0067', 1, '2023-03-12', 7, 9072.74, 'Cancelled'),
(68, 'U0068', 385, '2023-02-22', 7, 4059.63, 'Cancelled'),
(69, 'U0069', 128, '2023-06-28', 3, 5644.19, 'Shipped'),
(70, 'U0070', 210, '2023-09-09', 8, 9363.8, 'Pending'),
(71, 'U0071', 133, '2023-10-04', 2, 2370.84, 'Delivered'),
(72, 'U0072', 480, '2023-07-14', 8, 11437.45, 'Pending'),
(73, 'U0073', 426, '2023-01-02', 7, 4059.27, 'Cancelled'),
(74, 'U0074', 169, '2023-11-16', 9, 10027.07, 'Pending'),
(75, 'U0075', 474, '2023-03-27', 1, 895.15, 'Pending'),
(76, 'U0076', 83, '2023-05-23', 6, 2290.0, 'Delivered'),
(77, 'U0077', 178, '2023-08-13', 7, 5811.25, 'Shipped'),
(78, 'U0078', 389, '2023-08-18', 5, 8585.23, 'Delivered'),
(79, 'U0079', 476, '2023-07-22', 6, 10917.66, 'Pending'),
(80, 'U0080', 237, '2023-08-17', 1, 1585.21, 'Delivered'),
(81, 'U0081', 292, '2023-10-14', 7, 5037.19, 'Delivered'),
(82, 'U0082', 378, '2023-04-02', 9, 10589.98, 'Cancelled'),
(83, 'U0083', 190, '2023-07-13', 5, 6604.93, 'Shipped'),
(84, 'U0084', 191, '2023-08-25', 8, 1628.93, 'Delivered'),
(85, 'U0085', 50, '2023-04-22', 10, 4827.3, 'Cancelled'),
(86, 'U0086', 114, '2023-07-18', 8, 12518.43, 'Cancelled'),
(87, 'U0087', 393, '2023-01-20', 4, 3753.56, 'Pending'),
(88, 'U0088', 297, '2023-05-21', 7, 7391.67, 'Pending'),
(89, 'U0089', 252, '2023-07-18', 8, 13851.27, 'Delivered'),
(90, 'U0090', 171, '2023-11-04', 6, 7145.81, 'Pending'),
(91, 'U0091', 54, '2023-01-13', 9, 3252.8, 'Delivered'),
(92, 'U0092', 29, '2023-08-21', 6, 7008.9, 'Shipped'),
(93, 'U0093', 254, '2023-05-27', 9, 13167.56, 'Delivered'),
(94, 'U0094', 170, '2023-03-24', 8, 15177.0, 'Delivered'),
(95, 'U0095', 481, '2023-12-12', 4, 4866.36, 'Pending'),
(96, 'U0096', 147, '2023-05-05', 2, 3605.66, 'Pending'),
(97, 'U0097', 261, '2023-11-04', 5, 4707.22, 'Shipped'),
(98, 'U0098', 172, '2023-07-08', 5, 3171.36, 'Delivered'),
(99, 'U0099', 82, '2023-06-19', 9, 14761.45, 'Pending'),
(100, 'U0100', 462, '2023-09-11', 9, 15158.08, 'Cancelled'),
(101, 'U0101', 205, '2023-04-06', 10, 15680.73, 'Pending'),
(102, 'U0102', 244, '2023-08-09', 1, 1043.76, 'Pending'),
(103, 'U0103', 302, '2023-07-02', 3, 4697.13, 'Delivered'),
(104, 'U0104', 472, '2023-06-19', 5, 1965.44, 'Cancelled'),
(105, 'U0105', 105, '2023-04-09', 4, 5919.32, 'Shipped'),
(106, 'U0106', 100, '2023-12-18', 2, 2091.97, 'Cancelled'),
(107, 'U0107', 496, '2023-03-20', 4, 5158.36, 'Cancelled'),
(108, 'U0108', 162, '2023-09-23', 2, 3765.89, 'Cancelled'),
(109, 'U0109', 476, '2023-06-09', 2, 2655.33, 'Cancelled'),
(110, 'U0110', 377, '2023-12-25', 2, 1597.83, 'Cancelled'),
(111, 'U0111', 273, '2023-05-22', 7, 9042.84, 'Delivered'),
(112, 'U0112', 441, '2023-11-11', 9, 13739.86, 'Delivered'),
(113, 'U0113', 268, '2023-02-16', 1, 684.04, 'Pending'),
(114, 'U0114', 66, '2023-02-05', 1, 1273.2, 'Delivered'),
(115, 'U0115', 50, '2023-04-12', 10, 12890.69, 'Pending'),
(116, 'U0116', 177, '2023-09-27', 9, 11855.3, 'Cancelled'),
(117, 'U0117', 237, '2023-02-01', 1, 707.29, 'Shipped'),
(118, 'U0118', 245, '2023-10-13', 10, 1757.54, 'Cancelled'),
(119, 'U0119', 216, '2023-04-14', 8, 9364.21, 'Shipped'),
(120, 'U0120', 480, '2023-04-20', 3, 4888.84, 'Pending'),
(121, 'U0121', 126, '2023-08-19', 3, 2254.77, 'Delivered'),
(122, 'U0122', 131, '2023-09-09', 9, 4151.47, 'Shipped'),
(123, 'U0123', 308, '2023-08-27', 3, 2768.74, 'Cancelled'),
(124, 'U0124', 471, '2023-06-10', 3, 429.29, 'Delivered'),
(125, 'U0125', 213, '2023-10-16', 10, 9003.78, 'Shipped'),
(126, 'U0126', 283, '2023-05-08', 9, 17808.93, 'Shipped'),
(127, 'U0127', 414, '2023-12-17', 7, 2601.3, 'Pending'),
(128, 'U0128', 428, '2023-09-10', 9, 17631.92, 'Pending'),
(129, 'U0129', 478, '2023-07-06', 10, 10649.49, 'Delivered'),
(130, 'U0130', 149, '2023-01-27', 4, 6246.9, 'Cancelled'),
(131, 'U0131', 233, '2023-11-07', 5, 7914.98, 'Shipped'),
(132, 'U0132', 359, '2023-08-10', 10, 13707.87, 'Cancelled'),
(133, 'U0133', 281, '2023-06-19', 10, 5339.61, 'Cancelled'),
(134, 'U0134', 67, '2023-03-07', 6, 1497.83, 'Pending'),
(135, 'U0135', 423, '2023-12-16', 5, 5365.6, 'Delivered'),
(136, 'U0136', 364, '2023-07-26', 6, 1472.9, 'Cancelled'),
(137, 'U0137', 181, '2023-06-13', 9, 10935.73, 'Pending'),
(138, 'U0138', 272, '2023-03-16', 10, 10860.97, 'Delivered'),
(139, 'U0139', 473, '2023-12-09', 1, 139.09, 'Shipped'),
(140, 'U0140', 153, '2023-10-11', 2, 499.15, 'Shipped'),
(141, 'U0141', 433, '2023-12-14', 2, 372.42, 'Pending'),
(142, 'U0142', 442, '2023-12-19', 6, 3298.51, 'Pending'),
(143, 'U0143', 371, '2023-12-13', 4, 2352.61, 'Cancelled'),
(144, 'U0144', 120, '2023-07-04', 9, 1765.21, 'Delivered'),
(145, 'U0145', 11, '2023-08-04', 6, 4249.29, 'Pending'),
(146, 'U0146', 207, '2023-06-14', 1, 1630.7, 'Delivered'),
(147, 'U0147', 334, '2023-11-21', 4, 2025.22, 'Shipped'),
(148, 'U0148', 315, '2023-10-19', 1, 846.92, 'Pending'),
(149, 'U0149', 4, '2023-08-22', 10, 17195.57, 'Pending'),
(150, 'U0150', 413, '2023-08-05', 3, 2558.0, 'Pending'),
(151, 'U0151', 105, '2023-12-17', 3, 1127.67, 'Delivered'),
(152, 'U0152', 18, '2023-09-01', 10, 1844.34, 'Shipped'),
(153, 'U0153', 203, '2023-12-01', 4, 702.42, 'Cancelled'),
(154, 'U0154', 431, '2023-08-11', 5, 6989.51, 'Delivered'),
(155, 'U0155', 473, '2023-02-28', 3, 4316.48, 'Pending'),
(156, 'U0156', 411, '2023-05-14', 6, 10295.54, 'Cancelled'),
(157, 'U0157', 59, '2023-02-11', 7, 8163.64, 'Shipped'),
(158, 'U0158', 62, '2023-05-22', 1, 522.99, 'Shipped'),
(159, 'U0159', 477, '2023-11-10', 2, 2554.08, 'Delivered'),
(160, 'U0160', 229, '2023-07-27', 8, 6585.64, 'Cancelled'),
(161, 'U0161', 238, '2023-04-01', 7, 4302.26, 'Delivered'),
(162, 'U0162', 418, '2023-12-25', 8, 1311.75, 'Delivered'),
(163, 'U0163', 59, '2023-08-13', 3, 833.96, 'Cancelled'),
(164, 'U0164', 35, '2023-11-18', 9, 8282.96, 'Cancelled'),
(165, 'U0165', 403, '2023-11-01', 8, 5663.1, 'Shipped'),
(166, 'U0166', 202, '2023-09-09', 7, 4952.0, 'Cancelled'),
(167, 'U0167', 34, '2023-12-05', 5, 7283.14, 'Shipped'),
(168, 'U0168', 285, '2023-05-28', 10, 16519.0, 'Delivered'),
(169, 'U0169', 114, '2023-03-03', 7, 8504.52, 'Pending'),
(170, 'U0170', 464, '2023-12-28', 2, 3521.15, 'Delivered'),
(171, 'U0171', 397, '2023-08-02', 7, 6553.42, 'Delivered'),
(172, 'U0172', 246, '2023-01-06', 8, 15114.14, 'Shipped'),
(173, 'U0173', 81, '2023-09-27', 7, 3214.57, 'Pending'),
(174, 'U0174', 118, '2023-04-06', 1, 259.9, 'Shipped'),
(175, 'U0175', 447, '2023-08-16', 4, 7714.12, 'Shipped'),
(176, 'U0176', 81, '2023-01-09', 9, 1713.7, 'Cancelled'),
(177, 'U0177', 337, '2023-01-17', 10, 16318.73, 'Cancelled'),
(178, 'U0178', 183, '2023-04-10', 4, 7115.08, 'Cancelled'),
(179, 'U0179', 479, '2023-05-27', 5, 6599.61, 'Cancelled'),
(180, 'U0180', 49, '2023-04-07', 9, 3427.17, 'Pending'),
(181, 'U0181', 305, '2023-06-08', 7, 3641.59, 'Delivered'),
(182, 'U0182', 446, '2023-06-08', 7, 13263.18, 'Delivered'),
(183, 'U0183', 69, '2023-12-06', 4, 3761.81, 'Shipped'),
(184, 'U0184', 132, '2023-02-23', 1, 889.49, 'Cancelled'),
(185, 'U0185', 335, '2023-06-18', 7, 3743.96, 'Pending'),
(186, 'U0186', 196, '2023-02-28', 3, 4262.86, 'Pending'),
(187, 'U0187', 422, '2023-11-22', 10, 1985.48, 'Shipped'),
(188, 'U0188', 475, '2023-03-11', 6, 6249.63, 'Shipped'),
(189, 'U0189', 48, '2023-04-06', 6, 10333.89, 'Pending'),
(190, 'U0190', 272, '2023-08-21', 3, 580.83, 'Shipped'),
(191, 'U0191', 229, '2023-09-24', 7, 12418.4, 'Delivered'),
(192, 'U0192', 488, '2023-06-14', 1, 1384.14, 'Pending'),
(193, 'U0193', 435, '2023-09-20', 7, 11954.91, 'Delivered'),
(194, 'U0194', 148, '2023-10-05', 8, 15757.21, 'Delivered'),
(195, 'U0195', 460, '2023-09-19', 8, 4206.71, 'Delivered'),
(196, 'U0196', 474, '2023-04-28', 5, 7655.18, 'Shipped'),
(197, 'U0197', 434, '2023-01-02', 3, 3243.86, 'Delivered'),
(198, 'U0198', 470, '2023-12-06', 2, 2318.98, 'Pending'),
(199, 'U0199', 120, '2023-11-03', 10, 18866.23, 'Cancelled'),
(200, 'U0200', 90, '2023-07-13', 7, 3451.32, 'Pending'),
(201, 'U0201', 436, '2023-07-27', 2, 913.94, 'Delivered'),
(202, 'U0202', 406, '2023-10-01', 4, 1144.48, 'Pending'),
(203, 'U0203', 499, '2023-10-10', 6, 5622.42, 'Delivered'),
(204, 'U0204', 285, '2023-06-06', 8, 2416.12, 'Delivered'),
(205, 'U0205', 64, '2023-08-13', 6, 9283.07, 'Pending'),
(206, 'U0206', 108, '2023-09-23', 3, 2330.12, 'Pending'),
(207, 'U0207', 462, '2023-03-19', 6, 11010.09, 'Pending'),
(208, 'U0208', 227, '2023-09-09', 3, 3553.78, 'Shipped'),
(209, 'U0209', 321, '2023-06-15', 5, 5320.61, 'Shipped'),
(210, 'U0210', 208, '2023-01-27', 9, 9438.81, 'Cancelled'),
(211, 'U0211', 362, '2023-07-23', 10, 7073.21, 'Delivered'),
(212, 'U0212', 305, '2023-09-28', 10, 19716.85, 'Shipped'),
(213, 'U0213', 228, '2023-06-22', 4, 1441.11, 'Delivered'),
(214, 'U0214', 346, '2023-02-28', 3, 2474.45, 'Shipped'),
(215, 'U0215', 438, '2023-01-06', 4, 7258.28, 'Delivered'),
(216, 'U0216', 280, '2023-02-23', 2, 2146.8, 'Cancelled'),
(217, 'U0217', 347, '2023-02-16', 1, 485.6, 'Shipped'),
(218, 'U0218', 211, '2023-03-20', 3, 1570.56, 'Pending'),
(219, 'U0219', 384, '2023-02-18', 6, 11833.85, 'Shipped'),
(220, 'U0220', 24, '2023-12-19', 4, 2289.45, 'Pending'),
(221, 'U0221', 454, '2023-07-12', 5, 9517.72, 'Pending'),
(222, 'U0222', 138, '2023-10-13', 3, 2403.06, 'Cancelled'),
(223, 'U0223', 309, '2023-11-17', 8, 8473.66, 'Cancelled'),
(224, 'U0224', 86, '2023-12-27', 10, 19414.1, 'Shipped'),
(225, 'U0225', 10, '2023-12-27', 9, 3356.18, 'Delivered'),
(226, 'U0226', 248, '2023-08-25', 10, 7791.95, 'Shipped'),
(227, 'U0227', 60, '2023-08-23', 10, 14860.22, 'Pending'),
(228, 'U0228', 431, '2023-09-23', 7, 7544.57, 'Pending'),
(229, 'U0229', 319, '2023-11-13', 1, 1177.36, 'Cancelled'),
(230, 'U0230', 126, '2023-10-06', 9, 14100.5, 'Delivered'),
(231, 'U0231', 467, '2023-05-25', 8, 9572.18, 'Shipped'),
(232, 'U0232', 299, '2023-04-09', 2, 1312.78, 'Cancelled'),
(233, 'U0233', 84, '2023-12-06', 4, 6575.5, 'Shipped'),
(234, 'U0234', 426, '2023-07-19', 5, 4955.16, 'Delivered'),
(235, 'U0235', 78, '2023-03-03', 6, 11726.43, 'Cancelled'),
(236, 'U0236', 332, '2023-09-26', 1, 751.22, 'Delivered'),
(237, 'U0237', 124, '2023-07-03', 10, 12177.9, 'Cancelled'),
(238, 'U0238', 327, '2023-09-05', 1, 1605.59, 'Delivered'),
(239, 'U0239', 216, '2023-09-03', 8, 14741.14, 'Delivered'),
(240, 'U0240', 469, '2023-06-01', 4, 534.52, 'Pending'),
(241, 'U0241', 402, '2023-03-12', 3, 4807.49, 'Pending'),
(242, 'U0242', 368, '2023-08-10', 2, 2374.3, 'Pending'),
(243, 'U0243', 164, '2023-10-18', 9, 8898.43, 'Delivered'),
(244, 'U0244', 184, '2023-08-19', 5, 9099.28, 'Pending'),
(245, 'U0245', 263, '2023-06-28', 4, 4517.19, 'Delivered'),
(246, 'U0246', 287, '2023-01-17', 6, 8339.54, 'Shipped'),
(247, 'U0247', 291, '2023-08-28', 1, 399.57, 'Pending'),
(248, 'U0248', 322, '2023-04-20', 1, 810.06, 'Pending'),
(249, 'U0249', 24, '2023-04-06', 5, 8678.61, 'Delivered'),
(250, 'U0250', 147, '2023-09-01', 6, 3477.96, 'Shipped'),
(251, 'U0251', 45, '2023-05-03', 2, 2078.48, 'Cancelled'),
(252, 'U0252', 165, '2023-02-28', 4, 5894.82, 'Cancelled'),
(253, 'U0253', 173, '2023-05-21', 7, 1708.8, 'Cancelled'),
(254, 'U0254', 219, '2023-09-20', 2, 718.11, 'Pending'),
(255, 'U0255', 274, '2023-01-23', 3, 2846.4, 'Delivered'),
(256, 'U0256', 395, '2023-01-26', 1, 1220.76, 'Pending'),
(257, 'U0257', 196, '2023-04-12', 9, 11411.45, 'Pending'),
(258, 'U0258', 499, '2023-03-05', 4, 3455.28, 'Delivered'),
(259, 'U0259', 482, '2023-09-24', 3, 850.83, 'Pending'),
(260, 'U0260', 105, '2023-03-01', 10, 14056.93, 'Shipped'),
(261, 'U0261', 295, '2023-01-18', 2, 1269.74, 'Cancelled'),
(262, 'U0262', 13, '2023-06-05', 6, 1598.29, 'Shipped'),
(263, 'U0263', 387, '2023-10-08', 3, 4446.61, 'Delivered'),
(264, 'U0264', 318, '2023-01-17', 1, 1532.44, 'Delivered'),
(265, 'U0265', 106, '2023-11-04', 4, 5474.54, 'Pending'),
(266, 'U0266', 272, '2023-09-15', 9, 10896.62, 'Shipped'),
(267, 'U0267', 103, '2023-01-22', 4, 4614.57, 'Cancelled'),
(268, 'U0268', 47, '2023-09-12', 2, 2417.31, 'Delivered'),
(269, 'U0269', 144, '2023-12-15', 5, 8460.61, 'Pending'),
(270, 'U0270', 138, '2023-07-12', 9, 9624.54, 'Pending'),
(271, 'U0271', 210, '2023-10-20', 1, 831.2, 'Shipped'),
(272, 'U0272', 52, '2023-12-23', 3, 4877.17, 'Cancelled'),
(273, 'U0273', 62, '2023-08-04', 2, 3815.57, 'Delivered'),
(274, 'U0274', 214, '2023-11-06', 10, 12942.05, 'Shipped'),
(275, 'U0275', 171, '2023-11-13', 8, 5785.38, 'Delivered'),
(276, 'U0276', 346, '2023-04-02', 2, 1438.51, 'Cancelled'),
(277, 'U0277', 435, '2023-03-27', 8, 8555.42, 'Shipped'),
(278, 'U0278', 344, '2023-03-10', 5, 4037.52, 'Pending'),
(279, 'U0279', 95, '2023-08-08', 5, 8934.39, 'Cancelled'),
(280, 'U0280', 76, '2023-02-01', 7, 13568.53, 'Delivered'),
(281, 'U0281', 304, '2023-12-13', 6, 7125.62, 'Shipped'),
(282, 'U0282', 354, '2023-01-26', 10, 10898.95, 'Pending'),
(283, 'U0283', 496, '2023-11-20', 2, 1564.73, 'Pending'),
(284, 'U0284', 201, '2023-07-26', 2, 3969.84, 'Delivered'),
(285, 'U0285', 176, '2023-02-26', 9, 12153.5, 'Shipped'),
(286, 'U0286', 419, '2023-03-11', 2, 453.14, 'Cancelled'),
(287, 'U0287', 120, '2023-11-11', 6, 615.69, 'Pending'),
(288, 'U0288', 90, '2023-01-15', 6, 11580.05, 'Delivered'),
(289, 'U0289', 379, '2023-03-06', 2, 844.61, 'Shipped'),
(290, 'U0290', 283, '2023-06-14', 7, 2217.6, 'Shipped'),
(291, 'U0291', 28, '2023-06-08', 10, 5299.7, 'Delivered'),
(292, 'U0292', 273, '2023-10-12', 7, 976.37, 'Cancelled'),
(293, 'U0293', 322, '2023-01-23', 1, 1429.41, 'Delivered'),
(294, 'U0294', 374, '2023-11-19', 10, 16983.41, 'Cancelled'),
(295, 'U0295', 167, '2023-06-14', 5, 8617.14, 'Pending'),
(296, 'U0296', 490, '2023-04-04', 5, 2873.1, 'Shipped'),
(297, 'U0297', 115, '2023-02-26', 1, 125.04, 'Delivered'),
(298, 'U0298', 497, '2023-11-09', 1, 1737.15, 'Cancelled'),
(299, 'U0299', 408, '2023-05-27', 5, 1414.01, 'Delivered'),
(300, 'U0300', 500, '2023-07-11', 2, 3147.0, 'Pending'),
(301, 'U0301', 403, '2023-06-04', 3, 4958.36, 'Delivered'),
(302, 'U0302', 379, '2023-01-13', 1, 509.05, 'Pending'),
(303, 'U0303', 311, '2023-07-19', 7, 13298.91, 'Cancelled'),
(304, 'U0304', 224, '2023-02-14', 5, 555.83, 'Cancelled'),
(305, 'U0305', 128, '2023-12-05', 2, 1081.01, 'Shipped'),
(306, 'U0306', 315, '2023-11-15', 7, 12215.0, 'Shipped'),
(307, 'U0307', 198, '2023-11-09', 6, 4703.93, 'Pending'),
(308, 'U0308', 206, '2023-03-07', 4, 5410.42, 'Delivered'),
(309, 'U0309', 2, '2023-12-20', 8, 1106.48, 'Delivered'),
(310, 'U0310', 434, '2023-04-16', 8, 6478.61, 'Pending'),
(311, 'U0311', 191, '2023-08-09', 10, 3702.22, 'Pending'),
(312, 'U0312', 478, '2023-02-09', 9, 4528.07, 'Pending'),
(313, 'U0313', 27, '2023-06-01', 8, 3283.67, 'Delivered'),
(314, 'U0314', 371, '2023-04-24', 6, 6553.78, 'Pending'),
(315, 'U0315', 354, '2023-10-01', 6, 3656.96, 'Shipped'),
(316, 'U0316', 304, '2023-04-18', 6, 5435.91, 'Cancelled'),
(317, 'U0317', 214, '2023-10-02', 4, 5641.65, 'Pending'),
(318, 'U0318', 209, '2023-04-14', 1, 380.76, 'Cancelled'),
(319, 'U0319', 236, '2023-03-17', 10, 6523.06, 'Delivered'),
(320, 'U0320', 90, '2023-12-26', 9, 12558.46, 'Shipped'),
(321, 'U0321', 212, '2023-04-12', 6, 5325.94, 'Delivered'),
(322, 'U0322', 76, '2023-02-04', 10, 4445.23, 'Delivered'),
(323, 'U0323', 317, '2023-04-27', 2, 3457.56, 'Cancelled'),
(324, 'U0324', 265, '2023-01-05', 4, 6765.28, 'Pending'),
(325, 'U0325', 234, '2023-02-28', 3, 3965.77, 'Shipped'),
(326, 'U0326', 98, '2023-05-06', 1, 309.06, 'Shipped'),
(327, 'U0327', 496, '2023-08-23', 9, 10485.41, 'Cancelled'),
(328, 'U0328', 270, '2023-07-14', 9, 4878.91, 'Shipped'),
(329, 'U0329', 158, '2023-01-23', 2, 3405.97, 'Shipped'),
(330, 'U0330', 128, '2023-06-14', 9, 5937.22, 'Pending'),
(331, 'U0331', 489, '2023-03-09', 6, 1700.19, 'Pending'),
(332, 'U0332', 119, '2023-03-19', 1, 981.81, 'Pending'),
(333, 'U0333', 263, '2023-07-18', 2, 3274.32, 'Pending'),
(334, 'U0334', 154, '2023-03-04', 7, 12284.27, 'Shipped'),
(335, 'U0335', 242, '2023-09-19', 4, 6842.2, 'Pending'),
(336, 'U0336', 292, '2023-05-21', 7, 11554.39, 'Shipped'),
(337, 'U0337', 454, '2023-05-23', 3, 5144.78, 'Cancelled'),
(338, 'U0338', 162, '2023-06-16', 5, 9048.56, 'Shipped'),
(339, 'U0339', 91, '2023-04-24', 6, 7995.34, 'Shipped'),
(340, 'U0340', 142, '2023-01-08', 3, 1993.41, 'Shipped'),
(341, 'U0341', 133, '2023-01-22', 4, 5296.61, 'Shipped'),
(342, 'U0342', 470, '2023-10-13', 4, 7024.04, 'Delivered'),
(343, 'U0343', 493, '2023-06-13', 6, 6569.88, 'Delivered'),
(344, 'U0344', 363, '2023-02-01', 2, 1902.35, 'Shipped'),
(345, 'U0345', 422, '2023-01-24', 6, 9884.89, 'Pending'),
(346, 'U0346', 75, '2023-10-24', 1, 624.35, 'Pending'),
(347, 'U0347', 125, '2023-03-04', 6, 2036.06, 'Shipped'),
(348, 'U0348', 113, '2023-04-26', 8, 11973.56, 'Pending'),
(349, 'U0349', 331, '2023-08-06', 2, 2079.55, 'Pending'),
(350, 'U0350', 119, '2023-07-17', 5, 3695.92, 'Cancelled'),
(351, 'U0351', 97, '2023-04-13', 2, 1251.28, 'Shipped'),
(352, 'U0352', 256, '2023-04-28', 8, 6980.38, 'Pending'),
(353, 'U0353', 64, '2023-02-08', 1, 767.33, 'Delivered'),
(354, 'U0354', 264, '2023-08-02', 4, 6878.14, 'Delivered'),
(355, 'U0355', 400, '2023-07-02', 4, 2973.63, 'Delivered'),
(356, 'U0356', 84, '2023-02-04', 7, 13547.85, 'Pending'),
(357, 'U0357', 100, '2023-10-11', 7, 5339.22, 'Pending'),
(358, 'U0358', 457, '2023-08-03', 9, 17095.38, 'Delivered'),
(359, 'U0359', 190, '2023-07-03', 1, 353.33, 'Pending'),
(360, 'U0360', 7, '2023-03-21', 10, 9178.72, 'Delivered'),
(361, 'U0361', 104, '2023-09-26', 10, 15231.71, 'Pending'),
(362, 'U0362', 334, '2023-09-10', 10, 8602.51, 'Cancelled'),
(363, 'U0363', 312, '2023-09-08', 1, 564.58, 'Shipped'),
(364, 'U0364', 97, '2023-12-04', 7, 5340.85, 'Cancelled'),
(365, 'U0365', 198, '2023-11-25', 7, 9930.6, 'Pending'),
(366, 'U0366', 401, '2023-09-18', 10, 9914.22, 'Shipped'),
(367, 'U0367', 424, '2023-12-10', 3, 1362.27, 'Shipped'),
(368, 'U0368', 127, '2023-06-01', 6, 8684.26, 'Delivered'),
(369, 'U0369', 478, '2023-01-21', 5, 1830.66, 'Pending'),
(370, 'U0370', 31, '2023-05-04', 10, 19223.01, 'Delivered'),
(371, 'U0371', 138, '2023-08-07', 7, 1262.66, 'Pending'),
(372, 'U0372', 397, '2023-04-11', 10, 19820.28, 'Shipped'),
(373, 'U0373', 443, '2023-02-19', 1, 356.2, 'Shipped'),
(374, 'U0374', 133, '2023-06-12', 8, 1814.27, 'Pending'),
(375, 'U0375', 98, '2023-10-28', 4, 4211.15, 'Shipped'),
(376, 'U0376', 372, '2023-12-09', 2, 2025.42, 'Cancelled'),
(377, 'U0377', 198, '2023-11-27', 4, 3431.99, 'Cancelled'),
(378, 'U0378', 237, '2023-05-14', 9, 10795.99, 'Pending'),
(379, 'U0379', 10, '2023-08-28', 10, 4752.79, 'Cancelled'),
(380, 'U0380', 413, '2023-01-22', 8, 1029.07, 'Delivered'),
(381, 'U0381', 358, '2023-11-03', 9, 3551.93, 'Shipped'),
(382, 'U0382', 404, '2023-10-12', 8, 3114.8, 'Pending'),
(383, 'U0383', 425, '2023-07-10', 5, 7092.06, 'Delivered'),
(384, 'U0384', 336, '2023-11-10', 2, 2772.29, 'Delivered'),
(385, 'U0385', 126, '2023-11-07', 3, 1111.64, 'Cancelled'),
(386, 'U0386', 195, '2023-11-22', 5, 5431.4, 'Shipped'),
(387, 'U0387', 257, '2023-06-24', 2, 1403.11, 'Shipped'),
(388, 'U0388', 448, '2023-10-04', 9, 8303.94, 'Cancelled'),
(389, 'U0389', 231, '2023-08-11', 6, 4161.97, 'Pending'),
(390, 'U0390', 152, '2023-02-07', 7, 11759.54, 'Pending'),
(391, 'U0391', 289, '2023-10-03', 1, 560.5, 'Delivered'),
(392, 'U0392', 391, '2023-01-19', 6, 3336.75, 'Shipped'),
(393, 'U0393', 267, '2023-04-28', 2, 2135.18, 'Pending'),
(394, 'U0394', 2, '2023-06-06', 5, 7539.32, 'Pending'),
(395, 'U0395', 39, '2023-03-16', 10, 11882.95, 'Delivered'),
(396, 'U0396', 42, '2023-04-14', 1, 1146.71, 'Cancelled'),
(397, 'U0397', 342, '2023-08-06', 9, 2667.11, 'Pending'),
(398, 'U0398', 368, '2023-11-12', 8, 13316.27, 'Delivered'),
(399, 'U0399', 92, '2023-05-28', 6, 5728.18, 'Cancelled'),
(400, 'U0400', 259, '2023-12-21', 7, 7118.35, 'Shipped'),
(401, 'U0401', 341, '2023-04-09', 1, 1635.59, 'Delivered'),
(402, 'U0402', 367, '2023-03-10', 4, 5451.84, 'Pending'),
(403, 'U0403', 77, '2023-01-05', 3, 5414.56, 'Shipped'),
(404, 'U0404', 456, '2023-05-23', 1, 640.53, 'Delivered'),
(405, 'U0405', 439, '2023-09-14', 8, 7974.01, 'Shipped'),
(406, 'U0406', 299, '2023-12-03', 2, 2982.13, 'Shipped'),
(407, 'U0407', 174, '2023-04-07', 3, 3293.24, 'Pending'),
(408, 'U0408', 45, '2023-04-12', 10, 10336.16, 'Pending'),
(409, 'U0409', 11, '2023-11-06', 5, 1733.32, 'Delivered'),
(410, 'U0410', 199, '2023-08-10', 10, 11510.11, 'Delivered'),
(411, 'U0411', 211, '2023-07-16', 7, 8299.71, 'Cancelled'),
(412, 'U0412', 110, '2023-04-16', 5, 544.43, 'Pending'),
(413, 'U0413', 209, '2023-12-19', 9, 14001.87, 'Shipped'),
(414, 'U0414', 214, '2023-02-04', 9, 9200.48, 'Cancelled'),
(415, 'U0415', 17, '2023-06-21', 3, 880.13, 'Cancelled'),
(416, 'U0416', 165, '2023-10-01', 8, 12538.14, 'Delivered'),
(417, 'U0417', 110, '2023-12-28', 5, 7429.83, 'Delivered'),
(418, 'U0418', 441, '2023-05-24', 7, 13795.55, 'Shipped'),
(419, 'U0419', 50, '2023-11-03', 8, 15908.66, 'Shipped'),
(420, 'U0420', 210, '2023-03-25', 8, 10734.98, 'Shipped'),
(421, 'U0421', 172, '2023-03-06', 1, 1128.21, 'Pending'),
(422, 'U0422', 371, '2023-11-13', 4, 5534.44, 'Shipped'),
(423, 'U0423', 95, '2023-11-01', 6, 7718.75, 'Cancelled'),
(424, 'U0424', 93, '2023-11-11', 4, 3219.24, 'Shipped'),
(425, 'U0425', 28, '2023-05-03', 8, 11412.15, 'Delivered'),
(426, 'U0426', 454, '2023-08-23', 4, 3086.9, 'Pending'),
(427, 'U0427', 373, '2023-05-24', 10, 3214.03, 'Cancelled'),
(428, 'U0428', 161, '2023-06-20', 10, 5590.41, 'Cancelled'),
(429, 'U0429', 293, '2023-11-20', 1, 807.26, 'Shipped'),
(430, 'U0430', 184, '2023-12-05', 6, 7222.12, 'Pending'),
(431, 'U0431', 169, '2023-05-27', 10, 3971.84, 'Shipped'),
(432, 'U0432', 65, '2023-08-23', 1, 313.34, 'Delivered'),
(433, 'U0433', 17, '2023-01-26', 10, 17457.92, 'Delivered'),
(434, 'U0434', 364, '2023-04-10', 1, 784.13, 'Cancelled'),
(435, 'U0435', 77, '2023-09-06', 4, 1153.93, 'Pending'),
(436, 'U0436', 487, '2023-02-04', 5, 6680.04, 'Shipped'),
(437, 'U0437', 449, '2023-10-09', 9, 4378.45, 'Pending'),
(438, 'U0438', 179, '2023-03-16', 6, 11048.96, 'Cancelled'),
(439, 'U0439', 330, '2023-12-09', 6, 11728.41, 'Pending'),
(440, 'U0440', 132, '2023-12-10', 2, 3670.25, 'Cancelled'),
(441, 'U0441', 196, '2023-03-21', 9, 17580.01, 'Shipped'),
(442, 'U0442', 439, '2023-01-04', 6, 2332.49, 'Cancelled'),
(443, 'U0443', 252, '2023-03-19', 10, 11880.85, 'Pending'),
(444, 'U0444', 398, '2023-12-17', 2, 590.21, 'Shipped'),
(445, 'U0445', 300, '2023-01-11', 3, 2955.73, 'Cancelled'),
(446, 'U0446', 233, '2023-02-11', 1, 1228.31, 'Shipped'),
(447, 'U0447', 25, '2023-09-06', 5, 4952.12, 'Cancelled'),
(448, 'U0448', 17, '2023-04-09', 6, 6144.51, 'Pending'),
(449, 'U0449', 279, '2023-02-22', 10, 14175.84, 'Pending'),
(450, 'U0450', 149, '2023-10-03', 4, 2283.65, 'Delivered'),
(451, 'U0451', 74, '2023-10-05', 4, 1133.12, 'Delivered'),
(452, 'U0452', 319, '2023-04-18', 1, 659.91, 'Cancelled'),
(453, 'U0453', 254, '2023-06-18', 8, 6366.71, 'Pending'),
(454, 'U0454', 174, '2023-03-26', 10, 16337.48, 'Pending'),
(455, 'U0455', 170, '2023-06-21', 6, 5504.38, 'Cancelled'),
(456, 'U0456', 34, '2023-07-24', 2, 3112.21, 'Cancelled'),
(457, 'U0457', 309, '2023-10-13', 9, 11725.15, 'Shipped'),
(458, 'U0458', 32, '2023-03-24', 3, 1219.65, 'Delivered'),
(459, 'U0459', 319, '2023-11-02', 1, 1369.39, 'Delivered'),
(460, 'U0460', 237, '2023-05-23', 9, 9565.5, 'Cancelled'),
(461, 'U0461', 25, '2023-03-06', 7, 941.26, 'Delivered'),
(462, 'U0462', 463, '2023-06-17', 1, 379.94, 'Pending'),
(463, 'U0463', 61, '2023-02-11', 6, 5572.05, 'Pending'),
(464, 'U0464', 244, '2023-08-05', 6, 7947.72, 'Cancelled'),
(465, 'U0465', 37, '2023-03-24', 1, 970.89, 'Shipped'),
(466, 'U0466', 327, '2023-09-09', 2, 932.84, 'Pending'),
(467, 'U0467', 220, '2023-11-12', 3, 1723.55, 'Delivered'),
(468, 'U0468', 434, '2023-12-16', 5, 5825.59, 'Shipped'),
(469, 'U0469', 498, '2023-01-26', 9, 15758.23, 'Shipped'),
(470, 'U0470', 227, '2023-01-27', 3, 5559.14, 'Delivered'),
(471, 'U0471', 176, '2023-02-19', 3, 4144.02, 'Cancelled'),
(472, 'U0472', 147, '2023-08-08', 4, 6689.49, 'Delivered'),
(473, 'U0473', 490, '2023-01-05', 7, 8422.44, 'Shipped'),
(474, 'U0474', 422, '2023-08-22', 3, 4657.32, 'Pending'),
(475, 'U0475', 237, '2023-12-15', 7, 1998.68, 'Shipped'),
(476, 'U0476', 459, '2023-01-20', 4, 7795.67, 'Cancelled'),
(477, 'U0477', 441, '2023-09-15', 2, 1072.88, 'Pending'),
(478, 'U0478', 282, '2023-08-08', 8, 11649.72, 'Delivered'),
(479, 'U0479', 349, '2023-12-09', 9, 9079.11, 'Delivered'),
(480, 'U0480', 273, '2023-05-20', 7, 6814.88, 'Delivered'),
(481, 'U0481', 192, '2023-03-01', 8, 3140.42, 'Delivered'),
(482, 'U0482', 52, '2023-03-19', 7, 1779.12, 'Shipped'),
(483, 'U0483', 123, '2023-05-24', 10, 18806.65, 'Cancelled'),
(484, 'U0484', 78, '2023-12-28', 9, 1291.81, 'Cancelled'),
(485, 'U0485', 231, '2023-09-13', 8, 14950.92, 'Pending'),
(486, 'U0486', 126, '2023-02-24', 10, 11817.54, 'Delivered'),
(487, 'U0487', 314, '2023-02-08', 9, 5272.79, 'Delivered'),
(488, 'U0488', 422, '2023-07-15', 1, 1254.34, 'Shipped'),
(489, 'U0489', 56, '2023-11-11', 1, 1823.72, 'Shipped'),
(490, 'U0490', 53, '2023-12-06', 1, 1255.02, 'Cancelled'),
(491, 'U0491', 177, '2023-12-09', 10, 8434.5, 'Cancelled'),
(492, 'U0492', 472, '2023-06-05', 9, 11924.05, 'Shipped'),
(493, 'U0493', 131, '2023-12-25', 9, 15759.54, 'Pending'),
(494, 'U0494', 390, '2023-08-18', 7, 13885.92, 'Delivered'),
(495, 'U0495', 385, '2023-01-24', 6, 8470.0, 'Cancelled'),
(496, 'U0496', 458, '2023-02-03', 5, 9790.59, 'Delivered'),
(497, 'U0497', 441, '2023-05-13', 8, 12577.98, 'Shipped'),
(498, 'U0498', 162, '2023-10-14', 10, 12779.04, 'Cancelled'),
(499, 'U0499', 206, '2023-10-12', 4, 2318.87, 'Pending'),
(500, 'U0500', 12, '2023-09-26', 5, 2823.33, 'Cancelled');

INSERT INTO payment (payment_id, order_id, payment_date, amount, payment_mode, payment_status, transaction_id)
VALUES
(1, 1, '2024-04-02', 1436.17, 'UPI', 'Success', 'TXN4750345847'),
(2, 2, '2025-04-14', 5753.87, 'UPI', 'Failed', 'TXN8696133604'),
(3, 3, '2025-09-17', 5755.4, 'Net Banking', 'Success', 'TXN9821425711'),
(4, 4, '2024-08-26', 5985.11, 'Credit Card', 'Pending', 'TXN9439446159'),
(5, 5, '2025-06-18', 8715.39, 'UPI', 'Success', 'TXN8973662407'),
(6, 6, '2025-07-06', 7384.06, 'Debit Card', 'Success', 'TXN3877034701'),
(7, 7, '2025-07-03', 5993.21, 'UPI', 'Failed', 'TXN8141211064'),
(8, 8, '2024-01-22', 6923.59, 'Debit Card', 'Pending', 'TXN4821806482'),
(9, 9, '2024-11-06', 8157.83, 'Credit Card', 'Success', 'TXN6231742011'),
(10, 10, '2024-02-26', 4578.65, 'UPI', 'Failed', 'TXN6604710243'),
(11, 11, '2025-09-27', 8065.1, 'Debit Card', 'Success', 'TXN8167242409'),
(12, 12, '2024-05-20', 7450.52, 'Debit Card', 'Pending', 'TXN6348570586'),
(13, 13, '2024-06-18', 3675.32, 'Debit Card', 'Success', 'TXN4498327711'),
(14, 14, '2024-02-19', 201.65, 'UPI', 'Failed', 'TXN7406518294'),
(15, 15, '2024-08-11', 5896.4, 'Credit Card', 'Success', 'TXN5659505774'),
(16, 16, '2025-05-10', 9839.99, 'Net Banking', 'Failed', 'TXN8241869426'),
(17, 17, '2025-09-20', 5390.58, 'Net Banking', 'Pending', 'TXN9277540201'),
(18, 18, '2025-05-02', 2217.23, 'UPI', 'Refunded', 'TXN2409665418'),
(19, 19, '2025-10-11', 5513.49, 'Cash on Delivery', 'Pending', 'TXN8542645643'),
(20, 20, '2024-02-21', 9069.56, 'Credit Card', 'Success', 'TXN2642710729'),
(21, 21, '2025-10-22', 6045.62, 'Cash on Delivery', 'Pending', 'TXN1303639431'),
(22, 22, '2025-08-01', 3490.88, 'UPI', 'Refunded', 'TXN6429519589'),
(23, 23, '2025-09-13', 5984.48, 'UPI', 'Failed', 'TXN7285579751'),
(24, 24, '2025-10-16', 1977.55, 'Net Banking', 'Refunded', 'TXN4720041013'),
(25, 25, '2024-08-31', 7141.0, 'UPI', 'Refunded', 'TXN4264748636'),
(26, 26, '2024-02-29', 7081.03, 'Debit Card', 'Pending', 'TXN6652199914'),
(27, 27, '2024-08-03', 8188.18, 'Debit Card', 'Success', 'TXN6849006442'),
(28, 28, '2024-04-30', 2766.07, 'Debit Card', 'Refunded', 'TXN4035462171'),
(29, 29, '2024-09-25', 3586.41, 'Debit Card', 'Failed', 'TXN7512285146'),
(30, 30, '2024-05-19', 8211.45, 'UPI', 'Pending', 'TXN2389751434'),
(31, 31, '2025-05-12', 5985.91, 'UPI', 'Pending', 'TXN7925634244'),
(32, 32, '2025-10-27', 5670.8, 'Debit Card', 'Failed', 'TXN5567716493'),
(33, 33, '2025-01-19', 7816.77, 'Cash on Delivery', 'Refunded', 'TXN7156629041'),
(34, 34, '2024-03-03', 4882.16, 'Cash on Delivery', 'Pending', 'TXN2589998396'),
(35, 35, '2024-01-04', 6377.37, 'Debit Card', 'Success', 'TXN1175400248'),
(36, 36, '2025-01-13', 1173.19, 'Debit Card', 'Refunded', 'TXN1424285352'),
(37, 37, '2025-02-03', 9106.86, 'Cash on Delivery', 'Refunded', 'TXN6725817676'),
(38, 38, '2024-04-16', 2307.69, 'Cash on Delivery', 'Success', 'TXN6516832592'),
(39, 39, '2024-11-10', 3515.86, 'Net Banking', 'Pending', 'TXN3785057708'),
(40, 40, '2024-09-11', 7035.01, 'UPI', 'Refunded', 'TXN9410887497'),
(41, 41, '2024-07-08', 2714.44, 'Cash on Delivery', 'Failed', 'TXN5847278152'),
(42, 42, '2024-09-28', 5453.43, 'Cash on Delivery', 'Refunded', 'TXN9912622525'),
(43, 43, '2025-06-21', 9377.42, 'Credit Card', 'Success', 'TXN1048129349'),
(44, 44, '2024-05-27', 9544.19, 'UPI', 'Refunded', 'TXN8367110647'),
(45, 45, '2024-12-11', 4575.23, 'Credit Card', 'Failed', 'TXN7718433304'),
(46, 46, '2024-01-23', 8511.69, 'Cash on Delivery', 'Success', 'TXN4696754958'),
(47, 47, '2025-06-28', 5774.68, 'Cash on Delivery', 'Refunded', 'TXN4997141135'),
(48, 48, '2024-12-20', 2704.82, 'UPI', 'Pending', 'TXN6922196150'),
(49, 49, '2025-04-02', 4399.9, 'Cash on Delivery', 'Success', 'TXN6033766575'),
(50, 50, '2025-08-18', 1367.39, 'Debit Card', 'Success', 'TXN6746655829'),
(51, 51, '2025-02-26', 5399.75, 'Debit Card', 'Pending', 'TXN2090051967'),
(52, 52, '2024-09-12', 3753.33, 'Net Banking', 'Success', 'TXN5917523068'),
(53, 53, '2025-04-12', 417.53, 'UPI', 'Failed', 'TXN3522371960'),
(54, 54, '2025-09-13', 2171.64, 'UPI', 'Failed', 'TXN3738061384'),
(55, 55, '2024-10-17', 7305.39, 'UPI', 'Refunded', 'TXN4986754777'),
(56, 56, '2024-05-31', 9414.32, 'Net Banking', 'Refunded', 'TXN1258857096'),
(57, 57, '2025-04-18', 8029.33, 'UPI', 'Failed', 'TXN8529205849'),
(58, 58, '2024-03-28', 9453.68, 'Debit Card', 'Success', 'TXN6143582756'),
(59, 59, '2025-03-20', 8762.28, 'Credit Card', 'Failed', 'TXN1605773305'),
(60, 60, '2024-05-10', 5372.14, 'Debit Card', 'Failed', 'TXN9121811354'),
(61, 61, '2024-11-16', 7158.58, 'UPI', 'Failed', 'TXN8605615497'),
(62, 62, '2024-02-24', 4519.61, 'Credit Card', 'Pending', 'TXN3536324784'),
(63, 63, '2024-03-11', 6297.63, 'UPI', 'Pending', 'TXN6107591583'),
(64, 64, '2024-03-07', 8936.4, 'Net Banking', 'Failed', 'TXN1470734893'),
(65, 65, '2025-04-20', 3061.54, 'UPI', 'Success', 'TXN7675893682'),
(66, 66, '2024-03-18', 5237.37, 'Credit Card', 'Refunded', 'TXN8434503523'),
(67, 67, '2024-03-25', 6699.23, 'Credit Card', 'Failed', 'TXN7272574130'),
(68, 68, '2025-03-17', 7563.71, 'Net Banking', 'Refunded', 'TXN8033439241'),
(69, 69, '2025-07-18', 9302.05, 'Net Banking', 'Failed', 'TXN3493061438'),
(70, 70, '2024-03-16', 2882.87, 'Cash on Delivery', 'Refunded', 'TXN4000970209'),
(71, 71, '2025-04-13', 9926.05, 'Cash on Delivery', 'Success', 'TXN2381985479'),
(72, 72, '2024-01-06', 3932.07, 'Net Banking', 'Refunded', 'TXN8237935274'),
(73, 73, '2024-10-16', 352.86, 'UPI', 'Failed', 'TXN3220876800'),
(74, 74, '2024-10-30', 6068.18, 'Debit Card', 'Pending', 'TXN5895345768'),
(75, 75, '2024-07-28', 7364.15, 'UPI', 'Failed', 'TXN4333669975'),
(76, 76, '2024-10-06', 7607.97, 'Credit Card', 'Refunded', 'TXN7444593256'),
(77, 77, '2024-10-09', 4930.14, 'Cash on Delivery', 'Success', 'TXN3447658612'),
(78, 78, '2025-06-09', 3176.4, 'Debit Card', 'Failed', 'TXN7519271273'),
(79, 79, '2025-04-15', 5037.46, 'UPI', 'Success', 'TXN4355732098'),
(80, 80, '2025-10-09', 2484.79, 'Debit Card', 'Pending', 'TXN6014494783'),
(81, 81, '2025-06-26', 1825.26, 'Net Banking', 'Failed', 'TXN9954642378'),
(82, 82, '2025-02-21', 2966.54, 'Credit Card', 'Success', 'TXN3625515719'),
(83, 83, '2024-12-08', 7952.13, 'UPI', 'Failed', 'TXN4794105644'),
(84, 84, '2024-11-19', 878.65, 'Net Banking', 'Refunded', 'TXN3491257459'),
(85, 85, '2024-03-14', 4750.94, 'Credit Card', 'Refunded', 'TXN2925777690'),
(86, 86, '2024-01-24', 5838.0, 'UPI', 'Pending', 'TXN7505497687'),
(87, 87, '2024-07-04', 348.7, 'Cash on Delivery', 'Pending', 'TXN6262229136'),
(88, 88, '2025-09-01', 7543.84, 'Net Banking', 'Refunded', 'TXN5299314722'),
(89, 89, '2024-03-12', 7474.24, 'Cash on Delivery', 'Refunded', 'TXN4268639973'),
(90, 90, '2024-11-03', 7618.6, 'UPI', 'Failed', 'TXN3743719131'),
(91, 91, '2025-03-16', 4378.13, 'Net Banking', 'Failed', 'TXN5335700333'),
(92, 92, '2024-07-22', 6582.12, 'Cash on Delivery', 'Success', 'TXN1144671192'),
(93, 93, '2024-06-15', 7917.66, 'Cash on Delivery', 'Success', 'TXN3117802579'),
(94, 94, '2024-05-04', 3545.94, 'Net Banking', 'Failed', 'TXN7102551028'),
(95, 95, '2025-06-14', 6411.85, 'Credit Card', 'Success', 'TXN8153722295'),
(96, 96, '2024-05-08', 1343.93, 'Debit Card', 'Pending', 'TXN5378744196'),
(97, 97, '2024-05-25', 6169.33, 'Debit Card', 'Pending', 'TXN1242655147'),
(98, 98, '2024-05-31', 8710.44, 'Cash on Delivery', 'Success', 'TXN9430136806'),
(99, 99, '2025-06-24', 2799.07, 'Cash on Delivery', 'Refunded', 'TXN6549765786'),
(100, 100, '2024-10-13', 8854.58, 'Credit Card', 'Pending', 'TXN9786473239'),
(101, 101, '2024-09-26', 6359.01, 'Net Banking', 'Failed', 'TXN7054972494'),
(102, 102, '2024-01-25', 2130.27, 'Debit Card', 'Failed', 'TXN7591368572'),
(103, 103, '2024-09-15', 1939.11, 'Cash on Delivery', 'Success', 'TXN8071022868'),
(104, 104, '2024-02-08', 9161.86, 'UPI', 'Pending', 'TXN1391531030'),
(105, 105, '2024-05-12', 9922.62, 'UPI', 'Failed', 'TXN9797912464'),
(106, 106, '2024-04-19', 6108.35, 'UPI', 'Success', 'TXN3088492913'),
(107, 107, '2024-01-02', 7140.46, 'Cash on Delivery', 'Failed', 'TXN5506689207'),
(108, 108, '2024-03-02', 9304.49, 'Net Banking', 'Failed', 'TXN9606748435'),
(109, 109, '2025-06-25', 8538.12, 'Credit Card', 'Success', 'TXN6240513662'),
(110, 110, '2025-04-14', 5179.14, 'Debit Card', 'Pending', 'TXN9450397375'),
(111, 111, '2025-03-14', 6109.04, 'UPI', 'Refunded', 'TXN2269707016'),
(112, 112, '2024-10-01', 9181.6, 'UPI', 'Pending', 'TXN5921729168'),
(113, 113, '2025-05-30', 5078.68, 'Credit Card', 'Success', 'TXN1355670805'),
(114, 114, '2024-12-06', 4701.67, 'Debit Card', 'Success', 'TXN4651851845'),
(115, 115, '2024-05-19', 8741.43, 'UPI', 'Pending', 'TXN4684802555'),
(116, 116, '2024-06-06', 3948.97, 'Credit Card', 'Success', 'TXN6240337917'),
(117, 117, '2025-06-22', 9810.03, 'Net Banking', 'Pending', 'TXN8208983685'),
(118, 118, '2025-09-24', 2732.3, 'Debit Card', 'Failed', 'TXN8085142472'),
(119, 119, '2025-03-03', 2229.11, 'Credit Card', 'Success', 'TXN6260300768'),
(120, 120, '2025-02-26', 4067.0, 'Net Banking', 'Success', 'TXN8715637147'),
(121, 121, '2025-03-29', 9087.09, 'Net Banking', 'Failed', 'TXN9921149783'),
(122, 122, '2024-04-16', 6915.11, 'Cash on Delivery', 'Refunded', 'TXN1739187764'),
(123, 123, '2024-03-15', 2197.58, 'Cash on Delivery', 'Failed', 'TXN9093899859'),
(124, 124, '2025-03-19', 1192.18, 'UPI', 'Refunded', 'TXN6358016100'),
(125, 125, '2025-07-25', 9724.1, 'Debit Card', 'Success', 'TXN6147336607'),
(126, 126, '2024-11-01', 8693.64, 'Cash on Delivery', 'Success', 'TXN3502908907'),
(127, 127, '2025-09-30', 2783.36, 'Debit Card', 'Pending', 'TXN1199113129'),
(128, 128, '2025-07-02', 6141.32, 'Net Banking', 'Success', 'TXN6479728520'),
(129, 129, '2024-10-15', 6178.39, 'Debit Card', 'Refunded', 'TXN1868538008'),
(130, 130, '2024-12-28', 2424.06, 'Debit Card', 'Pending', 'TXN6696535103'),
(131, 131, '2024-10-13', 1567.87, 'Cash on Delivery', 'Pending', 'TXN7100845004'),
(132, 132, '2024-09-07', 7457.3, 'Cash on Delivery', 'Pending', 'TXN2002559234'),
(133, 133, '2025-03-01', 2627.15, 'Cash on Delivery', 'Refunded', 'TXN4957901325'),
(134, 134, '2025-01-05', 5884.5, 'Credit Card', 'Refunded', 'TXN4192491118'),
(135, 135, '2024-03-07', 8295.85, 'Debit Card', 'Refunded', 'TXN8599668715'),
(136, 136, '2024-06-16', 8086.11, 'UPI', 'Refunded', 'TXN9791615078'),
(137, 137, '2024-09-03', 9030.98, 'Cash on Delivery', 'Pending', 'TXN9286994254'),
(138, 138, '2025-06-11', 5045.11, 'Cash on Delivery', 'Pending', 'TXN7143350965'),
(139, 139, '2024-11-24', 5698.28, 'Net Banking', 'Failed', 'TXN2272400189'),
(140, 140, '2024-10-14', 8845.35, 'Debit Card', 'Failed', 'TXN3825733657'),
(141, 141, '2025-03-28', 1302.44, 'Net Banking', 'Success', 'TXN8400537055'),
(142, 142, '2024-11-05', 5980.52, 'UPI', 'Success', 'TXN6883564435'),
(143, 143, '2024-12-02', 5713.34, 'Net Banking', 'Failed', 'TXN4809497427'),
(144, 144, '2024-10-02', 3545.86, 'Net Banking', 'Success', 'TXN8703885757'),
(145, 145, '2024-05-04', 9100.27, 'Debit Card', 'Refunded', 'TXN6269414331'),
(146, 146, '2025-06-17', 2092.02, 'Credit Card', 'Success', 'TXN3443671345'),
(147, 147, '2024-07-12', 8202.27, 'Cash on Delivery', 'Failed', 'TXN5412582554'),
(148, 148, '2024-03-22', 5907.6, 'Cash on Delivery', 'Refunded', 'TXN9174225537'),
(149, 149, '2025-01-07', 9115.26, 'Debit Card', 'Refunded', 'TXN4953506709'),
(150, 150, '2024-03-16', 6252.4, 'Credit Card', 'Success', 'TXN1410172507'),
(151, 151, '2025-01-24', 5512.65, 'Net Banking', 'Refunded', 'TXN7522767069'),
(152, 152, '2025-04-15', 7266.84, 'Debit Card', 'Success', 'TXN1743394251'),
(153, 153, '2024-08-18', 303.66, 'Net Banking', 'Success', 'TXN3149586971'),
(154, 154, '2024-07-06', 7513.21, 'Cash on Delivery', 'Pending', 'TXN1602789565'),
(155, 155, '2025-07-31', 1835.82, 'Debit Card', 'Pending', 'TXN4434311599'),
(156, 156, '2024-10-06', 4540.63, 'Net Banking', 'Refunded', 'TXN1375127579'),
(157, 157, '2024-06-09', 7163.58, 'Credit Card', 'Failed', 'TXN9623585767'),
(158, 158, '2024-01-14', 6079.12, 'UPI', 'Refunded', 'TXN7553606266'),
(159, 159, '2025-09-16', 2194.79, 'Cash on Delivery', 'Success', 'TXN3568063615'),
(160, 160, '2024-04-02', 4598.74, 'Cash on Delivery', 'Refunded', 'TXN2988892700'),
(161, 161, '2025-07-09', 6447.65, 'Cash on Delivery', 'Failed', 'TXN7730439987'),
(162, 162, '2024-01-12', 6992.9, 'UPI', 'Refunded', 'TXN2999208869'),
(163, 163, '2025-08-14', 2041.79, 'Cash on Delivery', 'Refunded', 'TXN5078210696'),
(164, 164, '2025-06-29', 5391.36, 'UPI', 'Pending', 'TXN1670535755'),
(165, 165, '2025-03-07', 1748.92, 'Debit Card', 'Failed', 'TXN3135145479'),
(166, 166, '2024-01-15', 4955.01, 'UPI', 'Refunded', 'TXN3701866437'),
(167, 167, '2025-10-05', 7412.39, 'Cash on Delivery', 'Refunded', 'TXN8317140849'),
(168, 168, '2024-03-08', 1608.29, 'Cash on Delivery', 'Failed', 'TXN3359462353'),
(169, 169, '2025-08-13', 7955.45, 'Cash on Delivery', 'Failed', 'TXN7915089931'),
(170, 170, '2024-03-23', 1080.62, 'Credit Card', 'Refunded', 'TXN9231950459'),
(171, 171, '2025-01-03', 9342.43, 'UPI', 'Pending', 'TXN4681713193'),
(172, 172, '2024-04-23', 2710.89, 'Net Banking', 'Failed', 'TXN1873569861'),
(173, 173, '2024-07-27', 9560.52, 'Net Banking', 'Failed', 'TXN6151558227'),
(174, 174, '2025-01-23', 7900.08, 'Cash on Delivery', 'Failed', 'TXN7025677063'),
(175, 175, '2025-10-18', 3374.15, 'Credit Card', 'Success', 'TXN6598539023'),
(176, 176, '2024-12-06', 367.21, 'Net Banking', 'Refunded', 'TXN6711666423'),
(177, 177, '2025-06-07', 9943.83, 'Net Banking', 'Success', 'TXN8900917062'),
(178, 178, '2025-04-28', 1874.39, 'Credit Card', 'Success', 'TXN9559047082'),
(179, 179, '2025-01-07', 5972.33, 'Credit Card', 'Failed', 'TXN8196834844'),
(180, 180, '2025-05-06', 4589.97, 'Credit Card', 'Pending', 'TXN1466552143'),
(181, 181, '2024-05-16', 1626.22, 'Credit Card', 'Pending', 'TXN4428257131'),
(182, 182, '2024-05-12', 5487.26, 'Net Banking', 'Success', 'TXN9596155573'),
(183, 183, '2025-03-09', 8210.1, 'Net Banking', 'Refunded', 'TXN8403218265'),
(184, 184, '2025-04-04', 7774.53, 'Debit Card', 'Success', 'TXN1697834682'),
(185, 185, '2025-01-10', 6776.96, 'Net Banking', 'Failed', 'TXN8751202813'),
(186, 186, '2024-02-28', 5815.74, 'Credit Card', 'Success', 'TXN9262828560'),
(187, 187, '2024-06-11', 213.85, 'Credit Card', 'Pending', 'TXN3473134469'),
(188, 188, '2025-06-12', 8573.97, 'Debit Card', 'Refunded', 'TXN9625829164'),
(189, 189, '2025-01-11', 1137.36, 'Debit Card', 'Refunded', 'TXN7492277492'),
(190, 190, '2025-02-07', 8982.84, 'Credit Card', 'Pending', 'TXN8713687503'),
(191, 191, '2025-01-08', 8779.06, 'Credit Card', 'Pending', 'TXN5896296131'),
(192, 192, '2025-10-30', 7387.74, 'Net Banking', 'Pending', 'TXN7103300301'),
(193, 193, '2024-12-15', 8802.37, 'Cash on Delivery', 'Failed', 'TXN4493200650'),
(194, 194, '2025-01-10', 5321.74, 'Credit Card', 'Failed', 'TXN7041554938'),
(195, 195, '2024-03-04', 1954.84, 'Cash on Delivery', 'Pending', 'TXN6245747459'),
(196, 196, '2025-01-02', 2865.58, 'Debit Card', 'Refunded', 'TXN6357669664'),
(197, 197, '2024-12-16', 8136.96, 'Cash on Delivery', 'Pending', 'TXN9764314440'),
(198, 198, '2024-05-01', 2983.77, 'Net Banking', 'Pending', 'TXN5230785418'),
(199, 199, '2024-03-27', 5447.69, 'Debit Card', 'Refunded', 'TXN5943785629'),
(200, 200, '2025-05-11', 8048.68, 'Net Banking', 'Refunded', 'TXN1850534032'),
(201, 201, '2025-02-25', 6079.01, 'Cash on Delivery', 'Pending', 'TXN4811561185'),
(202, 202, '2024-08-31', 7988.56, 'Debit Card', 'Failed', 'TXN7103666505'),
(203, 203, '2025-06-21', 2797.92, 'Debit Card', 'Success', 'TXN4707755932'),
(204, 204, '2025-09-24', 1528.84, 'Debit Card', 'Refunded', 'TXN1610417146'),
(205, 205, '2025-05-18', 9849.75, 'Cash on Delivery', 'Pending', 'TXN8649395409'),
(206, 206, '2024-01-11', 6193.65, 'Debit Card', 'Success', 'TXN6144032652'),
(207, 207, '2024-12-28', 3604.27, 'UPI', 'Pending', 'TXN8258169788'),
(208, 208, '2025-02-22', 505.59, 'Net Banking', 'Refunded', 'TXN5382772040'),
(209, 209, '2024-07-21', 4162.15, 'Net Banking', 'Refunded', 'TXN5540393128'),
(210, 210, '2024-04-07', 7629.79, 'Net Banking', 'Refunded', 'TXN6817265055'),
(211, 211, '2024-01-23', 3295.74, 'Net Banking', 'Success', 'TXN2222769924'),
(212, 212, '2024-05-20', 9353.14, 'Debit Card', 'Failed', 'TXN1803953518'),
(213, 213, '2024-06-26', 7928.94, 'Net Banking', 'Refunded', 'TXN8783546032'),
(214, 214, '2025-02-24', 4850.74, 'UPI', 'Success', 'TXN2003076972'),
(215, 215, '2024-09-14', 2833.62, 'Cash on Delivery', 'Refunded', 'TXN3246960531'),
(216, 216, '2025-02-19', 1992.51, 'Cash on Delivery', 'Failed', 'TXN2246386388'),
(217, 217, '2024-04-27', 8067.34, 'Net Banking', 'Refunded', 'TXN6955245369'),
(218, 218, '2025-04-16', 5257.61, 'UPI', 'Refunded', 'TXN7752739359'),
(219, 219, '2024-02-18', 7680.58, 'Debit Card', 'Pending', 'TXN4389648279'),
(220, 220, '2024-08-30', 584.6, 'UPI', 'Success', 'TXN8011658456'),
(221, 221, '2025-04-06', 8596.66, 'UPI', 'Refunded', 'TXN9148035716'),
(222, 222, '2024-07-08', 3398.64, 'Net Banking', 'Success', 'TXN3926695975'),
(223, 223, '2025-10-22', 3913.6, 'Cash on Delivery', 'Pending', 'TXN5160870712'),
(224, 224, '2024-06-20', 2996.23, 'Credit Card', 'Failed', 'TXN2075516378'),
(225, 225, '2024-02-09', 3415.31, 'Credit Card', 'Success', 'TXN7285604216'),
(226, 226, '2024-11-25', 4098.23, 'UPI', 'Failed', 'TXN3307817021'),
(227, 227, '2024-02-07', 9273.1, 'Net Banking', 'Success', 'TXN2854372715'),
(228, 228, '2025-10-19', 3612.07, 'UPI', 'Refunded', 'TXN6362694748'),
(229, 229, '2024-04-19', 6269.71, 'Cash on Delivery', 'Refunded', 'TXN7493168339'),
(230, 230, '2025-04-21', 6699.34, 'Net Banking', 'Failed', 'TXN7093825695'),
(231, 231, '2024-05-27', 9373.8, 'UPI', 'Pending', 'TXN3483415645'),
(232, 232, '2025-05-29', 5439.28, 'Net Banking', 'Success', 'TXN9077659095'),
(233, 233, '2025-01-19', 2597.58, 'UPI', 'Success', 'TXN1600301511'),
(234, 234, '2024-03-29', 7395.15, 'Credit Card', 'Refunded', 'TXN7481792337'),
(235, 235, '2025-06-11', 9748.97, 'UPI', 'Failed', 'TXN3211089834'),
(236, 236, '2025-08-14', 4582.21, 'Net Banking', 'Refunded', 'TXN3934811650'),
(237, 237, '2025-01-31', 7410.8, 'Cash on Delivery', 'Success', 'TXN1883245758'),
(238, 238, '2024-10-15', 1401.29, 'Credit Card', 'Success', 'TXN1735564405'),
(239, 239, '2024-10-29', 1441.07, 'Credit Card', 'Refunded', 'TXN9033164310'),
(240, 240, '2024-09-16', 9368.24, 'Debit Card', 'Failed', 'TXN3483717007'),
(241, 241, '2024-07-07', 5409.27, 'UPI', 'Failed', 'TXN9338241578'),
(242, 242, '2025-10-29', 5191.68, 'Credit Card', 'Success', 'TXN4720084663'),
(243, 243, '2024-08-06', 6513.63, 'Debit Card', 'Pending', 'TXN2110941118'),
(244, 244, '2024-03-09', 3754.67, 'UPI', 'Success', 'TXN1582376886'),
(245, 245, '2024-10-17', 2936.58, 'Net Banking', 'Refunded', 'TXN5909133675'),
(246, 246, '2024-11-16', 268.46, 'Cash on Delivery', 'Pending', 'TXN9581534677'),
(247, 247, '2024-07-18', 8650.61, 'Cash on Delivery', 'Pending', 'TXN1672355223'),
(248, 248, '2024-12-19', 2156.16, 'Net Banking', 'Refunded', 'TXN6671225391'),
(249, 249, '2024-07-22', 2294.53, 'Credit Card', 'Pending', 'TXN6365065933'),
(250, 250, '2025-09-09', 1745.01, 'Cash on Delivery', 'Refunded', 'TXN8047960821'),
(251, 251, '2024-03-11', 4122.62, 'Net Banking', 'Pending', 'TXN2196057439'),
(252, 252, '2025-07-06', 1134.65, 'UPI', 'Success', 'TXN4488557560'),
(253, 253, '2024-08-19', 375.91, 'UPI', 'Refunded', 'TXN1251894553'),
(254, 254, '2025-03-03', 9862.64, 'Debit Card', 'Pending', 'TXN6998403943'),
(255, 255, '2025-07-07', 9915.1, 'Credit Card', 'Pending', 'TXN8756107578'),
(256, 256, '2025-06-25', 6914.91, 'Credit Card', 'Pending', 'TXN1686938528'),
(257, 257, '2024-05-08', 1209.67, 'UPI', 'Success', 'TXN8385309837'),
(258, 258, '2025-07-31', 280.7, 'Debit Card', 'Refunded', 'TXN7271737511'),
(259, 259, '2024-02-28', 3668.29, 'UPI', 'Pending', 'TXN7387780180'),
(260, 260, '2025-05-31', 1048.72, 'Net Banking', 'Pending', 'TXN2211302937'),
(261, 261, '2025-03-21', 6774.65, 'Cash on Delivery', 'Success', 'TXN7290734316'),
(262, 262, '2024-09-04', 7921.82, 'Credit Card', 'Pending', 'TXN7200935367'),
(263, 263, '2024-07-31', 2024.94, 'Credit Card', 'Failed', 'TXN9244736595'),
(264, 264, '2025-05-17', 5668.58, 'Net Banking', 'Pending', 'TXN9177481520'),
(265, 265, '2024-11-26', 6022.48, 'Debit Card', 'Success', 'TXN5205886846'),
(266, 266, '2024-08-25', 8315.13, 'Net Banking', 'Success', 'TXN8637448013'),
(267, 267, '2024-08-21', 9005.41, 'Debit Card', 'Refunded', 'TXN6591344986'),
(268, 268, '2025-07-01', 9238.38, 'Net Banking', 'Pending', 'TXN5293688846'),
(269, 269, '2024-02-16', 1424.19, 'Cash on Delivery', 'Refunded', 'TXN2532527998'),
(270, 270, '2024-09-13', 5759.16, 'UPI', 'Refunded', 'TXN7527541796'),
(271, 271, '2024-08-02', 2346.76, 'Net Banking', 'Refunded', 'TXN2910335012'),
(272, 272, '2025-06-30', 5110.72, 'Debit Card', 'Refunded', 'TXN3916570931'),
(273, 273, '2025-06-20', 7837.32, 'Net Banking', 'Refunded', 'TXN7948176585'),
(274, 274, '2024-04-22', 7381.1, 'Cash on Delivery', 'Failed', 'TXN2397327599'),
(275, 275, '2024-07-23', 8571.58, 'Credit Card', 'Failed', 'TXN4764255229'),
(276, 276, '2024-02-20', 4719.66, 'Debit Card', 'Pending', 'TXN2377154832'),
(277, 277, '2024-09-05', 3925.93, 'UPI', 'Pending', 'TXN2396480133'),
(278, 278, '2024-05-01', 2053.22, 'Cash on Delivery', 'Pending', 'TXN2233466631'),
(279, 279, '2025-04-16', 8557.12, 'Cash on Delivery', 'Refunded', 'TXN5922845190'),
(280, 280, '2025-03-08', 9822.42, 'Credit Card', 'Failed', 'TXN8572466229'),
(281, 281, '2024-11-04', 1697.2, 'Credit Card', 'Failed', 'TXN3767278073'),
(282, 282, '2025-10-15', 6058.35, 'Net Banking', 'Success', 'TXN1462178006'),
(283, 283, '2024-11-17', 9235.13, 'Net Banking', 'Pending', 'TXN7005468309'),
(284, 284, '2025-08-24', 7237.07, 'Cash on Delivery', 'Refunded', 'TXN2137201958'),
(285, 285, '2025-03-23', 6728.45, 'Credit Card', 'Refunded', 'TXN4295701430'),
(286, 286, '2024-10-03', 2507.63, 'Net Banking', 'Pending', 'TXN8955603562'),
(287, 287, '2025-02-03', 101.35, 'Credit Card', 'Failed', 'TXN4309292694'),
(288, 288, '2024-06-14', 9582.96, 'Cash on Delivery', 'Failed', 'TXN6796059032'),
(289, 289, '2024-04-20', 1749.97, 'Debit Card', 'Failed', 'TXN1843548179'),
(290, 290, '2025-08-30', 9228.31, 'Cash on Delivery', 'Success', 'TXN8210864402'),
(291, 291, '2025-08-19', 738.21, 'UPI', 'Success', 'TXN9751100500'),
(292, 292, '2025-06-24', 2602.38, 'Net Banking', 'Pending', 'TXN7611578077'),
(293, 293, '2024-06-16', 3639.49, 'UPI', 'Refunded', 'TXN4463280986'),
(294, 294, '2025-09-26', 3632.32, 'Credit Card', 'Refunded', 'TXN2228605562'),
(295, 295, '2024-11-12', 7879.8, 'Net Banking', 'Pending', 'TXN1927455756'),
(296, 296, '2024-11-18', 5762.82, 'UPI', 'Success', 'TXN9037914598'),
(297, 297, '2024-03-08', 7123.2, 'Debit Card', 'Refunded', 'TXN1064722895'),
(298, 298, '2024-12-29', 8387.24, 'Debit Card', 'Success', 'TXN4819279251'),
(299, 299, '2024-07-16', 6208.63, 'UPI', 'Failed', 'TXN4172340277'),
(300, 300, '2024-07-25', 3372.29, 'Net Banking', 'Pending', 'TXN4825871444'),
(301, 301, '2025-06-04', 8494.96, 'UPI', 'Success', 'TXN4747577119'),
(302, 302, '2025-02-01', 5018.8, 'Cash on Delivery', 'Success', 'TXN6713077431'),
(303, 303, '2024-05-23', 2184.15, 'Net Banking', 'Failed', 'TXN5229040715'),
(304, 304, '2024-07-26', 9075.83, 'Net Banking', 'Refunded', 'TXN8442275374'),
(305, 305, '2024-01-12', 5752.07, 'Net Banking', 'Failed', 'TXN1584732707'),
(306, 306, '2025-10-01', 5684.15, 'Net Banking', 'Pending', 'TXN6164029627'),
(307, 307, '2024-02-14', 7360.0, 'Cash on Delivery', 'Refunded', 'TXN9152046119'),
(308, 308, '2025-06-26', 3775.64, 'Debit Card', 'Pending', 'TXN3910850247'),
(309, 309, '2025-06-17', 5852.57, 'Debit Card', 'Refunded', 'TXN6416939798'),
(310, 310, '2025-02-21', 4570.64, 'UPI', 'Success', 'TXN6555534568'),
(311, 311, '2025-10-28', 3886.32, 'Net Banking', 'Failed', 'TXN8149752448'),
(312, 312, '2024-09-29', 6342.31, 'Credit Card', 'Refunded', 'TXN5332218704'),
(313, 313, '2025-05-12', 1266.09, 'Cash on Delivery', 'Success', 'TXN2200068348'),
(314, 314, '2024-12-22', 1271.96, 'UPI', 'Failed', 'TXN2324223195'),
(315, 315, '2024-02-09', 8807.98, 'Credit Card', 'Pending', 'TXN8707415632'),
(316, 316, '2025-08-28', 7949.13, 'Credit Card', 'Refunded', 'TXN3487273129'),
(317, 317, '2025-07-26', 7167.1, 'Credit Card', 'Refunded', 'TXN6416154239'),
(318, 318, '2025-05-20', 8213.2, 'Cash on Delivery', 'Refunded', 'TXN2591195389'),
(319, 319, '2025-06-21', 398.46, 'Credit Card', 'Refunded', 'TXN1777298995'),
(320, 320, '2024-07-14', 1589.89, 'Debit Card', 'Refunded', 'TXN9158489546'),
(321, 321, '2024-05-15', 7936.76, 'Cash on Delivery', 'Pending', 'TXN7156572326'),
(322, 322, '2024-05-12', 3072.17, 'Net Banking', 'Refunded', 'TXN7199723001'),
(323, 323, '2025-09-29', 9118.96, 'Cash on Delivery', 'Pending', 'TXN6947427043'),
(324, 324, '2025-07-07', 6539.85, 'Credit Card', 'Success', 'TXN2889130579'),
(325, 325, '2024-05-20', 940.05, 'Net Banking', 'Refunded', 'TXN8966625950'),
(326, 326, '2024-11-12', 2677.99, 'Credit Card', 'Success', 'TXN9322974705'),
(327, 327, '2025-02-01', 9304.99, 'Debit Card', 'Refunded', 'TXN6266774362'),
(328, 328, '2025-07-25', 6919.07, 'Debit Card', 'Pending', 'TXN2159803324'),
(329, 329, '2025-04-16', 475.86, 'Cash on Delivery', 'Failed', 'TXN7663238111'),
(330, 330, '2025-03-09', 865.95, 'Cash on Delivery', 'Refunded', 'TXN5204409724'),
(331, 331, '2024-05-30', 7335.32, 'Credit Card', 'Failed', 'TXN6319861272'),
(332, 332, '2025-02-03', 1799.43, 'Net Banking', 'Refunded', 'TXN3792143052'),
(333, 333, '2024-10-21', 6504.9, 'UPI', 'Pending', 'TXN4879792260'),
(334, 334, '2024-08-01', 3206.55, 'Credit Card', 'Refunded', 'TXN9892028123'),
(335, 335, '2024-08-17', 559.29, 'Credit Card', 'Failed', 'TXN8392082882'),
(336, 336, '2025-08-18', 643.89, 'UPI', 'Refunded', 'TXN5730591751'),
(337, 337, '2024-08-12', 4153.17, 'Debit Card', 'Success', 'TXN5259934706'),
(338, 338, '2024-04-09', 3071.61, 'UPI', 'Success', 'TXN3932389877'),
(339, 339, '2025-01-01', 4423.45, 'Net Banking', 'Failed', 'TXN8420758683'),
(340, 340, '2025-06-03', 9957.36, 'Cash on Delivery', 'Refunded', 'TXN5328088996'),
(341, 341, '2025-09-05', 6764.45, 'Cash on Delivery', 'Refunded', 'TXN9639990270'),
(342, 342, '2024-02-19', 6360.38, 'Net Banking', 'Pending', 'TXN4568007057'),
(343, 343, '2024-02-16', 5900.8, 'Debit Card', 'Refunded', 'TXN5456494868'),
(344, 344, '2025-05-13', 3102.34, 'UPI', 'Refunded', 'TXN3401567267'),
(345, 345, '2024-06-03', 4675.53, 'Debit Card', 'Failed', 'TXN7648830993'),
(346, 346, '2024-12-22', 9512.87, 'Credit Card', 'Success', 'TXN6472203467'),
(347, 347, '2025-03-14', 184.88, 'Debit Card', 'Success', 'TXN5076556356'),
(348, 348, '2024-06-15', 2543.71, 'Debit Card', 'Pending', 'TXN3512179001'),
(349, 349, '2025-07-18', 9840.47, 'Credit Card', 'Failed', 'TXN3570603877'),
(350, 350, '2025-03-22', 8178.47, 'Cash on Delivery', 'Pending', 'TXN4586378024'),
(351, 351, '2024-09-22', 3033.99, 'Cash on Delivery', 'Pending', 'TXN7929450213'),
(352, 352, '2024-07-05', 2162.07, 'Net Banking', 'Failed', 'TXN5470951233'),
(353, 353, '2025-01-07', 2374.7, 'Credit Card', 'Pending', 'TXN9766920413'),
(354, 354, '2024-07-24', 6273.28, 'UPI', 'Pending', 'TXN7778553214'),
(355, 355, '2024-05-21', 2799.68, 'Net Banking', 'Success', 'TXN2408423631'),
(356, 356, '2024-05-15', 592.31, 'Credit Card', 'Failed', 'TXN1100699430'),
(357, 357, '2024-02-24', 386.91, 'UPI', 'Failed', 'TXN3197770296'),
(358, 358, '2025-05-04', 3136.18, 'Net Banking', 'Failed', 'TXN7640355919'),
(359, 359, '2025-06-18', 9747.15, 'Credit Card', 'Success', 'TXN6006712581'),
(360, 360, '2024-04-28', 5762.72, 'Debit Card', 'Failed', 'TXN3207180395'),
(361, 361, '2025-09-11', 7985.74, 'Credit Card', 'Refunded', 'TXN3517718443'),
(362, 362, '2024-05-30', 380.79, 'Cash on Delivery', 'Pending', 'TXN8145623949'),
(363, 363, '2025-03-02', 3604.23, 'Cash on Delivery', 'Success', 'TXN8772714811'),
(364, 364, '2024-05-13', 8604.66, 'Debit Card', 'Pending', 'TXN6716024362'),
(365, 365, '2024-12-24', 815.54, 'Debit Card', 'Failed', 'TXN3352977007'),
(366, 366, '2024-01-16', 8040.82, 'Credit Card', 'Success', 'TXN8608389180'),
(367, 367, '2025-01-13', 3956.09, 'Debit Card', 'Failed', 'TXN1633512701'),
(368, 368, '2024-08-09', 4619.21, 'Credit Card', 'Success', 'TXN7848763236'),
(369, 369, '2024-07-29', 9117.83, 'UPI', 'Refunded', 'TXN6861947387'),
(370, 370, '2024-08-17', 3782.16, 'Debit Card', 'Pending', 'TXN4799313203'),
(371, 371, '2025-09-15', 9826.05, 'Credit Card', 'Failed', 'TXN3683288032'),
(372, 372, '2025-10-31', 4065.08, 'Net Banking', 'Success', 'TXN3311497211'),
(373, 373, '2025-03-19', 1850.77, 'Credit Card', 'Pending', 'TXN9394987301'),
(374, 374, '2024-11-11', 4648.91, 'Net Banking', 'Failed', 'TXN1621653839'),
(375, 375, '2024-07-14', 746.96, 'Cash on Delivery', 'Refunded', 'TXN3805113330'),
(376, 376, '2024-12-31', 2923.48, 'Debit Card', 'Pending', 'TXN5529196048'),
(377, 377, '2024-04-10', 9599.5, 'Credit Card', 'Failed', 'TXN4090029169'),
(378, 378, '2024-10-28', 5215.2, 'Debit Card', 'Refunded', 'TXN4391322450'),
(379, 379, '2024-12-17', 2818.74, 'Credit Card', 'Failed', 'TXN5630337630'),
(380, 380, '2024-11-13', 9319.11, 'Credit Card', 'Failed', 'TXN8601963295'),
(381, 381, '2024-02-01', 9743.48, 'Cash on Delivery', 'Failed', 'TXN3793358077'),
(382, 382, '2024-01-28', 1551.62, 'UPI', 'Pending', 'TXN8809881257'),
(383, 383, '2025-07-16', 2682.28, 'UPI', 'Pending', 'TXN8468249308'),
(384, 384, '2025-10-27', 4922.8, 'Credit Card', 'Refunded', 'TXN8403386205'),
(385, 385, '2024-02-18', 2351.5, 'UPI', 'Success', 'TXN9084742611'),
(386, 386, '2025-05-24', 4486.14, 'Net Banking', 'Failed', 'TXN5637493353'),
(387, 387, '2025-08-14', 636.85, 'Net Banking', 'Success', 'TXN4769549888'),
(388, 388, '2025-03-10', 3058.21, 'Net Banking', 'Refunded', 'TXN7009954407'),
(389, 389, '2025-05-04', 5447.25, 'Credit Card', 'Failed', 'TXN5161662662'),
(390, 390, '2024-09-20', 5715.6, 'Credit Card', 'Failed', 'TXN6151465438'),
(391, 391, '2024-02-15', 2246.65, 'Credit Card', 'Pending', 'TXN4020577082'),
(392, 392, '2025-02-03', 8511.62, 'Net Banking', 'Refunded', 'TXN4434718093'),
(393, 393, '2024-04-17', 3146.2, 'Cash on Delivery', 'Success', 'TXN1064610491'),
(394, 394, '2024-01-05', 3159.23, 'Cash on Delivery', 'Success', 'TXN5727374937'),
(395, 395, '2024-06-02', 2744.47, 'Cash on Delivery', 'Failed', 'TXN5762032258'),
(396, 396, '2024-11-22', 4024.95, 'Credit Card', 'Refunded', 'TXN8201555297'),
(397, 397, '2025-02-25', 6888.51, 'Cash on Delivery', 'Failed', 'TXN4113068436'),
(398, 398, '2025-02-04', 3173.49, 'UPI', 'Pending', 'TXN9888675966'),
(399, 399, '2024-01-04', 2497.09, 'UPI', 'Pending', 'TXN7917681762'),
(400, 400, '2024-06-14', 3772.96, 'Cash on Delivery', 'Pending', 'TXN6739909111'),
(401, 401, '2025-05-18', 518.95, 'Net Banking', 'Pending', 'TXN1082855581'),
(402, 402, '2024-06-27', 1031.1, 'Net Banking', 'Failed', 'TXN1524470040'),
(403, 403, '2024-09-10', 4501.89, 'Net Banking', 'Failed', 'TXN2509748161'),
(404, 404, '2025-02-20', 5958.67, 'Net Banking', 'Failed', 'TXN5111724665'),
(405, 405, '2024-06-24', 4120.38, 'Debit Card', 'Success', 'TXN1310239093'),
(406, 406, '2025-08-30', 9220.0, 'Debit Card', 'Pending', 'TXN3032661225'),
(407, 407, '2024-01-15', 4392.83, 'UPI', 'Refunded', 'TXN7337234792'),
(408, 408, '2025-07-20', 9430.2, 'Credit Card', 'Failed', 'TXN6203650328'),
(409, 409, '2025-08-16', 663.23, 'UPI', 'Refunded', 'TXN1584420822'),
(410, 410, '2024-12-23', 5057.97, 'Credit Card', 'Pending', 'TXN3341627307'),
(411, 411, '2024-11-12', 6320.6, 'Cash on Delivery', 'Failed', 'TXN9468707310'),
(412, 412, '2025-09-20', 200.7, 'UPI', 'Failed', 'TXN6825940994'),
(413, 413, '2024-12-02', 3109.03, 'Credit Card', 'Success', 'TXN8717041895'),
(414, 414, '2025-08-14', 5363.22, 'Debit Card', 'Refunded', 'TXN9406584044'),
(415, 415, '2024-04-29', 5089.73, 'Credit Card', 'Refunded', 'TXN9398339952'),
(416, 416, '2024-03-20', 8596.33, 'Net Banking', 'Refunded', 'TXN2149413725'),
(417, 417, '2025-02-21', 6470.13, 'Net Banking', 'Failed', 'TXN8997793825'),
(418, 418, '2024-04-01', 4010.23, 'UPI', 'Failed', 'TXN5454578847'),
(419, 419, '2024-10-18', 1234.26, 'Debit Card', 'Refunded', 'TXN8338989274'),
(420, 420, '2024-10-14', 399.02, 'UPI', 'Failed', 'TXN3944273133'),
(421, 421, '2025-09-18', 6750.58, 'Cash on Delivery', 'Refunded', 'TXN3374587945'),
(422, 422, '2025-08-11', 5895.69, 'UPI', 'Pending', 'TXN9865378789'),
(423, 423, '2024-02-15', 6827.91, 'Net Banking', 'Pending', 'TXN5991374284'),
(424, 424, '2025-05-27', 7542.04, 'Cash on Delivery', 'Pending', 'TXN1307047253'),
(425, 425, '2025-05-02', 1156.52, 'Debit Card', 'Refunded', 'TXN4984384801'),
(426, 426, '2025-03-25', 6264.82, 'Cash on Delivery', 'Pending', 'TXN3754271452'),
(427, 427, '2024-11-05', 7628.81, 'Debit Card', 'Refunded', 'TXN9557495096'),
(428, 428, '2025-03-06', 5229.41, 'Debit Card', 'Success', 'TXN5641018770'),
(429, 429, '2024-06-30', 4480.03, 'UPI', 'Failed', 'TXN1593798626'),
(430, 430, '2024-07-12', 8161.18, 'Debit Card', 'Refunded', 'TXN7880638642'),
(431, 431, '2025-01-29', 8160.61, 'Debit Card', 'Success', 'TXN4208500311'),
(432, 432, '2025-06-29', 8656.6, 'Net Banking', 'Pending', 'TXN6014966572'),
(433, 433, '2024-06-05', 4013.15, 'Net Banking', 'Failed', 'TXN4597783654'),
(434, 434, '2024-04-25', 8252.2, 'Credit Card', 'Success', 'TXN3690186751'),
(435, 435, '2025-08-08', 649.94, 'UPI', 'Failed', 'TXN8649275737'),
(436, 436, '2025-10-03', 2960.97, 'Cash on Delivery', 'Failed', 'TXN6400387233'),
(437, 437, '2024-12-18', 2293.08, 'UPI', 'Success', 'TXN8139708022'),
(438, 438, '2024-06-09', 9747.67, 'Net Banking', 'Pending', 'TXN8364950970'),
(439, 439, '2024-09-21', 2231.94, 'Credit Card', 'Success', 'TXN9281351044'),
(440, 440, '2025-09-21', 2071.24, 'Credit Card', 'Pending', 'TXN4317419494'),
(441, 441, '2024-09-10', 7998.05, 'Net Banking', 'Refunded', 'TXN6306881258'),
(442, 442, '2024-08-11', 9265.33, 'Debit Card', 'Success', 'TXN5194477177'),
(443, 443, '2025-08-20', 3025.79, 'Credit Card', 'Pending', 'TXN8481706089'),
(444, 444, '2024-03-08', 899.68, 'Cash on Delivery', 'Pending', 'TXN2085095806'),
(445, 445, '2025-06-02', 6487.73, 'Net Banking', 'Pending', 'TXN3084097760'),
(446, 446, '2025-05-19', 3192.71, 'Debit Card', 'Success', 'TXN4636271141'),
(447, 447, '2025-10-03', 8354.31, 'Debit Card', 'Refunded', 'TXN4257376955'),
(448, 448, '2025-07-02', 9606.68, 'Debit Card', 'Failed', 'TXN9247064311'),
(449, 449, '2024-01-16', 9369.47, 'Net Banking', 'Pending', 'TXN6053130075'),
(450, 450, '2024-08-05', 611.78, 'UPI', 'Success', 'TXN3138310014'),
(451, 451, '2024-09-25', 3296.09, 'Credit Card', 'Pending', 'TXN8947734125'),
(452, 452, '2025-06-23', 2505.28, 'Credit Card', 'Failed', 'TXN9329169750'),
(453, 453, '2024-06-27', 7049.11, 'Debit Card', 'Success', 'TXN6531243291'),
(454, 454, '2025-05-17', 2506.35, 'Credit Card', 'Failed', 'TXN4773739425'),
(455, 455, '2024-06-28', 4766.64, 'UPI', 'Pending', 'TXN4817295354'),
(456, 456, '2024-07-25', 5111.45, 'Cash on Delivery', 'Failed', 'TXN3412590392'),
(457, 457, '2024-12-13', 6403.41, 'Cash on Delivery', 'Refunded', 'TXN1778385102'),
(458, 458, '2025-04-18', 2627.91, 'Credit Card', 'Pending', 'TXN2017576293'),
(459, 459, '2025-02-17', 2795.63, 'Debit Card', 'Refunded', 'TXN6442710293'),
(460, 460, '2024-02-16', 3427.65, 'Cash on Delivery', 'Success', 'TXN5121492564'),
(461, 461, '2025-08-28', 8926.03, 'Net Banking', 'Pending', 'TXN7619765742'),
(462, 462, '2025-07-28', 3098.5, 'Cash on Delivery', 'Pending', 'TXN4257291077'),
(463, 463, '2025-04-22', 8922.11, 'UPI', 'Pending', 'TXN1823511061'),
(464, 464, '2024-06-27', 7096.22, 'Debit Card', 'Failed', 'TXN7195332782'),
(465, 465, '2024-03-29', 3686.72, 'Credit Card', 'Success', 'TXN9512419798'),
(466, 466, '2024-12-27', 4099.11, 'UPI', 'Refunded', 'TXN1394095380'),
(467, 467, '2025-03-14', 5916.8, 'Debit Card', 'Refunded', 'TXN5994435035'),
(468, 468, '2024-09-10', 3946.61, 'UPI', 'Failed', 'TXN6786588113'),
(469, 469, '2024-09-27', 3273.37, 'Cash on Delivery', 'Refunded', 'TXN7995073035'),
(470, 470, '2024-02-24', 7253.17, 'Credit Card', 'Refunded', 'TXN9655323671'),
(471, 471, '2024-12-21', 5690.9, 'Credit Card', 'Pending', 'TXN6058989760'),
(472, 472, '2025-07-12', 9710.73, 'UPI', 'Failed', 'TXN4983582995'),
(473, 473, '2025-08-19', 7733.33, 'Net Banking', 'Pending', 'TXN9539610528'),
(474, 474, '2024-07-17', 2124.16, 'Credit Card', 'Failed', 'TXN2984534862'),
(475, 475, '2025-01-04', 5460.22, 'Debit Card', 'Failed', 'TXN3110387250'),
(476, 476, '2025-05-14', 6661.15, 'Debit Card', 'Failed', 'TXN6755042015'),
(477, 477, '2024-12-05', 3224.46, 'Cash on Delivery', 'Success', 'TXN3621023658'),
(478, 478, '2025-01-31', 4049.13, 'UPI', 'Failed', 'TXN7856224246'),
(479, 479, '2025-03-23', 318.45, 'UPI', 'Pending', 'TXN6905597374'),
(480, 480, '2025-09-12', 5752.97, 'Net Banking', 'Pending', 'TXN6454260193'),
(481, 481, '2024-10-20', 2386.11, 'Credit Card', 'Success', 'TXN3636529612'),
(482, 482, '2025-01-13', 271.06, 'Net Banking', 'Success', 'TXN6544587192'),
(483, 483, '2025-09-18', 1568.53, 'UPI', 'Refunded', 'TXN1096041168'),
(484, 484, '2025-05-07', 9430.06, 'Credit Card', 'Failed', 'TXN1805170983'),
(485, 485, '2024-12-08', 6412.17, 'Net Banking', 'Refunded', 'TXN1652808398'),
(486, 486, '2024-07-29', 9826.25, 'Cash on Delivery', 'Success', 'TXN4593661830'),
(487, 487, '2025-05-11', 1966.22, 'UPI', 'Pending', 'TXN5166414537'),
(488, 488, '2025-07-03', 5252.36, 'UPI', 'Pending', 'TXN4750670920'),
(489, 489, '2025-03-19', 9901.77, 'Cash on Delivery', 'Failed', 'TXN4769105560'),
(490, 490, '2025-02-20', 1667.42, 'Credit Card', 'Pending', 'TXN3220245647'),
(491, 491, '2024-03-23', 1555.66, 'Cash on Delivery', 'Pending', 'TXN7789163963'),
(492, 492, '2025-04-07', 951.1, 'Net Banking', 'Success', 'TXN4003482006'),
(493, 493, '2025-07-06', 9160.83, 'Cash on Delivery', 'Success', 'TXN4533846356'),
(494, 494, '2024-09-15', 4596.28, 'Debit Card', 'Refunded', 'TXN6038524904'),
(495, 495, '2024-11-22', 4209.29, 'Net Banking', 'Failed', 'TXN5181387356'),
(496, 496, '2025-05-17', 4647.33, 'Debit Card', 'Pending', 'TXN8474755057'),
(497, 497, '2024-04-28', 378.19, 'Debit Card', 'Pending', 'TXN5208127632'),
(498, 498, '2025-08-02', 2774.93, 'Net Banking', 'Pending', 'TXN6312014779'),
(499, 499, '2025-07-13', 2628.78, 'Net Banking', 'Success', 'TXN6651777912'),
(500, 500, '2025-07-09', 9859.03, 'Cash on Delivery', 'Pending', 'TXN5193626650');

INSERT INTO shipping (shipping_id, order_id, shipping_date, delivery_date, shipping_status, courier_name, tracking_number)
VALUES
(1, 1, '2024-10-10', '2024-10-17', 'Delivered', 'FedEx', 'TRK1326051952'),
(2, 2, '2025-10-30', '2025-11-09', 'Delivered', 'FedEx', 'TRK2077116865'),
(3, 3, '2025-09-19', '2025-09-29', 'Delayed', 'DTDC', 'TRK6803414991'),
(4, 4, '2024-01-27', '2024-02-04', 'Delayed', 'Delhivery', 'TRK3333747644'),
(5, 5, '2024-10-28', '2024-11-01', 'In Transit', 'Ecom Express', 'TRK3755084664'),
(6, 6, '2025-01-18', '2025-01-28', 'Shipped', 'Ecom Express', 'TRK4868968427'),
(7, 7, '2024-09-23', '2024-09-29', 'Shipped', 'FedEx', 'TRK3683649476'),
(8, 8, '2024-12-30', '2025-01-04', 'Delivered', 'FedEx', 'TRK6218867951'),
(9, 9, '2025-01-19', '2025-01-28', 'Delivered', 'BlueDart', 'TRK7545140178'),
(10, 10, '2024-09-30', '2024-10-06', 'In Transit', 'Delhivery', 'TRK8490746917'),
(11, 11, '2024-03-24', '2024-03-25', 'Shipped', 'Ecom Express', 'TRK6151130677'),
(12, 12, '2024-02-02', '2024-02-06', 'Delivered', 'Delhivery', 'TRK1658658441'),
(13, 13, '2025-10-08', '2025-10-14', 'Delayed', 'BlueDart', 'TRK3489719214'),
(14, 14, '2025-04-29', '2025-04-30', 'Delayed', 'DTDC', 'TRK1063204577'),
(15, 15, '2025-04-08', '2025-04-11', 'Delayed', 'Ecom Express', 'TRK3929287287'),
(16, 16, '2025-01-07', '2025-01-12', 'In Transit', 'Ecom Express', 'TRK2248490286'),
(17, 17, '2024-12-22', '2024-12-23', 'Shipped', 'BlueDart', 'TRK8425475424'),
(18, 18, '2024-07-19', '2024-07-29', 'Delivered', 'FedEx', 'TRK1500046621'),
(19, 19, '2024-05-10', '2024-05-13', 'Returned', 'Ecom Express', 'TRK1339519846'),
(20, 20, '2024-03-02', '2024-03-09', 'Delayed', 'BlueDart', 'TRK6254240167'),
(21, 21, '2025-07-04', '2025-07-06', 'In Transit', 'FedEx', 'TRK6948007947'),
(22, 22, '2025-01-20', '2025-01-24', 'Delivered', 'DTDC', 'TRK3631059176'),
(23, 23, '2024-04-22', '2024-04-25', 'Delivered', 'Ecom Express', 'TRK6490596282'),
(24, 24, '2024-04-30', '2024-05-08', 'Shipped', 'BlueDart', 'TRK7861141097'),
(25, 25, '2025-07-23', '2025-07-31', 'In Transit', 'Ecom Express', 'TRK5932514599'),
(26, 26, '2025-03-07', '2025-03-16', 'Delayed', 'Delhivery', 'TRK4850308513'),
(27, 27, '2024-10-17', '2024-10-26', 'Delayed', 'DTDC', 'TRK6465777878'),
(28, 28, '2024-11-29', '2024-11-30', 'Returned', 'Delhivery', 'TRK6225966768'),
(29, 29, '2024-01-24', '2024-01-26', 'In Transit', 'DTDC', 'TRK8275908508'),
(30, 30, '2025-10-22', '2025-10-23', 'In Transit', 'Delhivery', 'TRK6049232597'),
(31, 31, '2024-04-01', '2024-04-04', 'Shipped', 'Delhivery', 'TRK5164922276'),
(32, 32, '2025-09-04', '2025-09-12', 'Returned', 'DTDC', 'TRK9915393483'),
(33, 33, '2025-03-26', '2025-04-02', 'Returned', 'DTDC', 'TRK1457827047'),
(34, 34, '2024-02-01', '2024-02-09', 'In Transit', 'FedEx', 'TRK1662001563'),
(35, 35, '2024-11-26', '2024-12-05', 'Returned', 'FedEx', 'TRK9930421072'),
(36, 36, '2025-01-05', '2025-01-14', 'In Transit', 'FedEx', 'TRK1928461685'),
(37, 37, '2025-04-13', '2025-04-17', 'Delivered', 'DTDC', 'TRK1520648411'),
(38, 38, '2024-05-22', '2024-05-30', 'Shipped', 'Delhivery', 'TRK5121163033'),
(39, 39, '2024-01-09', '2024-01-11', 'Delayed', 'Delhivery', 'TRK6729905687'),
(40, 40, '2024-10-04', '2024-10-06', 'In Transit', 'BlueDart', 'TRK6498463003'),
(41, 41, '2024-02-13', '2024-02-17', 'Delayed', 'FedEx', 'TRK4511944080'),
(42, 42, '2025-03-17', '2025-03-25', 'Delayed', 'Ecom Express', 'TRK4341261128'),
(43, 43, '2025-09-13', '2025-09-23', 'Delivered', 'BlueDart', 'TRK5039661018'),
(44, 44, '2024-08-02', '2024-08-12', 'Returned', 'FedEx', 'TRK1694510193'),
(45, 45, '2024-11-06', '2024-11-11', 'Delayed', 'FedEx', 'TRK9838632391'),
(46, 46, '2025-02-21', '2025-02-24', 'Shipped', 'Ecom Express', 'TRK2112589485'),
(47, 47, '2024-11-25', '2024-12-03', 'Delayed', 'DTDC', 'TRK6367867450'),
(48, 48, '2025-08-22', '2025-08-23', 'In Transit', 'BlueDart', 'TRK3886756009'),
(49, 49, '2025-06-13', '2025-06-15', 'Shipped', 'DTDC', 'TRK1012089782'),
(50, 50, '2025-07-06', '2025-07-08', 'In Transit', 'Delhivery', 'TRK8525557891'),
(51, 51, '2024-05-28', '2024-06-02', 'Delivered', 'Ecom Express', 'TRK4127831660'),
(52, 52, '2024-10-21', '2024-10-28', 'Returned', 'DTDC', 'TRK6683587900'),
(53, 53, '2025-06-25', '2025-07-03', 'In Transit', 'BlueDart', 'TRK4036851151'),
(54, 54, '2024-11-09', '2024-11-11', 'Returned', 'Ecom Express', 'TRK7187645519'),
(55, 55, '2024-07-10', '2024-07-20', 'Returned', 'Delhivery', 'TRK8940194954'),
(56, 56, '2025-08-03', '2025-08-12', 'Delivered', 'DTDC', 'TRK5039667254'),
(57, 57, '2024-08-29', '2024-09-06', 'Shipped', 'Ecom Express', 'TRK4928772037'),
(58, 58, '2024-12-19', '2024-12-23', 'Shipped', 'Ecom Express', 'TRK7202264662'),
(59, 59, '2024-05-04', '2024-05-10', 'Delayed', 'BlueDart', 'TRK4784468948'),
(60, 60, '2025-08-28', '2025-09-06', 'Delayed', 'Delhivery', 'TRK8208406074'),
(61, 61, '2025-03-01', '2025-03-11', 'In Transit', 'Ecom Express', 'TRK3912597714'),
(62, 62, '2024-12-23', '2024-12-30', 'Shipped', 'Delhivery', 'TRK9624085611'),
(63, 63, '2025-01-13', '2025-01-20', 'Returned', 'DTDC', 'TRK3412136833'),
(64, 64, '2025-05-10', '2025-05-13', 'Returned', 'Ecom Express', 'TRK9524937484'),
(65, 65, '2025-06-15', '2025-06-21', 'In Transit', 'FedEx', 'TRK9400562157'),
(66, 66, '2025-04-05', '2025-04-07', 'Returned', 'DTDC', 'TRK2604669249'),
(67, 67, '2025-03-17', '2025-03-18', 'Delivered', 'BlueDart', 'TRK3349362415'),
(68, 68, '2025-06-11', '2025-06-20', 'Shipped', 'FedEx', 'TRK6090465067'),
(69, 69, '2024-10-19', '2024-10-20', 'In Transit', 'BlueDart', 'TRK7150357542'),
(70, 70, '2025-02-25', '2025-03-07', 'Returned', 'BlueDart', 'TRK1325440038'),
(71, 71, '2025-05-14', '2025-05-22', 'Delivered', 'DTDC', 'TRK8808798132'),
(72, 72, '2025-01-12', '2025-01-18', 'Returned', 'FedEx', 'TRK1436556344'),
(73, 73, '2025-04-16', '2025-04-18', 'Shipped', 'Ecom Express', 'TRK1463541506'),
(74, 74, '2025-09-28', '2025-10-01', 'In Transit', 'Ecom Express', 'TRK7420614848'),
(75, 75, '2024-01-11', '2024-01-15', 'In Transit', 'FedEx', 'TRK4123884980'),
(76, 76, '2025-06-23', '2025-06-26', 'In Transit', 'FedEx', 'TRK8143780167'),
(77, 77, '2025-01-21', '2025-01-29', 'Returned', 'DTDC', 'TRK5954726137'),
(78, 78, '2024-04-22', '2024-04-28', 'Returned', 'Delhivery', 'TRK2277648978'),
(79, 79, '2024-10-16', '2024-10-24', 'Delivered', 'Delhivery', 'TRK8602808306'),
(80, 80, '2025-06-08', '2025-06-13', 'In Transit', 'Delhivery', 'TRK1813765044'),
(81, 81, '2025-05-21', '2025-05-27', 'Shipped', 'Delhivery', 'TRK6262542561'),
(82, 82, '2025-05-20', '2025-05-28', 'Delayed', 'FedEx', 'TRK4256546637'),
(83, 83, '2024-09-03', '2024-09-09', 'Shipped', 'BlueDart', 'TRK8560347392'),
(84, 84, '2025-04-11', '2025-04-12', 'In Transit', 'FedEx', 'TRK3683898282'),
(85, 85, '2025-01-12', '2025-01-19', 'Returned', 'FedEx', 'TRK8751587967'),
(86, 86, '2025-10-03', '2025-10-10', 'In Transit', 'Delhivery', 'TRK7003559575'),
(87, 87, '2024-10-28', '2024-11-06', 'Shipped', 'Ecom Express', 'TRK7169329806'),
(88, 88, '2024-10-14', '2024-10-17', 'Shipped', 'DTDC', 'TRK2937510677'),
(89, 89, '2025-04-03', '2025-04-11', 'Shipped', 'DTDC', 'TRK6915639912'),
(90, 90, '2025-02-01', '2025-02-03', 'Returned', 'FedEx', 'TRK3603230445'),
(91, 91, '2024-01-12', '2024-01-19', 'In Transit', 'DTDC', 'TRK9880389316'),
(92, 92, '2024-05-24', '2024-06-03', 'Delivered', 'BlueDart', 'TRK3288969080'),
(93, 93, '2025-03-24', '2025-03-29', 'In Transit', 'DTDC', 'TRK6237540925'),
(94, 94, '2024-11-17', '2024-11-18', 'Delivered', 'Delhivery', 'TRK2555054121'),
(95, 95, '2024-12-20', '2024-12-29', 'Returned', 'BlueDart', 'TRK7557953348'),
(96, 96, '2025-10-16', '2025-10-20', 'Shipped', 'DTDC', 'TRK2441425076'),
(97, 97, '2024-01-28', '2024-02-04', 'Shipped', 'Ecom Express', 'TRK1114524063'),
(98, 98, '2024-03-16', '2024-03-20', 'Shipped', 'BlueDart', 'TRK9561686820'),
(99, 99, '2025-06-15', '2025-06-16', 'Returned', 'BlueDart', 'TRK8988016310'),
(100, 100, '2024-10-30', '2024-11-09', 'Returned', 'FedEx', 'TRK1963458104'),
(101, 101, '2024-12-21', '2024-12-22', 'Shipped', 'Delhivery', 'TRK4296496128'),
(102, 102, '2024-09-10', '2024-09-11', 'Returned', 'FedEx', 'TRK8885429862'),
(103, 103, '2025-09-10', '2025-09-15', 'Returned', 'Delhivery', 'TRK6403130943'),
(104, 104, '2025-09-17', '2025-09-18', 'Returned', 'FedEx', 'TRK3487659642'),
(105, 105, '2024-06-20', '2024-06-21', 'In Transit', 'DTDC', 'TRK3446629515'),
(106, 106, '2025-05-18', '2025-05-23', 'Returned', 'Delhivery', 'TRK2600534657'),
(107, 107, '2024-02-27', '2024-03-05', 'In Transit', 'DTDC', 'TRK9661599489'),
(108, 108, '2024-05-12', '2024-05-16', 'In Transit', 'FedEx', 'TRK7346121953'),
(109, 109, '2025-07-13', '2025-07-22', 'Delivered', 'FedEx', 'TRK8331698273'),
(110, 110, '2025-04-23', '2025-04-27', 'Delayed', 'Delhivery', 'TRK9251873063'),
(111, 111, '2024-01-07', '2024-01-14', 'Delivered', 'FedEx', 'TRK4865858601'),
(112, 112, '2024-12-14', '2024-12-18', 'Delayed', 'Delhivery', 'TRK1911279651'),
(113, 113, '2025-07-22', '2025-07-23', 'Delayed', 'FedEx', 'TRK1143788877'),
(114, 114, '2025-07-02', '2025-07-09', 'Shipped', 'BlueDart', 'TRK9476744670'),
(115, 115, '2025-04-27', '2025-05-06', 'Delivered', 'DTDC', 'TRK4140750598'),
(116, 116, '2024-06-15', '2024-06-23', 'In Transit', 'Delhivery', 'TRK9200148652'),
(117, 117, '2025-05-24', '2025-05-31', 'Shipped', 'DTDC', 'TRK4359652268'),
(118, 118, '2025-08-31', '2025-09-01', 'In Transit', 'Delhivery', 'TRK6036138271'),
(119, 119, '2024-07-01', '2024-07-10', 'Returned', 'Ecom Express', 'TRK9557324800'),
(120, 120, '2025-02-18', '2025-02-28', 'Shipped', 'BlueDart', 'TRK8229412418'),
(121, 121, '2025-08-06', '2025-08-14', 'Shipped', 'BlueDart', 'TRK4616313234'),
(122, 122, '2025-10-28', '2025-11-01', 'In Transit', 'Ecom Express', 'TRK6893079789'),
(123, 123, '2025-02-08', '2025-02-17', 'Shipped', 'FedEx', 'TRK6774779021'),
(124, 124, '2024-03-08', '2024-03-18', 'In Transit', 'DTDC', 'TRK9432718003'),
(125, 125, '2024-04-08', '2024-04-18', 'In Transit', 'Delhivery', 'TRK5419164263'),
(126, 126, '2024-10-23', '2024-10-28', 'Shipped', 'BlueDart', 'TRK1213117972'),
(127, 127, '2024-08-21', '2024-08-27', 'Delivered', 'Delhivery', 'TRK9571082014'),
(128, 128, '2024-01-08', '2024-01-10', 'In Transit', 'Ecom Express', 'TRK7994783194'),
(129, 129, '2025-02-22', '2025-02-26', 'Delivered', 'Ecom Express', 'TRK5045927215'),
(130, 130, '2024-02-03', '2024-02-12', 'Shipped', 'BlueDart', 'TRK3431122751'),
(131, 131, '2025-02-20', '2025-03-01', 'Delivered', 'FedEx', 'TRK1714972534'),
(132, 132, '2025-11-01', '2025-11-05', 'Delivered', 'FedEx', 'TRK9924989580'),
(133, 133, '2025-07-16', '2025-07-21', 'Shipped', 'Delhivery', 'TRK3673151439'),
(134, 134, '2024-05-31', '2024-06-02', 'Delayed', 'DTDC', 'TRK8270469256'),
(135, 135, '2024-10-06', '2024-10-13', 'Delivered', 'Ecom Express', 'TRK6449620443'),
(136, 136, '2025-08-24', '2025-08-30', 'Shipped', 'Delhivery', 'TRK5987103169'),
(137, 137, '2025-03-15', '2025-03-24', 'Delayed', 'FedEx', 'TRK1223521010'),
(138, 138, '2024-06-18', '2024-06-20', 'Delayed', 'Delhivery', 'TRK6484867886'),
(139, 139, '2024-07-24', '2024-08-02', 'Shipped', 'FedEx', 'TRK4048239439'),
(140, 140, '2024-08-24', '2024-08-27', 'Returned', 'Delhivery', 'TRK9637744991'),
(141, 141, '2024-02-10', '2024-02-12', 'Returned', 'DTDC', 'TRK6202814151'),
(142, 142, '2025-03-04', '2025-03-08', 'Delayed', 'Ecom Express', 'TRK1899584803'),
(143, 143, '2024-09-01', '2024-09-07', 'Delivered', 'FedEx', 'TRK4714955057'),
(144, 144, '2025-08-25', '2025-09-03', 'Delayed', 'FedEx', 'TRK3221022164'),
(145, 145, '2024-10-07', '2024-10-10', 'Delayed', 'BlueDart', 'TRK4916620518'),
(146, 146, '2024-08-27', '2024-09-03', 'In Transit', 'DTDC', 'TRK1627604098'),
(147, 147, '2024-03-25', '2024-03-30', 'In Transit', 'DTDC', 'TRK8908329801'),
(148, 148, '2024-02-19', '2024-02-29', 'Delivered', 'DTDC', 'TRK2601346711'),
(149, 149, '2025-09-12', '2025-09-22', 'Returned', 'Delhivery', 'TRK9900636244'),
(150, 150, '2024-09-08', '2024-09-13', 'Delivered', 'Delhivery', 'TRK2822342698'),
(151, 151, '2024-12-02', '2024-12-10', 'Shipped', 'DTDC', 'TRK6968154208'),
(152, 152, '2024-01-14', '2024-01-17', 'Returned', 'BlueDart', 'TRK7647212326'),
(153, 153, '2025-04-22', '2025-05-02', 'Shipped', 'Delhivery', 'TRK3730238514'),
(154, 154, '2025-06-17', '2025-06-23', 'Returned', 'Ecom Express', 'TRK1474406426'),
(155, 155, '2024-05-04', '2024-05-11', 'Returned', 'BlueDart', 'TRK9167766583'),
(156, 156, '2024-07-16', '2024-07-18', 'Delivered', 'Delhivery', 'TRK1999304834'),
(157, 157, '2025-02-20', '2025-02-25', 'In Transit', 'FedEx', 'TRK1946289290'),
(158, 158, '2025-01-03', '2025-01-09', 'Shipped', 'Ecom Express', 'TRK5709414687'),
(159, 159, '2024-09-27', '2024-10-04', 'In Transit', 'Delhivery', 'TRK8702500990'),
(160, 160, '2024-06-01', '2024-06-03', 'Returned', 'Delhivery', 'TRK5367807688'),
(161, 161, '2024-04-20', '2024-04-25', 'Delayed', 'Delhivery', 'TRK2468510274'),
(162, 162, '2024-02-07', '2024-02-17', 'Delivered', 'FedEx', 'TRK4508633286'),
(163, 163, '2025-02-15', '2025-02-24', 'Delivered', 'FedEx', 'TRK1413971034'),
(164, 164, '2025-06-25', '2025-06-26', 'In Transit', 'BlueDart', 'TRK6664287078'),
(165, 165, '2024-01-04', '2024-01-13', 'Shipped', 'FedEx', 'TRK5524982345'),
(166, 166, '2025-02-14', '2025-02-20', 'In Transit', 'Delhivery', 'TRK4887389673'),
(167, 167, '2024-04-20', '2024-04-24', 'In Transit', 'FedEx', 'TRK1208703150'),
(168, 168, '2025-04-27', '2025-04-29', 'Returned', 'Delhivery', 'TRK5927004481'),
(169, 169, '2024-12-01', '2024-12-02', 'Shipped', 'Delhivery', 'TRK6108678697'),
(170, 170, '2024-09-20', '2024-09-30', 'In Transit', 'Ecom Express', 'TRK2153790987'),
(171, 171, '2025-05-24', '2025-06-03', 'Shipped', 'Delhivery', 'TRK2896882011'),
(172, 172, '2024-08-31', '2024-09-08', 'Shipped', 'FedEx', 'TRK5857384627'),
(173, 173, '2025-01-24', '2025-01-25', 'Delayed', 'FedEx', 'TRK2131777863'),
(174, 174, '2024-02-23', '2024-02-24', 'In Transit', 'Delhivery', 'TRK6345884776'),
(175, 175, '2025-05-18', '2025-05-24', 'Shipped', 'BlueDart', 'TRK5596848083'),
(176, 176, '2024-02-05', '2024-02-14', 'Delivered', 'Delhivery', 'TRK1928897201'),
(177, 177, '2024-01-20', '2024-01-27', 'Delayed', 'FedEx', 'TRK6068030512'),
(178, 178, '2025-09-17', '2025-09-26', 'In Transit', 'Ecom Express', 'TRK2421989839'),
(179, 179, '2025-04-12', '2025-04-16', 'In Transit', 'BlueDart', 'TRK1380903045'),
(180, 180, '2025-07-31', '2025-08-07', 'Shipped', 'BlueDart', 'TRK5023783249'),
(181, 181, '2024-12-01', '2024-12-02', 'Returned', 'BlueDart', 'TRK2904401721'),
(182, 182, '2024-01-31', '2024-02-02', 'Returned', 'Ecom Express', 'TRK3000240964'),
(183, 183, '2024-01-24', '2024-01-26', 'Delayed', 'Delhivery', 'TRK8829174281'),
(184, 184, '2025-01-20', '2025-01-25', 'Delayed', 'BlueDart', 'TRK1255197682'),
(185, 185, '2025-03-30', '2025-04-09', 'Delayed', 'Delhivery', 'TRK3869944815'),
(186, 186, '2024-02-07', '2024-02-15', 'Delivered', 'Delhivery', 'TRK1082430169'),
(187, 187, '2024-02-05', '2024-02-08', 'Returned', 'DTDC', 'TRK8730076842'),
(188, 188, '2024-05-19', '2024-05-29', 'Shipped', 'DTDC', 'TRK2685189148'),
(189, 189, '2025-05-16', '2025-05-18', 'In Transit', 'DTDC', 'TRK1904427605'),
(190, 190, '2024-10-12', '2024-10-22', 'In Transit', 'FedEx', 'TRK9507855094'),
(191, 191, '2024-08-19', '2024-08-25', 'Returned', 'DTDC', 'TRK3207144770'),
(192, 192, '2024-01-25', '2024-02-01', 'Delayed', 'Delhivery', 'TRK6349296733'),
(193, 193, '2024-06-13', '2024-06-19', 'In Transit', 'DTDC', 'TRK4296647087'),
(194, 194, '2025-04-01', '2025-04-04', 'Delayed', 'FedEx', 'TRK6220610513'),
(195, 195, '2025-02-06', '2025-02-15', 'Returned', 'DTDC', 'TRK2301302505'),
(196, 196, '2025-03-29', '2025-03-31', 'Returned', 'Delhivery', 'TRK1676296321'),
(197, 197, '2025-08-12', '2025-08-17', 'Delayed', 'FedEx', 'TRK5677951047'),
(198, 198, '2025-04-25', '2025-05-05', 'Delayed', 'DTDC', 'TRK1325052712'),
(199, 199, '2024-07-17', '2024-07-19', 'In Transit', 'Ecom Express', 'TRK2559616995'),
(200, 200, '2024-10-08', '2024-10-15', 'Delayed', 'BlueDart', 'TRK6124797734'),
(201, 201, '2025-08-04', '2025-08-09', 'Shipped', 'BlueDart', 'TRK4060959844'),
(202, 202, '2025-08-07', '2025-08-17', 'Delivered', 'FedEx', 'TRK1278947507'),
(203, 203, '2025-05-02', '2025-05-11', 'Shipped', 'FedEx', 'TRK3382020495'),
(204, 204, '2024-05-01', '2024-05-07', 'Shipped', 'DTDC', 'TRK6671133227'),
(205, 205, '2024-08-31', '2024-09-08', 'Returned', 'Ecom Express', 'TRK5226037246'),
(206, 206, '2025-05-22', '2025-05-27', 'Shipped', 'DTDC', 'TRK5347326763'),
(207, 207, '2024-06-19', '2024-06-27', 'Returned', 'FedEx', 'TRK4614279021'),
(208, 208, '2025-06-11', '2025-06-19', 'Delivered', 'DTDC', 'TRK8016988773'),
(209, 209, '2025-01-12', '2025-01-22', 'In Transit', 'DTDC', 'TRK9414378260'),
(210, 210, '2025-10-11', '2025-10-21', 'Delivered', 'Ecom Express', 'TRK9647729452'),
(211, 211, '2025-01-31', '2025-02-03', 'Delivered', 'FedEx', 'TRK1621617722'),
(212, 212, '2025-07-05', '2025-07-14', 'Returned', 'FedEx', 'TRK4906154162'),
(213, 213, '2024-11-11', '2024-11-18', 'Shipped', 'FedEx', 'TRK3011051684'),
(214, 214, '2025-08-08', '2025-08-10', 'In Transit', 'Ecom Express', 'TRK1092997632'),
(215, 215, '2024-02-10', '2024-02-15', 'Delayed', 'BlueDart', 'TRK4257922052'),
(216, 216, '2025-03-13', '2025-03-21', 'Delivered', 'FedEx', 'TRK3405566766'),
(217, 217, '2025-09-20', '2025-09-29', 'In Transit', 'DTDC', 'TRK9973331053'),
(218, 218, '2025-02-27', '2025-03-08', 'In Transit', 'FedEx', 'TRK3804798465'),
(219, 219, '2024-11-30', '2024-12-02', 'Returned', 'Ecom Express', 'TRK6381663835'),
(220, 220, '2025-01-05', '2025-01-09', 'Shipped', 'FedEx', 'TRK9649797395'),
(221, 221, '2024-03-13', '2024-03-21', 'Delayed', 'Delhivery', 'TRK2129525575'),
(222, 222, '2024-06-23', '2024-07-03', 'Returned', 'BlueDart', 'TRK9595449341'),
(223, 223, '2025-09-18', '2025-09-23', 'In Transit', 'Ecom Express', 'TRK5393571034'),
(224, 224, '2025-03-11', '2025-03-18', 'Returned', 'DTDC', 'TRK5526350446'),
(225, 225, '2025-03-14', '2025-03-18', 'In Transit', 'BlueDart', 'TRK6157886766'),
(226, 226, '2024-06-29', '2024-07-03', 'Returned', 'BlueDart', 'TRK7716890439'),
(227, 227, '2024-06-28', '2024-07-08', 'In Transit', 'FedEx', 'TRK8671904537'),
(228, 228, '2025-02-01', '2025-02-08', 'Returned', 'BlueDart', 'TRK8701972103'),
(229, 229, '2024-03-26', '2024-03-28', 'In Transit', 'DTDC', 'TRK1505395240'),
(230, 230, '2025-10-30', '2025-11-04', 'Returned', 'FedEx', 'TRK5857797935'),
(231, 231, '2025-05-14', '2025-05-18', 'Delayed', 'BlueDart', 'TRK5306658212'),
(232, 232, '2025-08-14', '2025-08-15', 'Delivered', 'BlueDart', 'TRK4110340886'),
(233, 233, '2025-04-26', '2025-05-02', 'Returned', 'Ecom Express', 'TRK2529160470'),
(234, 234, '2024-06-26', '2024-07-02', 'In Transit', 'BlueDart', 'TRK3218600029'),
(235, 235, '2025-03-24', '2025-04-01', 'Delayed', 'Ecom Express', 'TRK6280410212'),
(236, 236, '2025-10-18', '2025-10-19', 'Delivered', 'BlueDart', 'TRK7572852259'),
(237, 237, '2025-03-08', '2025-03-10', 'In Transit', 'Ecom Express', 'TRK4594537228'),
(238, 238, '2025-02-08', '2025-02-13', 'Shipped', 'DTDC', 'TRK7214741749'),
(239, 239, '2024-05-13', '2024-05-16', 'Returned', 'FedEx', 'TRK6153631093'),
(240, 240, '2024-10-23', '2024-10-30', 'Shipped', 'DTDC', 'TRK4636437073'),
(241, 241, '2024-02-09', '2024-02-19', 'Delayed', 'FedEx', 'TRK2690499737'),
(242, 242, '2025-04-26', '2025-04-29', 'Shipped', 'BlueDart', 'TRK6171766499'),
(243, 243, '2025-07-24', '2025-08-03', 'In Transit', 'BlueDart', 'TRK4910789478'),
(244, 244, '2025-08-30', '2025-09-06', 'Returned', 'Delhivery', 'TRK3250108163'),
(245, 245, '2025-07-12', '2025-07-14', 'Delayed', 'Ecom Express', 'TRK7017783120'),
(246, 246, '2024-10-18', '2024-10-21', 'In Transit', 'Delhivery', 'TRK6792891789'),
(247, 247, '2025-09-03', '2025-09-12', 'In Transit', 'Delhivery', 'TRK2824978252'),
(248, 248, '2024-04-19', '2024-04-27', 'In Transit', 'BlueDart', 'TRK5924747225'),
(249, 249, '2025-10-17', '2025-10-18', 'Delayed', 'DTDC', 'TRK3957047692'),
(250, 250, '2024-09-27', '2024-10-06', 'Shipped', 'Delhivery', 'TRK5408097098'),
(251, 251, '2025-08-07', '2025-08-14', 'Delivered', 'BlueDart', 'TRK5286301504'),
(252, 252, '2025-06-14', '2025-06-21', 'Returned', 'Ecom Express', 'TRK3734919997'),
(253, 253, '2024-10-05', '2024-10-09', 'In Transit', 'Ecom Express', 'TRK8765264402'),
(254, 254, '2024-02-17', '2024-02-22', 'In Transit', 'BlueDart', 'TRK4527397568'),
(255, 255, '2025-06-01', '2025-06-10', 'In Transit', 'Ecom Express', 'TRK5500218903'),
(256, 256, '2025-08-18', '2025-08-25', 'Delayed', 'DTDC', 'TRK9189333476'),
(257, 257, '2024-08-04', '2024-08-07', 'In Transit', 'Delhivery', 'TRK8552850886'),
(258, 258, '2024-10-12', '2024-10-21', 'Returned', 'BlueDart', 'TRK9703717940'),
(259, 259, '2025-10-19', '2025-10-22', 'Delivered', 'DTDC', 'TRK1581951957'),
(260, 260, '2025-09-07', '2025-09-13', 'Delayed', 'DTDC', 'TRK4625001938'),
(261, 261, '2024-01-06', '2024-01-08', 'Returned', 'Ecom Express', 'TRK3051991799'),
(262, 262, '2024-08-04', '2024-08-12', 'In Transit', 'BlueDart', 'TRK4690120595'),
(263, 263, '2024-09-17', '2024-09-18', 'Delayed', 'FedEx', 'TRK3923003309'),
(264, 264, '2024-07-18', '2024-07-20', 'Delivered', 'BlueDart', 'TRK3261473616'),
(265, 265, '2024-05-05', '2024-05-10', 'Delivered', 'Delhivery', 'TRK9507496263'),
(266, 266, '2025-08-06', '2025-08-11', 'Returned', 'FedEx', 'TRK7750791688'),
(267, 267, '2024-05-26', '2024-06-03', 'Delayed', 'Delhivery', 'TRK8271676008'),
(268, 268, '2025-02-13', '2025-02-17', 'In Transit', 'DTDC', 'TRK4821927176'),
(269, 269, '2024-05-27', '2024-05-29', 'Shipped', 'BlueDart', 'TRK1474388279'),
(270, 270, '2024-09-23', '2024-09-27', 'In Transit', 'FedEx', 'TRK2218178802'),
(271, 271, '2024-11-25', '2024-11-29', 'Returned', 'DTDC', 'TRK8943032181'),
(272, 272, '2025-10-20', '2025-10-30', 'In Transit', 'Ecom Express', 'TRK3977932831'),
(273, 273, '2024-02-07', '2024-02-10', 'Delivered', 'BlueDart', 'TRK9642260717'),
(274, 274, '2024-11-20', '2024-11-30', 'Delayed', 'DTDC', 'TRK4261063567'),
(275, 275, '2025-02-15', '2025-02-24', 'In Transit', 'DTDC', 'TRK5174117746'),
(276, 276, '2024-11-21', '2024-11-23', 'Returned', 'FedEx', 'TRK6059456920'),
(277, 277, '2025-02-08', '2025-02-17', 'Returned', 'Delhivery', 'TRK7582057658'),
(278, 278, '2024-03-11', '2024-03-12', 'In Transit', 'FedEx', 'TRK5241412059'),
(279, 279, '2024-05-20', '2024-05-27', 'In Transit', 'FedEx', 'TRK8570503798'),
(280, 280, '2025-05-26', '2025-05-30', 'Shipped', 'BlueDart', 'TRK8127663387'),
(281, 281, '2024-12-23', '2025-01-01', 'Shipped', 'Ecom Express', 'TRK1100835102'),
(282, 282, '2024-05-10', '2024-05-19', 'In Transit', 'BlueDart', 'TRK8136572276'),
(283, 283, '2025-06-27', '2025-06-30', 'Returned', 'Delhivery', 'TRK1534804131'),
(284, 284, '2025-10-01', '2025-10-06', 'Delivered', 'FedEx', 'TRK8165277875'),
(285, 285, '2024-04-27', '2024-05-06', 'Delivered', 'Ecom Express', 'TRK1035839532'),
(286, 286, '2024-05-29', '2024-06-01', 'In Transit', 'Ecom Express', 'TRK8244215451'),
(287, 287, '2025-05-18', '2025-05-24', 'In Transit', 'Delhivery', 'TRK7013873983'),
(288, 288, '2025-07-16', '2025-07-18', 'Delivered', 'DTDC', 'TRK2441094178'),
(289, 289, '2024-10-25', '2024-10-26', 'Returned', 'DTDC', 'TRK2177880534'),
(290, 290, '2025-02-06', '2025-02-13', 'Returned', 'DTDC', 'TRK3582113863'),
(291, 291, '2024-03-22', '2024-03-29', 'Shipped', 'DTDC', 'TRK2735348191'),
(292, 292, '2025-09-04', '2025-09-08', 'In Transit', 'FedEx', 'TRK5213875902'),
(293, 293, '2025-07-20', '2025-07-21', 'Shipped', 'DTDC', 'TRK8600592036'),
(294, 294, '2025-02-08', '2025-02-09', 'In Transit', 'FedEx', 'TRK2838431104'),
(295, 295, '2025-03-01', '2025-03-05', 'Delayed', 'FedEx', 'TRK1609005736'),
(296, 296, '2024-10-18', '2024-10-20', 'In Transit', 'DTDC', 'TRK6842187036'),
(297, 297, '2025-07-23', '2025-08-01', 'Delayed', 'BlueDart', 'TRK9314510833'),
(298, 298, '2024-06-19', '2024-06-27', 'Delivered', 'Ecom Express', 'TRK9519388294'),
(299, 299, '2024-08-13', '2024-08-23', 'Delivered', 'Ecom Express', 'TRK1727643862'),
(300, 300, '2024-10-13', '2024-10-21', 'Delayed', 'Ecom Express', 'TRK4455893798'),
(301, 301, '2024-08-23', '2024-08-28', 'Returned', 'Ecom Express', 'TRK7116554813'),
(302, 302, '2024-01-31', '2024-02-02', 'Delayed', 'Delhivery', 'TRK3078825653'),
(303, 303, '2024-04-22', '2024-04-25', 'Shipped', 'Ecom Express', 'TRK6719822785'),
(304, 304, '2024-07-14', '2024-07-16', 'Shipped', 'Delhivery', 'TRK6426489141'),
(305, 305, '2024-05-25', '2024-05-26', 'Shipped', 'BlueDart', 'TRK5508416266'),
(306, 306, '2025-03-16', '2025-03-19', 'Returned', 'Ecom Express', 'TRK6256069971'),
(307, 307, '2024-05-14', '2024-05-18', 'In Transit', 'Ecom Express', 'TRK3649732245'),
(308, 308, '2024-10-17', '2024-10-19', 'In Transit', 'FedEx', 'TRK5937287782'),
(309, 309, '2024-12-22', '2024-12-25', 'Returned', 'FedEx', 'TRK6364752138'),
(310, 310, '2025-10-26', '2025-11-04', 'Delayed', 'Ecom Express', 'TRK8950875579'),
(311, 311, '2024-06-15', '2024-06-23', 'Delayed', 'FedEx', 'TRK2588813519'),
(312, 312, '2025-04-22', '2025-04-30', 'Delayed', 'DTDC', 'TRK3647077099'),
(313, 313, '2024-03-16', '2024-03-19', 'In Transit', 'Ecom Express', 'TRK7517341652'),
(314, 314, '2024-01-26', '2024-02-03', 'Delayed', 'DTDC', 'TRK7505491167'),
(315, 315, '2024-07-24', '2024-08-01', 'Delayed', 'Delhivery', 'TRK9274190523'),
(316, 316, '2024-10-28', '2024-11-07', 'Shipped', 'FedEx', 'TRK9887774041'),
(317, 317, '2025-07-25', '2025-07-28', 'Shipped', 'FedEx', 'TRK1459279219'),
(318, 318, '2024-01-07', '2024-01-08', 'In Transit', 'Ecom Express', 'TRK1768838797'),
(319, 319, '2024-10-11', '2024-10-19', 'In Transit', 'Ecom Express', 'TRK5558123125'),
(320, 320, '2025-02-16', '2025-02-17', 'In Transit', 'BlueDart', 'TRK9760868975'),
(321, 321, '2025-10-02', '2025-10-08', 'In Transit', 'Delhivery', 'TRK2651888908'),
(322, 322, '2024-07-12', '2024-07-17', 'Returned', 'Delhivery', 'TRK2065979104'),
(323, 323, '2024-10-15', '2024-10-17', 'In Transit', 'Ecom Express', 'TRK1101550022'),
(324, 324, '2025-01-28', '2025-02-07', 'Returned', 'BlueDart', 'TRK5755179012'),
(325, 325, '2024-01-09', '2024-01-15', 'Delayed', 'Ecom Express', 'TRK7326575543'),
(326, 326, '2024-02-09', '2024-02-11', 'Delayed', 'Ecom Express', 'TRK3936230925'),
(327, 327, '2024-05-08', '2024-05-13', 'Shipped', 'BlueDart', 'TRK6796957390'),
(328, 328, '2024-06-08', '2024-06-14', 'Returned', 'Delhivery', 'TRK5303033800'),
(329, 329, '2025-08-23', '2025-08-25', 'Delivered', 'Ecom Express', 'TRK1233726001'),
(330, 330, '2025-07-28', '2025-08-05', 'Shipped', 'Ecom Express', 'TRK7225140252'),
(331, 331, '2025-08-20', '2025-08-27', 'In Transit', 'DTDC', 'TRK5687948891'),
(332, 332, '2025-09-14', '2025-09-24', 'Delivered', 'Delhivery', 'TRK2233367706'),
(333, 333, '2025-09-17', '2025-09-23', 'In Transit', 'DTDC', 'TRK5666835471'),
(334, 334, '2024-09-09', '2024-09-14', 'Shipped', 'Delhivery', 'TRK7795318004'),
(335, 335, '2024-12-23', '2024-12-29', 'Returned', 'Ecom Express', 'TRK5692636611'),
(336, 336, '2025-02-28', '2025-03-04', 'In Transit', 'Delhivery', 'TRK4035158082'),
(337, 337, '2025-06-21', '2025-06-28', 'In Transit', 'Delhivery', 'TRK2069579330'),
(338, 338, '2025-04-23', '2025-04-29', 'In Transit', 'Ecom Express', 'TRK4340137875'),
(339, 339, '2025-02-20', '2025-02-28', 'Returned', 'DTDC', 'TRK3568940815'),
(340, 340, '2025-08-22', '2025-08-30', 'In Transit', 'DTDC', 'TRK1470292712'),
(341, 341, '2025-08-13', '2025-08-16', 'Shipped', 'DTDC', 'TRK7085740267'),
(342, 342, '2025-02-04', '2025-02-05', 'Shipped', 'BlueDart', 'TRK7837512487'),
(343, 343, '2025-07-06', '2025-07-09', 'In Transit', 'Ecom Express', 'TRK8330665789'),
(344, 344, '2025-03-24', '2025-03-29', 'Delivered', 'Ecom Express', 'TRK9121723420'),
(345, 345, '2025-03-21', '2025-03-26', 'Delivered', 'FedEx', 'TRK4514585044'),
(346, 346, '2025-06-27', '2025-07-02', 'Delivered', 'DTDC', 'TRK7334293955'),
(347, 347, '2024-09-21', '2024-09-25', 'In Transit', 'DTDC', 'TRK2893627237'),
(348, 348, '2024-02-20', '2024-03-01', 'Delivered', 'FedEx', 'TRK5405870445'),
(349, 349, '2024-03-25', '2024-04-04', 'Delivered', 'DTDC', 'TRK2713160688'),
(350, 350, '2024-06-17', '2024-06-22', 'Shipped', 'FedEx', 'TRK9047087944'),
(351, 351, '2025-03-11', '2025-03-17', 'Shipped', 'Delhivery', 'TRK3156574153'),
(352, 352, '2024-10-07', '2024-10-15', 'Shipped', 'Delhivery', 'TRK4797529219'),
(353, 353, '2025-09-26', '2025-09-29', 'In Transit', 'FedEx', 'TRK8170521270'),
(354, 354, '2025-06-08', '2025-06-11', 'In Transit', 'FedEx', 'TRK4474914506'),
(355, 355, '2025-04-21', '2025-04-27', 'In Transit', 'Ecom Express', 'TRK8427047113'),
(356, 356, '2025-04-21', '2025-04-28', 'Delayed', 'DTDC', 'TRK8752914994'),
(357, 357, '2024-07-13', '2024-07-21', 'Delivered', 'BlueDart', 'TRK1968612575'),
(358, 358, '2024-10-07', '2024-10-15', 'Returned', 'DTDC', 'TRK3545653513'),
(359, 359, '2024-05-01', '2024-05-03', 'Delayed', 'DTDC', 'TRK1432813633'),
(360, 360, '2024-03-06', '2024-03-13', 'Delivered', 'DTDC', 'TRK1248693030'),
(361, 361, '2024-03-12', '2024-03-13', 'Delivered', 'DTDC', 'TRK2139341704'),
(362, 362, '2024-10-17', '2024-10-21', 'Delayed', 'Ecom Express', 'TRK1257484386'),
(363, 363, '2025-06-28', '2025-07-03', 'Returned', 'DTDC', 'TRK5911962717'),
(364, 364, '2024-05-18', '2024-05-19', 'Shipped', 'DTDC', 'TRK1869551766'),
(365, 365, '2025-04-18', '2025-04-20', 'Returned', 'DTDC', 'TRK8585349506'),
(366, 366, '2025-08-24', '2025-09-03', 'Returned', 'BlueDart', 'TRK6129859106'),
(367, 367, '2024-06-20', '2024-06-30', 'Returned', 'FedEx', 'TRK3292392920'),
(368, 368, '2024-05-11', '2024-05-15', 'Delayed', 'BlueDart', 'TRK3831249704'),
(369, 369, '2025-07-21', '2025-07-27', 'Returned', 'Ecom Express', 'TRK2348080363'),
(370, 370, '2025-08-25', '2025-09-04', 'In Transit', 'BlueDart', 'TRK6908270728'),
(371, 371, '2024-12-05', '2024-12-12', 'Shipped', 'FedEx', 'TRK3841244969'),
(372, 372, '2024-03-24', '2024-03-25', 'Delivered', 'BlueDart', 'TRK1780930992'),
(373, 373, '2024-07-12', '2024-07-13', 'Delayed', 'Ecom Express', 'TRK1750782506'),
(374, 374, '2024-04-23', '2024-04-24', 'Shipped', 'DTDC', 'TRK7755159856'),
(375, 375, '2025-03-02', '2025-03-08', 'In Transit', 'Delhivery', 'TRK9426947736'),
(376, 376, '2025-05-30', '2025-06-05', 'Delivered', 'Ecom Express', 'TRK2201108496'),
(377, 377, '2024-11-25', '2024-12-01', 'Delivered', 'BlueDart', 'TRK9157096668'),
(378, 378, '2025-10-04', '2025-10-09', 'Delivered', 'BlueDart', 'TRK8778589589'),
(379, 379, '2025-01-21', '2025-01-24', 'Delivered', 'Delhivery', 'TRK3427850853'),
(380, 380, '2025-05-07', '2025-05-09', 'Shipped', 'Ecom Express', 'TRK5829839361'),
(381, 381, '2025-09-11', '2025-09-19', 'Shipped', 'Delhivery', 'TRK4880957527'),
(382, 382, '2025-07-16', '2025-07-19', 'Shipped', 'FedEx', 'TRK4924755266'),
(383, 383, '2025-02-09', '2025-02-18', 'Delayed', 'BlueDart', 'TRK7900301863'),
(384, 384, '2024-04-03', '2024-04-09', 'Delivered', 'FedEx', 'TRK8710202904'),
(385, 385, '2024-12-14', '2024-12-18', 'Delayed', 'Ecom Express', 'TRK7861328440'),
(386, 386, '2025-09-26', '2025-09-28', 'In Transit', 'FedEx', 'TRK3866037010'),
(387, 387, '2025-10-06', '2025-10-07', 'Returned', 'DTDC', 'TRK5719019936'),
(388, 388, '2024-06-23', '2024-06-27', 'Shipped', 'DTDC', 'TRK5472119085'),
(389, 389, '2025-06-17', '2025-06-25', 'In Transit', 'Delhivery', 'TRK7436413559'),
(390, 390, '2025-05-13', '2025-05-21', 'Returned', 'BlueDart', 'TRK9302794178'),
(391, 391, '2024-04-23', '2024-04-30', 'In Transit', 'FedEx', 'TRK2245235328'),
(392, 392, '2024-02-29', '2024-03-06', 'Delivered', 'Ecom Express', 'TRK1066873104'),
(393, 393, '2024-02-12', '2024-02-13', 'Delayed', 'BlueDart', 'TRK7374460102'),
(394, 394, '2024-03-27', '2024-03-30', 'Shipped', 'FedEx', 'TRK1363653874'),
(395, 395, '2025-07-11', '2025-07-18', 'Shipped', 'FedEx', 'TRK6349059684'),
(396, 396, '2025-07-21', '2025-07-25', 'Delayed', 'FedEx', 'TRK9941853127'),
(397, 397, '2025-03-24', '2025-03-30', 'Returned', 'FedEx', 'TRK5314215676'),
(398, 398, '2024-11-28', '2024-12-02', 'Shipped', 'FedEx', 'TRK9315913274'),
(399, 399, '2025-09-24', '2025-09-25', 'Shipped', 'Delhivery', 'TRK2223685054'),
(400, 400, '2025-08-19', '2025-08-28', 'Delayed', 'DTDC', 'TRK1158145829'),
(401, 401, '2024-07-27', '2024-08-01', 'Delivered', 'Ecom Express', 'TRK3345987104'),
(402, 402, '2025-01-10', '2025-01-14', 'Returned', 'FedEx', 'TRK4029598573'),
(403, 403, '2025-05-15', '2025-05-24', 'Returned', 'FedEx', 'TRK8817461464'),
(404, 404, '2024-01-27', '2024-02-02', 'Delayed', 'FedEx', 'TRK7771533906'),
(405, 405, '2024-09-10', '2024-09-13', 'Delivered', 'Delhivery', 'TRK3433704902'),
(406, 406, '2025-03-30', '2025-03-31', 'In Transit', 'Ecom Express', 'TRK8362295502'),
(407, 407, '2024-07-01', '2024-07-06', 'Returned', 'FedEx', 'TRK5178415719'),
(408, 408, '2025-03-15', '2025-03-21', 'In Transit', 'Delhivery', 'TRK7509017669'),
(409, 409, '2024-05-09', '2024-05-17', 'In Transit', 'Ecom Express', 'TRK4327780405'),
(410, 410, '2024-10-26', '2024-11-03', 'Delayed', 'BlueDart', 'TRK6831314699'),
(411, 411, '2025-05-05', '2025-05-15', 'Returned', 'Ecom Express', 'TRK8164132839'),
(412, 412, '2024-02-29', '2024-03-10', 'In Transit', 'BlueDart', 'TRK2063735847'),
(413, 413, '2024-12-15', '2024-12-21', 'Delivered', 'BlueDart', 'TRK4315526785'),
(414, 414, '2024-12-30', '2025-01-02', 'Delayed', 'FedEx', 'TRK6648361779'),
(415, 415, '2024-11-25', '2024-11-29', 'Returned', 'DTDC', 'TRK9225929595'),
(416, 416, '2024-12-09', '2024-12-15', 'Shipped', 'FedEx', 'TRK3804563149'),
(417, 417, '2025-07-29', '2025-07-30', 'Delayed', 'BlueDart', 'TRK1933210982'),
(418, 418, '2025-08-22', '2025-08-25', 'Returned', 'Ecom Express', 'TRK1992113456'),
(419, 419, '2025-07-01', '2025-07-08', 'Delayed', 'BlueDart', 'TRK4889306017'),
(420, 420, '2025-10-01', '2025-10-11', 'Delivered', 'Ecom Express', 'TRK4996142958'),
(421, 421, '2024-11-18', '2024-11-20', 'Delivered', 'BlueDart', 'TRK8278355885'),
(422, 422, '2024-05-18', '2024-05-22', 'Delivered', 'DTDC', 'TRK5478677415'),
(423, 423, '2024-04-30', '2024-05-06', 'Shipped', 'FedEx', 'TRK2412028797'),
(424, 424, '2025-01-03', '2025-01-04', 'Shipped', 'FedEx', 'TRK8248261272'),
(425, 425, '2024-12-05', '2024-12-09', 'Delivered', 'Ecom Express', 'TRK2628077339'),
(426, 426, '2024-12-08', '2024-12-17', 'Shipped', 'Ecom Express', 'TRK2490062112'),
(427, 427, '2024-10-08', '2024-10-17', 'In Transit', 'DTDC', 'TRK7075081313'),
(428, 428, '2025-03-06', '2025-03-11', 'Delayed', 'Ecom Express', 'TRK3872890669'),
(429, 429, '2024-10-04', '2024-10-10', 'Delivered', 'Ecom Express', 'TRK3491944374'),
(430, 430, '2024-03-14', '2024-03-16', 'Delayed', 'Delhivery', 'TRK9261170602'),
(431, 431, '2025-01-19', '2025-01-28', 'In Transit', 'Delhivery', 'TRK8168497885'),
(432, 432, '2024-03-26', '2024-03-28', 'Delivered', 'DTDC', 'TRK1513040801'),
(433, 433, '2025-05-26', '2025-05-27', 'Delivered', 'Ecom Express', 'TRK1425075563'),
(434, 434, '2024-02-16', '2024-02-18', 'Delivered', 'DTDC', 'TRK1041872165'),
(435, 435, '2024-08-07', '2024-08-08', 'Delivered', 'FedEx', 'TRK5066402347'),
(436, 436, '2025-03-20', '2025-03-27', 'In Transit', 'BlueDart', 'TRK7774837256'),
(437, 437, '2025-06-19', '2025-06-23', 'In Transit', 'DTDC', 'TRK9642537963'),
(438, 438, '2024-11-30', '2024-12-02', 'In Transit', 'Delhivery', 'TRK4281713329'),
(439, 439, '2025-03-02', '2025-03-04', 'Returned', 'DTDC', 'TRK3232829003'),
(440, 440, '2024-09-04', '2024-09-12', 'Shipped', 'BlueDart', 'TRK8979654171'),
(441, 441, '2025-05-31', '2025-06-09', 'Returned', 'Ecom Express', 'TRK1007192133'),
(442, 442, '2025-06-24', '2025-07-04', 'Shipped', 'FedEx', 'TRK6562175156'),
(443, 443, '2024-08-23', '2024-08-26', 'Delivered', 'Ecom Express', 'TRK1445162192'),
(444, 444, '2024-02-23', '2024-03-03', 'Returned', 'Delhivery', 'TRK9997714270'),
(445, 445, '2024-03-31', '2024-04-02', 'Shipped', 'DTDC', 'TRK7717354403'),
(446, 446, '2025-09-20', '2025-09-26', 'Delivered', 'FedEx', 'TRK3984159744'),
(447, 447, '2025-05-05', '2025-05-13', 'Shipped', 'DTDC', 'TRK7624938994'),
(448, 448, '2024-04-29', '2024-05-07', 'Shipped', 'Ecom Express', 'TRK3241542423'),
(449, 449, '2024-02-11', '2024-02-12', 'Returned', 'DTDC', 'TRK3251679451'),
(450, 450, '2024-09-13', '2024-09-17', 'Shipped', 'Ecom Express', 'TRK7565733915'),
(451, 451, '2024-10-16', '2024-10-20', 'In Transit', 'BlueDart', 'TRK2234712186'),
(452, 452, '2024-03-31', '2024-04-05', 'Delayed', 'Delhivery', 'TRK2353740431'),
(453, 453, '2025-09-13', '2025-09-14', 'Delayed', 'BlueDart', 'TRK5435222649'),
(454, 454, '2025-06-21', '2025-06-26', 'Shipped', 'Ecom Express', 'TRK2789004827'),
(455, 455, '2024-05-15', '2024-05-21', 'Returned', 'DTDC', 'TRK4321436153'),
(456, 456, '2025-08-08', '2025-08-10', 'Shipped', 'DTDC', 'TRK7171169326'),
(457, 457, '2025-02-21', '2025-03-01', 'Shipped', 'FedEx', 'TRK8420143796'),
(458, 458, '2024-05-02', '2024-05-04', 'Shipped', 'Delhivery', 'TRK6690769905'),
(459, 459, '2025-02-19', '2025-02-25', 'Shipped', 'Delhivery', 'TRK1708963554'),
(460, 460, '2024-10-24', '2024-10-27', 'Returned', 'FedEx', 'TRK1771960209'),
(461, 461, '2025-06-01', '2025-06-05', 'Delayed', 'Delhivery', 'TRK8840323000'),
(462, 462, '2025-01-03', '2025-01-06', 'Returned', 'FedEx', 'TRK4200026180'),
(463, 463, '2025-08-15', '2025-08-19', 'Delayed', 'BlueDart', 'TRK3040251170'),
(464, 464, '2024-02-17', '2024-02-20', 'Shipped', 'BlueDart', 'TRK6348731651'),
(465, 465, '2025-10-31', '2025-11-08', 'In Transit', 'DTDC', 'TRK4135715640'),
(466, 466, '2025-06-28', '2025-07-05', 'Shipped', 'Delhivery', 'TRK6437249792'),
(467, 467, '2024-10-26', '2024-11-04', 'Delivered', 'BlueDart', 'TRK9196582678'),
(468, 468, '2024-10-01', '2024-10-05', 'Shipped', 'BlueDart', 'TRK5585364170'),
(469, 469, '2024-05-29', '2024-05-30', 'Delayed', 'Ecom Express', 'TRK7961169867'),
(470, 470, '2025-08-06', '2025-08-07', 'In Transit', 'Delhivery', 'TRK7564333047'),
(471, 471, '2024-08-13', '2024-08-17', 'Delayed', 'Ecom Express', 'TRK5931128025'),
(472, 472, '2024-03-11', '2024-03-17', 'Delayed', 'DTDC', 'TRK5857133262'),
(473, 473, '2024-03-05', '2024-03-06', 'In Transit', 'FedEx', 'TRK6856560879'),
(474, 474, '2024-03-04', '2024-03-13', 'Delayed', 'Delhivery', 'TRK9748592197'),
(475, 475, '2024-02-23', '2024-03-04', 'Delayed', 'Delhivery', 'TRK4767549646'),
(476, 476, '2025-01-12', '2025-01-20', 'In Transit', 'Ecom Express', 'TRK6015187467'),
(477, 477, '2025-10-24', '2025-10-27', 'In Transit', 'FedEx', 'TRK2563948982'),
(478, 478, '2025-07-26', '2025-07-27', 'Shipped', 'Delhivery', 'TRK4822571166'),
(479, 479, '2024-03-03', '2024-03-09', 'In Transit', 'FedEx', 'TRK2464951211'),
(480, 480, '2025-02-06', '2025-02-07', 'In Transit', 'Ecom Express', 'TRK9479964408'),
(481, 481, '2024-03-16', '2024-03-21', 'Delayed', 'Ecom Express', 'TRK3743835362'),
(482, 482, '2024-10-15', '2024-10-16', 'Shipped', 'DTDC', 'TRK1526799776'),
(483, 483, '2024-09-12', '2024-09-16', 'Shipped', 'DTDC', 'TRK4526870600'),
(484, 484, '2025-06-16', '2025-06-22', 'Shipped', 'BlueDart', 'TRK1671576877'),
(485, 485, '2024-05-04', '2024-05-06', 'Delivered', 'BlueDart', 'TRK1453044295'),
(486, 486, '2024-01-07', '2024-01-11', 'Shipped', 'Ecom Express', 'TRK8913317293'),
(487, 487, '2024-10-17', '2024-10-26', 'Shipped', 'DTDC', 'TRK5663086359'),
(488, 488, '2024-01-02', '2024-01-03', 'Shipped', 'FedEx', 'TRK8769127456'),
(489, 489, '2024-03-01', '2024-03-11', 'Delivered', 'Ecom Express', 'TRK3495668411'),
(490, 490, '2024-09-20', '2024-09-28', 'Delivered', 'BlueDart', 'TRK9038524803'),
(491, 491, '2024-03-03', '2024-03-07', 'Delivered', 'BlueDart', 'TRK3881946061'),
(492, 492, '2025-01-19', '2025-01-22', 'Delivered', 'BlueDart', 'TRK3224655220'),
(493, 493, '2025-10-17', '2025-10-22', 'Shipped', 'Ecom Express', 'TRK8298562688'),
(494, 494, '2025-08-25', '2025-09-01', 'Delivered', 'BlueDart', 'TRK3527114100'),
(495, 495, '2024-10-11', '2024-10-20', 'Shipped', 'Ecom Express', 'TRK7009858408'),
(496, 496, '2025-08-25', '2025-08-29', 'Delivered', 'Ecom Express', 'TRK4343506252'),
(497, 497, '2024-12-19', '2024-12-24', 'Shipped', 'Delhivery', 'TRK1547481002'),
(498, 498, '2024-01-11', '2024-01-13', 'Returned', 'Delhivery', 'TRK7261098447'),
(499, 499, '2025-05-19', '2025-05-21', 'Delayed', 'BlueDart', 'TRK6069886679'),
(500, 500, '2025-10-07', '2025-10-12', 'Returned', 'BlueDart', 'TRK9522689429');

INSERT INTO reviews (review_id, order_id, user_id, product_id, rating, review_text, review_date) 
VALUES 
(1, 1, 'U0136', 141, 3, 'Excellent product! Highly recommend.', '2025-04-18'),
(2, 2, 'U0248', 180, 4, 'Excellent product! Highly recommend.', '2024-01-06'),
(3, 3, 'U0080', 93, 5, 'Good quality, satisfied with the purchase.', '2024-01-02'),
(4, 4, 'U0299', 196, 2, 'The product matched the description perfectly.', '2025-07-04'),
(5, 5, 'U0085', 49, 2, 'The product matched the description perfectly.', '2025-09-27'),
(6, 6, 'U0125', 25, 2, 'Disappointed, the product stopped working soon.', '2025-10-06'),
(7, 7, 'U0243', 153, 2, 'Disappointed, the product stopped working soon.', '2025-07-15'),
(8, 8, 'U0029', 44, 2, 'Amazing value for money.', '2025-09-30'),
(9, 9, 'U0235', 128, 2, 'The product matched the description perfectly.', '2024-04-28'),
(10, 10, 'U0036', 92, 1, 'Not worth the price.', '2025-05-25'),
(11, 11, 'U0100', 160, 3, 'Would definitely buy again.', '2024-02-02'),
(12, 12, 'U0150', 42, 1, 'Fast delivery and well packaged.', '2025-03-13'),
(13, 13, 'U0229', 184, 5, 'Not worth the price.', '2025-04-08'),
(14, 14, 'U0226', 42, 4, 'Excellent product! Highly recommend.', '2025-02-05'),
(15, 15, 'U0009', 135, 4, 'Product quality exceeded expectations.', '2025-04-19'),
(16, 16, 'U0254', 100, 5, 'Product quality exceeded expectations.', '2025-03-31'),
(17, 17, 'U0057', 186, 4, 'Product quality exceeded expectations.', '2025-08-27'),
(18, 18, 'U0056', 58, 4, 'Fast delivery and well packaged.', '2024-07-10'),
(19, 19, 'U0105', 59, 5, 'Fast delivery and well packaged.', '2024-01-30'),
(20, 20, 'U0148', 183, 1, 'Good quality, satisfied with the purchase.', '2024-07-16'),
(21, 21, 'U0195', 171, 5, 'Product quality exceeded expectations.', '2024-06-12'),
(22, 22, 'U0125', 83, 4, 'Not worth the price.', '2024-10-13'),
(23, 23, 'U0258', 148, 4, 'Fast delivery and well packaged.', '2025-06-01'),
(24, 24, 'U0005', 48, 1, 'Product quality exceeded expectations.', '2024-09-29'),
(25, 25, 'U0299', 70, 2, 'Not worth the price.', '2025-08-18'),
(26, 26, 'U0294', 56, 5, 'Product quality exceeded expectations.', '2024-07-10'),
(27, 27, 'U0014', 40, 1, 'Average experience, could be better.', '2025-04-06'),
(28, 28, 'U0226', 51, 4, 'Excellent product! Highly recommend.', '2025-09-04'),
(29, 29, 'U0101', 132, 4, 'Would definitely buy again.', '2024-12-18'),
(30, 30, 'U0126', 151, 3, 'Product quality exceeded expectations.', '2025-08-31'),
(31, 31, 'U0296', 97, 3, 'Disappointed, the product stopped working soon.', '2024-05-20'),
(32, 32, 'U0131', 190, 3, 'Fast delivery and well packaged.', '2024-04-30'),
(33, 33, 'U0080', 19, 3, 'The product matched the description perfectly.', '2025-10-14'),
(34, 34, 'U0062', 171, 5, 'Product quality exceeded expectations.', '2025-04-04'),
(35, 35, 'U0108', 164, 1, 'Average experience, could be better.', '2024-08-20'),
(36, 36, 'U0071', 13, 1, 'Excellent product! Highly recommend.', '2025-07-24'),
(37, 37, 'U0131', 132, 3, 'The product matched the description perfectly.', '2024-07-17'),
(38, 38, 'U0144', 108, 2, 'Would definitely buy again.', '2025-07-23'),
(39, 39, 'U0242', 96, 3, 'Amazing value for money.', '2025-02-11'),
(40, 40, 'U0088', 17, 5, 'Product quality exceeded expectations.', '2024-06-21'),
(41, 41, 'U0183', 22, 5, 'Would definitely buy again.', '2024-06-02'),
(42, 42, 'U0145', 164, 5, 'Not worth the price.', '2024-03-22'),
(43, 43, 'U0032', 99, 3, 'Fast delivery and well packaged.', '2025-09-08'),
(44, 44, 'U0012', 129, 4, 'Not worth the price.', '2025-08-21'),
(45, 45, 'U0190', 184, 3, 'Good quality, satisfied with the purchase.', '2024-11-15'),
(46, 46, 'U0062', 30, 3, 'Disappointed, the product stopped working soon.', '2025-05-30'),
(47, 47, 'U0289', 158, 1, 'Average experience, could be better.', '2024-04-25'),
(48, 48, 'U0151', 82, 3, 'Fast delivery and well packaged.', '2024-06-19'),
(49, 49, 'U0193', 150, 2, 'Would definitely buy again.', '2025-05-07'),
(50, 50, 'U0224', 132, 1, 'Good quality, satisfied with the purchase.', '2025-02-13'),
(51, 51, 'U0095', 66, 1, 'Would definitely buy again.', '2025-02-01'),
(52, 52, 'U0235', 16, 2, 'The product matched the description perfectly.', '2024-10-04'),
(53, 53, 'U0186', 74, 4, 'Disappointed, the product stopped working soon.', '2025-07-14'),
(54, 54, 'U0140', 133, 3, 'Fast delivery and well packaged.', '2025-10-23'),
(55, 55, 'U0135', 56, 4, 'Would definitely buy again.', '2024-08-29'),
(56, 56, 'U0117', 184, 4, 'Average experience, could be better.', '2024-05-20'),
(57, 57, 'U0046', 46, 5, 'Amazing value for money.', '2024-02-20'),
(58, 58, 'U0110', 158, 5, 'Not worth the price.', '2024-11-11'),
(59, 59, 'U0231', 200, 3, 'Average experience, could be better.', '2024-01-22'),
(60, 60, 'U0246', 145, 2, 'Disappointed, the product stopped working soon.', '2024-01-21'),
(61, 61, 'U0050', 172, 1, 'Disappointed, the product stopped working soon.', '2024-09-15'),
(62, 62, 'U0264', 156, 2, 'Product quality exceeded expectations.', '2024-12-13'),
(63, 63, 'U0174', 119, 4, 'Not worth the price.', '2024-03-22'),
(64, 64, 'U0148', 168, 5, 'Excellent product! Highly recommend.', '2024-03-20'),
(65, 65, 'U0102', 172, 2, 'Fast delivery and well packaged.', '2024-07-18'),
(66, 66, 'U0265', 75, 1, 'Disappointed, the product stopped working soon.', '2025-06-13'),
(67, 67, 'U0165', 110, 1, 'Average experience, could be better.', '2024-03-24'),
(68, 68, 'U0036', 50, 1, 'Average experience, could be better.', '2024-07-07'),
(69, 69, 'U0230', 122, 2, 'Disappointed, the product stopped working soon.', '2024-01-20'),
(70, 70, 'U0139', 126, 5, 'Excellent product! Highly recommend.', '2025-02-08'),
(71, 71, 'U0018', 78, 4, 'Disappointed, the product stopped working soon.', '2025-06-17'),
(72, 72, 'U0033', 192, 4, 'Average experience, could be better.', '2024-03-13'),
(73, 73, 'U0285', 165, 2, 'Average experience, could be better.', '2025-07-13'),
(74, 74, 'U0030', 111, 4, 'Not worth the price.', '2024-02-26'),
(75, 75, 'U0219', 103, 1, 'Product quality exceeded expectations.', '2024-07-20'),
(76, 76, 'U0270', 6, 3, 'Good quality, satisfied with the purchase.', '2024-08-29'),
(77, 77, 'U0176', 23, 2, 'Excellent product! Highly recommend.', '2025-03-02'),
(78, 78, 'U0191', 199, 3, 'Would definitely buy again.', '2025-07-23'),
(79, 79, 'U0050', 83, 3, 'Average experience, could be better.', '2024-08-20'),
(80, 80, 'U0250', 29, 5, 'Excellent product! Highly recommend.', '2025-03-06'),
(81, 81, 'U0204', 70, 3, 'The product matched the description perfectly.', '2024-01-14'),
(82, 82, 'U0130', 80, 5, 'Fast delivery and well packaged.', '2025-01-15'),
(83, 83, 'U0171', 33, 4, 'Excellent product! Highly recommend.', '2025-06-15'),
(84, 84, 'U0244', 54, 5, 'Disappointed, the product stopped working soon.', '2024-11-30'),
(85, 85, 'U0281', 36, 4, 'Good quality, satisfied with the purchase.', '2024-07-25'),
(86, 86, 'U0111', 129, 4, 'Not worth the price.', '2025-04-13'),
(87, 87, 'U0266', 114, 2, 'Disappointed, the product stopped working soon.', '2025-03-11'),
(88, 88, 'U0187', 7, 1, 'Average experience, could be better.', '2024-04-08'),
(89, 89, 'U0004', 189, 3, 'Amazing value for money.', '2024-07-13'),
(90, 90, 'U0178', 120, 2, 'Not worth the price.', '2024-09-10'),
(91, 91, 'U0092', 52, 1, 'Would definitely buy again.', '2025-07-08'),
(92, 92, 'U0126', 138, 3, 'Disappointed, the product stopped working soon.', '2024-11-09'),
(93, 93, 'U0238', 144, 2, 'Good quality, satisfied with the purchase.', '2025-08-08'),
(94, 94, 'U0250', 79, 5, 'Average experience, could be better.', '2024-12-08'),
(95, 95, 'U0178', 184, 3, 'The product matched the description perfectly.', '2024-01-03'),
(96, 96, 'U0063', 93, 4, 'Not worth the price.', '2024-01-16'),
(97, 97, 'U0079', 173, 3, 'Good quality, satisfied with the purchase.', '2025-08-16'),
(98, 98, 'U0036', 167, 4, 'Amazing value for money.', '2024-02-01'),
(99, 99, 'U0029', 60, 2, 'Product quality exceeded expectations.', '2024-01-16'),
(100, 100, 'U0264', 11, 3, 'Average experience, could be better.', '2024-03-26'),
(101, 101, 'U0218', 34, 1, 'Amazing value for money.', '2024-11-27'),
(102, 102, 'U0260', 1, 4, 'Excellent product! Highly recommend.', '2025-06-30'),
(103, 103, 'U0167', 170, 4, 'Disappointed, the product stopped working soon.', '2025-09-17'),
(104, 104, 'U0037', 125, 3, 'Disappointed, the product stopped working soon.', '2025-08-31'),
(105, 105, 'U0043', 179, 1, 'Disappointed, the product stopped working soon.', '2024-01-30'),
(106, 106, 'U0277', 43, 3, 'Excellent product! Highly recommend.', '2024-04-15'),
(107, 107, 'U0029', 28, 3, 'Excellent product! Highly recommend.', '2025-07-03'),
(108, 108, 'U0245', 159, 3, 'Amazing value for money.', '2024-06-14'),
(109, 109, 'U0275', 54, 3, 'Disappointed, the product stopped working soon.', '2025-07-23'),
(110, 110, 'U0053', 193, 1, 'Amazing value for money.', '2025-04-05'),
(111, 111, 'U0130', 148, 5, 'Good quality, satisfied with the purchase.', '2025-07-19'),
(112, 112, 'U0001', 177, 5, 'Excellent product! Highly recommend.', '2025-06-28'),
(113, 113, 'U0248', 36, 1, 'Not worth the price.', '2025-09-27'),
(114, 114, 'U0147', 190, 2, 'Product quality exceeded expectations.', '2025-04-25'),
(115, 115, 'U0241', 133, 5, 'Amazing value for money.', '2024-05-20'),
(116, 116, 'U0160', 166, 2, 'The product matched the description perfectly.', '2024-11-08'),
(117, 117, 'U0014', 83, 5, 'Excellent product! Highly recommend.', '2024-03-19'),
(118, 118, 'U0034', 164, 4, 'The product matched the description perfectly.', '2024-07-14'),
(119, 119, 'U0124', 78, 2, 'The product matched the description perfectly.', '2025-02-11'),
(120, 120, 'U0237', 35, 5, 'Amazing value for money.', '2024-04-27'),
(121, 121, 'U0015', 128, 4, 'Disappointed, the product stopped working soon.', '2024-12-20'),
(122, 122, 'U0222', 44, 3, 'The product matched the description perfectly.', '2025-06-10'),
(123, 123, 'U0005', 32, 1, 'Amazing value for money.', '2024-06-29'),
(124, 124, 'U0008', 196, 1, 'Would definitely buy again.', '2025-10-21'),
(125, 125, 'U0247', 186, 3, 'Product quality exceeded expectations.', '2025-07-27'),
(126, 126, 'U0064', 51, 5, 'Not worth the price.', '2025-03-31'),
(127, 127, 'U0103', 177, 5, 'Average experience, could be better.', '2025-01-08'),
(128, 128, 'U0147', 37, 4, 'Average experience, could be better.', '2024-03-05'),
(129, 129, 'U0105', 159, 3, 'Excellent product! Highly recommend.', '2025-03-18'),
(130, 130, 'U0203', 33, 3, 'Fast delivery and well packaged.', '2024-12-02'),
(131, 131, 'U0195', 123, 1, 'Product quality exceeded expectations.', '2024-09-01'),
(132, 132, 'U0101', 84, 2, 'Product quality exceeded expectations.', '2024-10-08'),
(133, 133, 'U0229', 90, 2, 'Would definitely buy again.', '2024-07-04'),
(134, 134, 'U0211', 37, 1, 'The product matched the description perfectly.', '2024-01-12'),
(135, 135, 'U0014', 90, 2, 'Fast delivery and well packaged.', '2025-07-01'),
(136, 136, 'U0169', 52, 3, 'Disappointed, the product stopped working soon.', '2024-02-10'),
(137, 137, 'U0153', 91, 1, 'The product matched the description perfectly.', '2024-11-07'),
(138, 138, 'U0236', 132, 1, 'Amazing value for money.', '2025-10-06'),
(139, 139, 'U0289', 150, 5, 'Product quality exceeded expectations.', '2024-05-26'),
(140, 140, 'U0099', 121, 2, 'Not worth the price.', '2024-10-20'),
(141, 141, 'U0081', 117, 1, 'Excellent product! Highly recommend.', '2024-02-25'),
(142, 142, 'U0226', 12, 2, 'Good quality, satisfied with the purchase.', '2024-05-09'),
(143, 143, 'U0240', 138, 2, 'Would definitely buy again.', '2024-08-28'),
(144, 144, 'U0003', 17, 2, 'Excellent product! Highly recommend.', '2025-08-16'),
(145, 145, 'U0079', 109, 4, 'Product quality exceeded expectations.', '2024-06-22'),
(146, 146, 'U0162', 114, 4, 'Would definitely buy again.', '2024-04-17'),
(147, 147, 'U0002', 56, 3, 'Good quality, satisfied with the purchase.', '2025-02-12'),
(148, 148, 'U0019', 138, 5, 'Would definitely buy again.', '2024-03-21'),
(149, 149, 'U0127', 57, 1, 'Good quality, satisfied with the purchase.', '2025-08-30'),
(150, 150, 'U0271', 175, 4, 'Fast delivery and well packaged.', '2024-10-29'),
(151, 151, 'U0296', 118, 4, 'Not worth the price.', '2024-08-28'),
(152, 152, 'U0028', 11, 3, 'Would definitely buy again.', '2025-10-12'),
(153, 153, 'U0162', 26, 5, 'Excellent product! Highly recommend.', '2025-02-27'),
(154, 154, 'U0098', 118, 1, 'Product quality exceeded expectations.', '2025-01-07'),
(155, 155, 'U0026', 71, 3, 'The product matched the description perfectly.', '2025-05-03'),
(156, 156, 'U0065', 69, 5, 'Amazing value for money.', '2024-09-05'),
(157, 157, 'U0232', 4, 5, 'Average experience, could be better.', '2024-03-31'),
(158, 158, 'U0007', 137, 1, 'Good quality, satisfied with the purchase.', '2025-08-15'),
(159, 159, 'U0225', 198, 5, 'Product quality exceeded expectations.', '2024-02-24'),
(160, 160, 'U0137', 185, 2, 'Not worth the price.', '2024-04-25'),
(161, 161, 'U0164', 56, 1, 'Good quality, satisfied with the purchase.', '2024-02-27'),
(162, 162, 'U0218', 104, 3, 'Fast delivery and well packaged.', '2024-03-27'),
(163, 163, 'U0238', 76, 2, 'Excellent product! Highly recommend.', '2024-07-04'),
(164, 164, 'U0081', 104, 3, 'Disappointed, the product stopped working soon.', '2024-08-23'),
(165, 165, 'U0051', 23, 1, 'Not worth the price.', '2025-07-16'),
(166, 166, 'U0287', 199, 2, 'Disappointed, the product stopped working soon.', '2024-08-11'),
(167, 167, 'U0188', 23, 2, 'Would definitely buy again.', '2025-08-19'),
(168, 168, 'U0012', 194, 4, 'Not worth the price.', '2024-05-23'),
(169, 169, 'U0107', 190, 3, 'Would definitely buy again.', '2025-09-20'),
(170, 170, 'U0171', 104, 1, 'Amazing value for money.', '2025-02-10'),
(171, 171, 'U0035', 7, 4, 'Fast delivery and well packaged.', '2025-10-31'),
(172, 172, 'U0142', 161, 3, 'Product quality exceeded expectations.', '2024-04-25'),
(173, 173, 'U0019', 71, 4, 'Would definitely buy again.', '2025-02-18'),
(174, 174, 'U0199', 37, 4, 'Average experience, could be better.', '2024-06-04'),
(175, 175, 'U0249', 38, 2, 'Would definitely buy again.', '2025-08-16'),
(176, 176, 'U0144', 103, 2, 'Fast delivery and well packaged.', '2025-01-10'),
(177, 177, 'U0005', 146, 1, 'Not worth the price.', '2024-09-20'),
(178, 178, 'U0014', 124, 3, 'Product quality exceeded expectations.', '2025-03-18'),
(179, 179, 'U0002', 109, 5, 'Would definitely buy again.', '2025-04-13'),
(180, 180, 'U0247', 2, 3, 'Product quality exceeded expectations.', '2024-01-11'),
(181, 181, 'U0296', 180, 5, 'Product quality exceeded expectations.', '2024-01-14'),
(182, 182, 'U0243', 132, 3, 'Not worth the price.', '2025-06-18'),
(183, 183, 'U0007', 32, 1, 'The product matched the description perfectly.', '2025-06-02'),
(184, 184, 'U0004', 113, 2, 'Excellent product! Highly recommend.', '2024-10-02'),
(185, 185, 'U0160', 146, 2, 'Amazing value for money.', '2024-06-13'),
(186, 186, 'U0144', 162, 4, 'Good quality, satisfied with the purchase.', '2024-11-05'),
(187, 187, 'U0252', 178, 1, 'Fast delivery and well packaged.', '2025-08-06'),
(188, 188, 'U0299', 189, 3, 'Amazing value for money.', '2024-07-20'),
(189, 189, 'U0084', 164, 3, 'Average experience, could be better.', '2025-08-15'),
(190, 190, 'U0196', 43, 3, 'Average experience, could be better.', '2025-09-27'),
(191, 191, 'U0272', 142, 3, 'Excellent product! Highly recommend.', '2025-07-20'),
(192, 192, 'U0266', 10, 4, 'Excellent product! Highly recommend.', '2025-07-08'),
(193, 193, 'U0132', 118, 5, 'Disappointed, the product stopped working soon.', '2025-10-15'),
(194, 194, 'U0052', 182, 2, 'Not worth the price.', '2024-03-14'),
(195, 195, 'U0044', 67, 1, 'Excellent product! Highly recommend.', '2025-05-16'),
(196, 196, 'U0242', 193, 5, 'Not worth the price.', '2025-09-08'),
(197, 197, 'U0299', 76, 2, 'The product matched the description perfectly.', '2024-11-19'),
(198, 198, 'U0184', 178, 3, 'Good quality, satisfied with the purchase.', '2025-08-24'),
(199, 199, 'U0051', 91, 4, 'Amazing value for money.', '2025-10-07'),
(200, 200, 'U0003', 168, 4, 'Disappointed, the product stopped working soon.', '2024-03-15'),
(201, 201, 'U0264', 49, 4, 'Amazing value for money.', '2025-08-23'),
(202, 202, 'U0124', 7, 5, 'Product quality exceeded expectations.', '2024-06-28'),
(203, 203, 'U0204', 11, 1, 'Not worth the price.', '2025-01-04'),
(204, 204, 'U0057', 67, 4, 'Amazing value for money.', '2024-06-06'),
(205, 205, 'U0183', 80, 5, 'Not worth the price.', '2025-05-07'),
(206, 206, 'U0118', 163, 4, 'Disappointed, the product stopped working soon.', '2024-02-25'),
(207, 207, 'U0086', 111, 4, 'Disappointed, the product stopped working soon.', '2025-07-28'),
(208, 208, 'U0213', 33, 2, 'Excellent product! Highly recommend.', '2025-08-02'),
(209, 209, 'U0267', 148, 5, 'Product quality exceeded expectations.', '2025-05-07'),
(210, 210, 'U0152', 135, 2, 'Would definitely buy again.', '2024-08-05'),
(211, 211, 'U0208', 186, 1, 'Would definitely buy again.', '2024-09-25'),
(212, 212, 'U0063', 177, 2, 'Excellent product! Highly recommend.', '2024-09-25'),
(213, 213, 'U0102', 77, 4, 'The product matched the description perfectly.', '2025-08-13'),
(214, 214, 'U0026', 103, 4, 'Disappointed, the product stopped working soon.', '2024-06-03'),
(215, 215, 'U0118', 72, 2, 'Amazing value for money.', '2024-11-23'),
(216, 216, 'U0114', 171, 3, 'Average experience, could be better.', '2024-04-26'),
(217, 217, 'U0002', 23, 5, 'Excellent product! Highly recommend.', '2024-12-05'),
(218, 218, 'U0253', 29, 3, 'Product quality exceeded expectations.', '2024-01-06'),
(219, 219, 'U0030', 117, 1, 'Excellent product! Highly recommend.', '2024-10-20'),
(220, 220, 'U0247', 62, 2, 'The product matched the description perfectly.', '2025-04-07'),
(221, 221, 'U0053', 87, 1, 'Excellent product! Highly recommend.', '2025-10-21'),
(222, 222, 'U0079', 88, 4, 'Fast delivery and well packaged.', '2024-01-04'),
(223, 223, 'U0288', 80, 5, 'Amazing value for money.', '2024-01-18'),
(224, 224, 'U0055', 132, 2, 'Average experience, could be better.', '2024-10-12'),
(225, 225, 'U0089', 87, 2, 'Disappointed, the product stopped working soon.', '2025-04-23'),
(226, 226, 'U0219', 137, 1, 'Amazing value for money.', '2025-09-03'),
(227, 227, 'U0067', 37, 5, 'Fast delivery and well packaged.', '2025-01-02'),
(228, 228, 'U0277', 10, 3, 'Fast delivery and well packaged.', '2024-06-29'),
(229, 229, 'U0239', 10, 3, 'Amazing value for money.', '2025-06-20'),
(230, 230, 'U0044', 138, 5, 'Fast delivery and well packaged.', '2025-09-23'),
(231, 231, 'U0081', 103, 1, 'Product quality exceeded expectations.', '2024-06-12'),
(232, 232, 'U0237', 161, 1, 'Disappointed, the product stopped working soon.', '2025-06-28'),
(233, 233, 'U0096', 24, 4, 'Would definitely buy again.', '2024-05-02'),
(234, 234, 'U0212', 59, 3, 'Excellent product! Highly recommend.', '2024-01-01'),
(235, 235, 'U0207', 159, 4, 'Disappointed, the product stopped working soon.', '2025-10-14'),
(236, 236, 'U0025', 149, 1, 'Not worth the price.', '2025-04-12'),
(237, 237, 'U0029', 188, 1, 'Excellent product! Highly recommend.', '2024-04-25'),
(238, 238, 'U0090', 181, 5, 'The product matched the description perfectly.', '2025-01-14'),
(239, 239, 'U0009', 29, 5, 'Amazing value for money.', '2025-05-27'),
(240, 240, 'U0135', 174, 3, 'Excellent product! Highly recommend.', '2024-03-27'),
(241, 241, 'U0219', 9, 2, 'Excellent product! Highly recommend.', '2024-04-18'),
(242, 242, 'U0167', 97, 3, 'The product matched the description perfectly.', '2025-09-01'),
(243, 243, 'U0017', 69, 4, 'Average experience, could be better.', '2025-03-18'),
(244, 244, 'U0060', 153, 4, 'Not worth the price.', '2025-10-24'),
(245, 245, 'U0090', 69, 3, 'Good quality, satisfied with the purchase.', '2024-12-18'),
(246, 246, 'U0066', 82, 3, 'The product matched the description perfectly.', '2025-03-15'),
(247, 247, 'U0246', 188, 3, 'Disappointed, the product stopped working soon.', '2024-09-22'),
(248, 248, 'U0055', 178, 1, 'Average experience, could be better.', '2024-10-17'),
(249, 249, 'U0194', 32, 4, 'Would definitely buy again.', '2024-07-01'),
(250, 250, 'U0096', 179, 2, 'Amazing value for money.', '2025-08-24'),
(251, 251, 'U0042', 51, 3, 'Would definitely buy again.', '2024-12-07'),
(252, 252, 'U0080', 96, 3, 'Would definitely buy again.', '2024-01-18'),
(253, 253, 'U0108', 42, 3, 'Disappointed, the product stopped working soon.', '2024-08-14'),
(254, 254, 'U0203', 22, 5, 'Average experience, could be better.', '2025-07-07'),
(255, 255, 'U0215', 45, 4, 'Disappointed, the product stopped working soon.', '2025-03-12'),
(256, 256, 'U0090', 49, 2, 'Product quality exceeded expectations.', '2024-04-02'),
(257, 257, 'U0290', 14, 5, 'Good quality, satisfied with the purchase.', '2025-09-06'),
(258, 258, 'U0123', 190, 2, 'Excellent product! Highly recommend.', '2024-07-10'),
(259, 259, 'U0191', 193, 2, 'Not worth the price.', '2024-08-23'),
(260, 260, 'U0182', 109, 4, 'Would definitely buy again.', '2024-05-10'),
(261, 261, 'U0191', 100, 3, 'Fast delivery and well packaged.', '2024-12-09'),
(262, 262, 'U0248', 109, 1, 'Not worth the price.', '2024-09-05'),
(263, 263, 'U0127', 163, 1, 'Disappointed, the product stopped working soon.', '2025-06-24'),
(264, 264, 'U0282', 40, 3, 'Would definitely buy again.', '2024-08-15'),
(265, 265, 'U0168', 170, 1, 'Average experience, could be better.', '2024-05-16'),
(266, 266, 'U0237', 19, 5, 'Excellent product! Highly recommend.', '2024-01-05'),
(267, 267, 'U0257', 23, 5, 'Product quality exceeded expectations.', '2024-04-23'),
(268, 268, 'U0246', 92, 1, 'Would definitely buy again.', '2025-03-03'),
(269, 269, 'U0257', 196, 4, 'Amazing value for money.', '2024-07-23'),
(270, 270, 'U0300', 120, 3, 'Disappointed, the product stopped working soon.', '2024-11-18'),
(271, 271, 'U0156', 160, 3, 'Product quality exceeded expectations.', '2025-04-02'),
(272, 272, 'U0144', 79, 4, 'Fast delivery and well packaged.', '2024-06-22'),
(273, 273, 'U0229', 34, 2, 'Fast delivery and well packaged.', '2025-02-14'),
(274, 274, 'U0071', 89, 3, 'Fast delivery and well packaged.', '2025-07-31'),
(275, 275, 'U0290', 103, 3, 'Not worth the price.', '2025-10-15'),
(276, 276, 'U0069', 35, 5, 'Good quality, satisfied with the purchase.', '2025-05-05'),
(277, 277, 'U0058', 97, 2, 'Fast delivery and well packaged.', '2024-06-23'),
(278, 278, 'U0282', 134, 1, 'Amazing value for money.', '2025-02-07'),
(279, 279, 'U0015', 128, 4, 'Amazing value for money.', '2024-10-24'),
(280, 280, 'U0003', 107, 4, 'Disappointed, the product stopped working soon.', '2024-10-12'),
(281, 281, 'U0253', 168, 3, 'The product matched the description perfectly.', '2024-07-16'),
(282, 282, 'U0136', 186, 5, 'Not worth the price.', '2025-07-15'),
(283, 283, 'U0195', 24, 4, 'Amazing value for money.', '2025-04-21'),
(284, 284, 'U0270', 38, 5, 'Would definitely buy again.', '2024-06-07'),
(285, 285, 'U0042', 177, 2, 'Good quality, satisfied with the purchase.', '2024-08-12'),
(286, 286, 'U0265', 190, 5, 'Disappointed, the product stopped working soon.', '2024-10-08'),
(287, 287, 'U0283', 71, 5, 'Product quality exceeded expectations.', '2025-01-22'),
(288, 288, 'U0232', 184, 3, 'Average experience, could be better.', '2024-09-22'),
(289, 289, 'U0162', 121, 2, 'Product quality exceeded expectations.', '2024-04-15'),
(290, 290, 'U0085', 13, 5, 'Average experience, could be better.', '2024-04-06'),
(291, 291, 'U0232', 176, 4, 'Good quality, satisfied with the purchase.', '2025-04-14'),
(292, 292, 'U0048', 54, 4, 'Product quality exceeded expectations.', '2025-08-02'),
(293, 293, 'U0014', 52, 2, 'Fast delivery and well packaged.', '2024-02-03'),
(294, 294, 'U0174', 134, 5, 'Fast delivery and well packaged.', '2025-10-28'),
(295, 295, 'U0088', 112, 1, 'Amazing value for money.', '2024-05-03'),
(296, 296, 'U0295', 63, 3, 'Disappointed, the product stopped working soon.', '2025-06-23'),
(297, 297, 'U0094', 26, 2, 'Would definitely buy again.', '2025-10-17'),
(298, 298, 'U0246', 12, 3, 'Not worth the price.', '2024-10-25'),
(299, 299, 'U0042', 148, 3, 'Would definitely buy again.', '2024-06-20'),
(300, 300, 'U0279', 16, 3, 'Would definitely buy again.', '2024-01-25'),
(301, 301, 'U0210', 130, 4, 'Average experience, could be better.', '2024-11-02'),
(302, 302, 'U0196', 150, 3, 'Average experience, could be better.', '2025-06-20'),
(303, 303, 'U0186', 95, 4, 'Average experience, could be better.', '2024-05-23'),
(304, 304, 'U0214', 5, 2, 'Excellent product! Highly recommend.', '2025-05-06'),
(305, 305, 'U0015', 13, 2, 'Product quality exceeded expectations.', '2024-06-30'),
(306, 306, 'U0079', 114, 4, 'Product quality exceeded expectations.', '2024-12-28'),
(307, 307, 'U0279', 65, 3, 'Excellent product! Highly recommend.', '2024-04-29'),
(308, 308, 'U0269', 96, 2, 'Amazing value for money.', '2025-10-07'),
(309, 309, 'U0242', 37, 2, 'Average experience, could be better.', '2025-04-22'),
(310, 310, 'U0296', 107, 1, 'Good quality, satisfied with the purchase.', '2025-08-27'),
(311, 311, 'U0234', 34, 5, 'Product quality exceeded expectations.', '2025-06-20'),
(312, 312, 'U0087', 147, 1, 'Disappointed, the product stopped working soon.', '2025-02-17'),
(313, 313, 'U0168', 30, 5, 'The product matched the description perfectly.', '2025-01-28'),
(314, 314, 'U0086', 33, 5, 'The product matched the description perfectly.', '2025-10-11'),
(315, 315, 'U0286', 57, 2, 'The product matched the description perfectly.', '2025-01-26'),
(316, 316, 'U0020', 148, 3, 'Product quality exceeded expectations.', '2024-06-19'),
(317, 317, 'U0239', 21, 4, 'Would definitely buy again.', '2024-12-15'),
(318, 318, 'U0179', 129, 1, 'Good quality, satisfied with the purchase.', '2024-04-30'),
(319, 319, 'U0212', 186, 2, 'Average experience, could be better.', '2024-08-06'),
(320, 320, 'U0181', 140, 4, 'Good quality, satisfied with the purchase.', '2024-01-06'),
(321, 321, 'U0027', 31, 1, 'Product quality exceeded expectations.', '2024-05-07'),
(322, 322, 'U0151', 47, 3, 'Average experience, could be better.', '2024-03-12'),
(323, 323, 'U0025', 138, 3, 'Good quality, satisfied with the purchase.', '2025-09-15'),
(324, 324, 'U0186', 171, 1, 'Good quality, satisfied with the purchase.', '2025-02-07'),
(325, 325, 'U0024', 76, 5, 'Good quality, satisfied with the purchase.', '2024-04-27'),
(326, 326, 'U0102', 17, 2, 'Would definitely buy again.', '2025-03-25'),
(327, 327, 'U0089', 135, 4, 'Average experience, could be better.', '2025-01-05'),
(328, 328, 'U0167', 38, 3, 'Amazing value for money.', '2024-06-27'),
(329, 329, 'U0273', 176, 4, 'Fast delivery and well packaged.', '2024-10-26'),
(330, 330, 'U0045', 114, 2, 'Product quality exceeded expectations.', '2024-04-07'),
(331, 331, 'U0126', 133, 2, 'Amazing value for money.', '2024-05-03'),
(332, 332, 'U0057', 124, 1, 'Not worth the price.', '2025-06-08'),
(333, 333, 'U0180', 80, 1, 'Average experience, could be better.', '2024-07-14'),
(334, 334, 'U0060', 138, 5, 'The product matched the description perfectly.', '2024-02-13'),
(335, 335, 'U0092', 128, 2, 'Product quality exceeded expectations.', '2025-04-09'),
(336, 336, 'U0057', 35, 5, 'Amazing value for money.', '2025-02-03'),
(337, 337, 'U0021', 196, 1, 'Product quality exceeded expectations.', '2025-04-05'),
(338, 338, 'U0138', 129, 1, 'Average experience, could be better.', '2025-04-09'),
(339, 339, 'U0280', 194, 1, 'Would definitely buy again.', '2024-08-27'),
(340, 340, 'U0108', 39, 2, 'Product quality exceeded expectations.', '2025-05-02'),
(341, 341, 'U0048', 52, 3, 'Fast delivery and well packaged.', '2025-01-30'),
(342, 342, 'U0152', 107, 1, 'Disappointed, the product stopped working soon.', '2024-08-21'),
(343, 343, 'U0178', 186, 1, 'Disappointed, the product stopped working soon.', '2024-03-16'),
(344, 344, 'U0182', 152, 4, 'Amazing value for money.', '2025-01-26'),
(345, 345, 'U0215', 10, 2, 'Excellent product! Highly recommend.', '2025-01-24'),
(346, 346, 'U0152', 57, 4, 'Good quality, satisfied with the purchase.', '2024-05-25'),
(347, 347, 'U0288', 5, 5, 'Fast delivery and well packaged.', '2024-11-04'),
(348, 348, 'U0057', 140, 4, 'Fast delivery and well packaged.', '2024-12-17'),
(349, 349, 'U0185', 135, 2, 'Not worth the price.', '2025-02-17'),
(350, 350, 'U0201', 87, 5, 'Average experience, could be better.', '2025-03-06'),
(351, 351, 'U0031', 14, 2, 'Disappointed, the product stopped working soon.', '2024-02-14'),
(352, 352, 'U0154', 194, 4, 'The product matched the description perfectly.', '2024-03-28'),
(353, 353, 'U0009', 56, 4, 'Amazing value for money.', '2024-07-12'),
(354, 354, 'U0244', 176, 1, 'Good quality, satisfied with the purchase.', '2024-06-24'),
(355, 355, 'U0205', 86, 5, 'Product quality exceeded expectations.', '2024-05-02'),
(356, 356, 'U0009', 200, 2, 'Fast delivery and well packaged.', '2024-10-21'),
(357, 357, 'U0240', 30, 5, 'Average experience, could be better.', '2025-08-11'),
(358, 358, 'U0022', 94, 2, 'Would definitely buy again.', '2025-04-24'),
(359, 359, 'U0041', 187, 2, 'Product quality exceeded expectations.', '2024-04-10'),
(360, 360, 'U0004', 197, 1, 'Not worth the price.', '2025-09-27'),
(361, 361, 'U0062', 191, 2, 'Average experience, could be better.', '2024-05-30'),
(362, 362, 'U0089', 122, 3, 'Average experience, could be better.', '2024-02-01'),
(363, 363, 'U0160', 52, 4, 'Disappointed, the product stopped working soon.', '2025-07-08'),
(364, 364, 'U0069', 36, 4, 'Disappointed, the product stopped working soon.', '2024-03-27'),
(365, 365, 'U0027', 67, 2, 'Fast delivery and well packaged.', '2024-06-25'),
(366, 366, 'U0040', 157, 1, 'Good quality, satisfied with the purchase.', '2025-07-05'),
(367, 367, 'U0059', 194, 2, 'Amazing value for money.', '2024-08-29'),
(368, 368, 'U0009', 54, 3, 'Not worth the price.', '2025-03-28'),
(369, 369, 'U0225', 26, 5, 'Would definitely buy again.', '2025-01-01'),
(370, 370, 'U0119', 149, 1, 'Amazing value for money.', '2024-06-21'),
(371, 371, 'U0295', 101, 4, 'The product matched the description perfectly.', '2025-07-02'),
(372, 372, 'U0027', 47, 1, 'Excellent product! Highly recommend.', '2025-08-01'),
(373, 373, 'U0122', 35, 2, 'Good quality, satisfied with the purchase.', '2024-09-19'),
(374, 374, 'U0050', 34, 4, 'Not worth the price.', '2025-08-19'),
(375, 375, 'U0215', 178, 5, 'Average experience, could be better.', '2024-03-16'),
(376, 376, 'U0009', 53, 5, 'Not worth the price.', '2024-10-17'),
(377, 377, 'U0127', 71, 4, 'Disappointed, the product stopped working soon.', '2024-03-28'),
(378, 378, 'U0014', 50, 3, 'Would definitely buy again.', '2024-04-16'),
(379, 379, 'U0248', 48, 5, 'Fast delivery and well packaged.', '2025-01-05'),
(380, 380, 'U0121', 41, 2, 'Average experience, could be better.', '2025-02-10'),
(381, 381, 'U0007', 180, 2, 'Average experience, could be better.', '2025-06-27'),
(382, 382, 'U0117', 112, 4, 'Good quality, satisfied with the purchase.', '2024-01-03'),
(383, 383, 'U0134', 104, 2, 'Would definitely buy again.', '2025-09-09'),
(384, 384, 'U0206', 27, 1, 'Would definitely buy again.', '2024-11-27'),
(385, 385, 'U0253', 122, 5, 'Fast delivery and well packaged.', '2025-01-29'),
(386, 386, 'U0019', 120, 5, 'Not worth the price.', '2024-01-23'),
(387, 387, 'U0168', 70, 5, 'The product matched the description perfectly.', '2025-10-30'),
(388, 388, 'U0078', 117, 3, 'Fast delivery and well packaged.', '2025-03-20'),
(389, 389, 'U0037', 191, 5, 'Not worth the price.', '2025-10-21'),
(390, 390, 'U0136', 165, 1, 'Disappointed, the product stopped working soon.', '2025-08-29'),
(391, 391, 'U0278', 176, 5, 'Product quality exceeded expectations.', '2025-06-14'),
(392, 392, 'U0284', 69, 4, 'Product quality exceeded expectations.', '2025-02-20'),
(393, 393, 'U0163', 32, 5, 'Product quality exceeded expectations.', '2024-11-05'),
(394, 394, 'U0026', 63, 5, 'Disappointed, the product stopped working soon.', '2024-03-02'),
(395, 395, 'U0217', 113, 3, 'Good quality, satisfied with the purchase.', '2025-03-21'),
(396, 396, 'U0112', 192, 2, 'Excellent product! Highly recommend.', '2024-06-29'),
(397, 397, 'U0261', 179, 3, 'Would definitely buy again.', '2025-10-21'),
(398, 398, 'U0265', 6, 4, 'Excellent product! Highly recommend.', '2024-05-11'),
(399, 399, 'U0142', 90, 4, 'Disappointed, the product stopped working soon.', '2025-07-19'),
(400, 400, 'U0051', 45, 2, 'The product matched the description perfectly.', '2025-07-17'),
(401, 401, 'U0204', 39, 5, 'Amazing value for money.', '2024-08-11'),
(402, 402, 'U0217', 16, 4, 'Fast delivery and well packaged.', '2025-09-20'),
(403, 403, 'U0243', 46, 5, 'Not worth the price.', '2024-04-12'),
(404, 404, 'U0202', 67, 5, 'Disappointed, the product stopped working soon.', '2025-10-24'),
(405, 405, 'U0283', 87, 3, 'Good quality, satisfied with the purchase.', '2025-03-23'),
(406, 406, 'U0127', 160, 3, 'The product matched the description perfectly.', '2025-04-13'),
(407, 407, 'U0288', 72, 2, 'Good quality, satisfied with the purchase.', '2025-02-18'),
(408, 408, 'U0270', 103, 2, 'Amazing value for money.', '2024-11-28'),
(409, 409, 'U0230', 143, 2, 'Average experience, could be better.', '2024-11-10'),
(410, 410, 'U0015', 127, 5, 'The product matched the description perfectly.', '2024-09-10'),
(411, 411, 'U0095', 138, 2, 'Excellent product! Highly recommend.', '2025-09-05'),
(412, 412, 'U0110', 144, 3, 'Good quality, satisfied with the purchase.', '2025-07-08'),
(413, 413, 'U0126', 165, 2, 'Amazing value for money.', '2025-10-13'),
(414, 414, 'U0007', 81, 4, 'Fast delivery and well packaged.', '2024-09-07'),
(415, 415, 'U0213', 17, 4, 'Fast delivery and well packaged.', '2025-02-09'),
(416, 416, 'U0191', 116, 4, 'Amazing value for money.', '2024-07-02'),
(417, 417, 'U0106', 105, 3, 'Disappointed, the product stopped working soon.', '2025-07-10'),
(418, 418, 'U0122', 52, 4, 'The product matched the description perfectly.', '2025-07-16'),
(419, 419, 'U0259', 86, 1, 'Excellent product! Highly recommend.', '2024-07-11'),
(420, 420, 'U0258', 26, 4, 'Not worth the price.', '2025-09-18'),
(421, 421, 'U0009', 87, 4, 'Disappointed, the product stopped working soon.', '2024-08-07'),
(422, 422, 'U0132', 162, 5, 'Would definitely buy again.', '2025-02-11'),
(423, 423, 'U0014', 102, 4, 'The product matched the description perfectly.', '2024-03-29'),
(424, 424, 'U0092', 89, 1, 'Average experience, could be better.', '2024-03-11'),
(425, 425, 'U0235', 144, 5, 'The product matched the description perfectly.', '2024-08-07'),
(426, 426, 'U0236', 87, 1, 'Not worth the price.', '2024-12-25'),
(427, 427, 'U0008', 26, 1, 'Product quality exceeded expectations.', '2024-02-05'),
(428, 428, 'U0209', 145, 4, 'Amazing value for money.', '2025-04-23'),
(429, 429, 'U0038', 82, 5, 'Fast delivery and well packaged.', '2025-10-04'),
(430, 430, 'U0056', 26, 4, 'Not worth the price.', '2025-06-17'),
(431, 431, 'U0216', 37, 1, 'Not worth the price.', '2025-07-24'),
(432, 432, 'U0122', 164, 3, 'Product quality exceeded expectations.', '2025-01-30'),
(433, 433, 'U0222', 67, 4, 'Product quality exceeded expectations.', '2025-07-28'),
(434, 434, 'U0164', 109, 1, 'Disappointed, the product stopped working soon.', '2025-02-26'),
(435, 435, 'U0207', 47, 3, 'Product quality exceeded expectations.', '2024-07-07'),
(436, 436, 'U0246', 167, 4, 'Amazing value for money.', '2024-10-21'),
(437, 437, 'U0225', 20, 4, 'Amazing value for money.', '2025-06-04'),
(438, 438, 'U0071', 112, 1, 'Fast delivery and well packaged.', '2025-03-14'),
(439, 439, 'U0151', 180, 2, 'Excellent product! Highly recommend.', '2024-11-09'),
(440, 440, 'U0195', 120, 3, 'Product quality exceeded expectations.', '2024-08-20'),
(441, 441, 'U0031', 199, 5, 'Fast delivery and well packaged.', '2025-04-12'),
(442, 442, 'U0299', 45, 3, 'Amazing value for money.', '2024-07-18'),
(443, 443, 'U0178', 19, 1, 'Would definitely buy again.', '2025-08-15'),
(444, 444, 'U0066', 191, 4, 'Excellent product! Highly recommend.', '2024-01-07'),
(445, 445, 'U0259', 64, 3, 'The product matched the description perfectly.', '2025-06-03'),
(446, 446, 'U0073', 61, 4, 'Product quality exceeded expectations.', '2025-09-02'),
(447, 447, 'U0249', 199, 4, 'Excellent product! Highly recommend.', '2024-02-26'),
(448, 448, 'U0225', 30, 4, 'Amazing value for money.', '2024-10-24'),
(449, 449, 'U0107', 70, 1, 'Good quality, satisfied with the purchase.', '2024-11-19'),
(450, 450, 'U0283', 7, 2, 'Would definitely buy again.', '2024-06-04'),
(451, 451, 'U0227', 95, 3, 'Average experience, could be better.', '2025-08-20'),
(452, 452, 'U0085', 92, 4, 'Average experience, could be better.', '2025-05-19'),
(453, 453, 'U0157', 199, 4, 'Not worth the price.', '2025-10-21'),
(454, 454, 'U0213', 20, 3, 'Fast delivery and well packaged.', '2025-08-25'),
(455, 455, 'U0207', 108, 2, 'Excellent product! Highly recommend.', '2024-05-23'),
(456, 456, 'U0283', 137, 1, 'Fast delivery and well packaged.', '2025-01-15'),
(457, 457, 'U0043', 1, 3, 'Excellent product! Highly recommend.', '2024-09-08'),
(458, 458, 'U0070', 73, 4, 'Would definitely buy again.', '2024-01-14'),
(459, 459, 'U0297', 59, 5, 'The product matched the description perfectly.', '2025-01-07'),
(460, 460, 'U0006', 23, 2, 'Average experience, could be better.', '2025-08-05'),
(461, 461, 'U0145', 25, 2, 'Product quality exceeded expectations.', '2024-06-06'),
(462, 462, 'U0048', 14, 5, 'Disappointed, the product stopped working soon.', '2024-09-15'),
(463, 463, 'U0292', 129, 2, 'Would definitely buy again.', '2024-10-30'),
(464, 464, 'U0293', 75, 1, 'The product matched the description perfectly.', '2024-05-12'),
(465, 465, 'U0279', 22, 1, 'Fast delivery and well packaged.', '2024-12-08'),
(466, 466, 'U0106', 166, 1, 'Would definitely buy again.', '2025-09-18'),
(467, 467, 'U0244', 73, 4, 'The product matched the description perfectly.', '2024-05-22'),
(468, 468, 'U0068', 83, 2, 'Not worth the price.', '2024-11-04'),
(469, 469, 'U0166', 5, 4, 'Amazing value for money.', '2024-03-13'),
(470, 470, 'U0219', 65, 3, 'Disappointed, the product stopped working soon.', '2024-09-11'),
(471, 471, 'U0108', 33, 1, 'Would definitely buy again.', '2024-08-21'),
(472, 472, 'U0238', 140, 4, 'Good quality, satisfied with the purchase.', '2024-04-24'),
(473, 473, 'U0229', 68, 5, 'Would definitely buy again.', '2025-02-06'),
(474, 474, 'U0002', 133, 1, 'Not worth the price.', '2025-03-06'),
(475, 475, 'U0248', 23, 5, 'Fast delivery and well packaged.', '2025-03-09'),
(476, 476, 'U0082', 146, 5, 'Amazing value for money.', '2025-07-28'),
(477, 477, 'U0055', 16, 4, 'The product matched the description perfectly.', '2024-08-03'),
(478, 478, 'U0174', 72, 2, 'Amazing value for money.', '2024-05-15'),
(479, 479, 'U0144', 193, 4, 'Product quality exceeded expectations.', '2024-11-28'),
(480, 480, 'U0010', 155, 1, 'Product quality exceeded expectations.', '2024-10-09'),
(481, 481, 'U0188', 22, 1, 'Not worth the price.', '2024-04-27'),
(482, 482, 'U0090', 154, 4, 'Amazing value for money.', '2025-03-22'),
(483, 483, 'U0067', 57, 1, 'The product matched the description perfectly.', '2025-09-11'),
(484, 484, 'U0020', 44, 1, 'Average experience, could be better.', '2025-04-18'),
(485, 485, 'U0138', 118, 5, 'Disappointed, the product stopped working soon.', '2024-03-21'),
(486, 486, 'U0199', 80, 3, 'Would definitely buy again.', '2024-07-30'),
(487, 487, 'U0070', 13, 4, 'Good quality, satisfied with the purchase.', '2025-09-25'),
(488, 488, 'U0045', 191, 5, 'Disappointed, the product stopped working soon.', '2025-04-06'),
(489, 489, 'U0176', 7, 2, 'The product matched the description perfectly.', '2024-06-13'),
(490, 490, 'U0078', 102, 5, 'Fast delivery and well packaged.', '2024-06-15'),
(491, 491, 'U0150', 6, 5, 'Disappointed, the product stopped working soon.', '2024-12-01'),
(492, 492, 'U0088', 48, 2, 'Excellent product! Highly recommend.', '2025-10-17'),
(493, 493, 'U0075', 70, 3, 'Product quality exceeded expectations.', '2024-03-14'),
(494, 494, 'U0246', 104, 4, 'Amazing value for money.', '2025-04-22'),
(495, 495, 'U0293', 35, 5, 'Average experience, could be better.', '2024-04-04'),
(496, 496, 'U0289', 139, 1, 'Amazing value for money.', '2025-10-21'),
(497, 497, 'U0085', 160, 1, 'Would definitely buy again.', '2025-06-12'),
(498, 498, 'U0029', 19, 5, 'The product matched the description perfectly.', '2025-05-03'),
(499, 499, 'U0031', 77, 4, 'Fast delivery and well packaged.', '2024-01-23'),
(500, 500, 'U0082', 33, 4, 'Amazing value for money.', '2024-05-30');

INSERT INTO customer_support (ticket_id, order_id, user_id, issue_type, issue_description, ticket_status, created_date, resolved_date)
VALUES
(1, 1, 'U0292', 'Other', 'Need help updating shipping address.', 'Pending Response', '2025-07-28', '2025-08-06'),
(2, 2, 'U0271', 'Delivery Delay', 'Customer unable to log in to their account.', 'Closed', '2025-04-29', '2025-05-12'),
(3, 3, 'U0280', 'Wrong Item', 'Request for return due to defective item.', 'Closed', '2024-11-04', '2024-11-19'),
(4, 4, 'U0118', 'Account Login', 'Order cancelled automatically by system.', 'Closed', '2025-06-15', '2025-06-16'),
(5, 5, 'U0234', 'Product Quality', 'Incorrect item received in the order.', 'Closed', '2024-08-03', '2024-08-04'),
(6, 6, 'U0044', 'Wrong Item', 'Order cancelled automatically by system.', 'Closed', '2024-10-30', '2024-11-11'),
(7, 7, 'U0199', 'Account Login', 'Need help updating shipping address.', 'In Progress', '2025-01-18', '2025-01-20'),
(8, 8, 'U0021', 'Payment Issue', 'Request for return due to defective item.', 'Open', '2024-01-26', '2024-02-03'),
(9, 9, 'U0064', 'Wrong Item', 'Customer reported app crash during checkout.', 'Open', '2024-04-09', '2024-04-10'),
(10, 10, 'U0294', 'Refund Status', 'Customer reported a delay in product delivery.', 'Open', '2025-03-04', '2025-03-06'),
(11, 11, 'U0244', 'Wrong Item', 'Incorrect item received in the order.', 'Open', '2024-06-24', '2024-07-03'),
(12, 12, 'U0015', 'Wrong Item', 'Incorrect item received in the order.', 'In Progress', '2024-08-15', '2024-08-19'),
(13, 13, 'U0257', 'Technical Issue', 'Customer reported a delay in product delivery.', 'Open', '2025-02-10', '2025-02-23'),
(14, 14, 'U0002', 'Delivery Delay', 'Inquiry about refund process timeline.', 'Closed', '2024-10-12', '2024-10-27'),
(15, 15, 'U0227', 'Product Quality', 'Customer reported a delay in product delivery.', 'Closed', '2025-01-09', '2025-01-17'),
(16, 16, 'U0116', 'Wrong Item', 'Need help updating shipping address.', 'Pending Response', '2025-09-16', '2025-09-28'),
(17, 17, 'U0056', 'Technical Issue', 'Need help updating shipping address.', 'Resolved', '2025-01-05', '2025-01-12'),
(18, 18, 'U0286', 'Technical Issue', 'Customer reported a delay in product delivery.', 'In Progress', '2024-05-07', '2024-05-18'),
(19, 19, 'U0284', 'Payment Issue', 'Payment deducted but order not confirmed.', 'In Progress', '2025-02-21', '2025-02-22'),
(20, 20, 'U0188', 'Other', 'Order cancelled automatically by system.', 'Resolved', '2024-08-17', NULL),
(21, 21, 'U0078', 'Account Login', 'Customer reported app crash during checkout.', 'Pending Response', '2024-07-29', '2024-07-31'),
(22, 22, 'U0259', 'Return Request', 'Request for return due to defective item.', 'Pending Response', '2024-02-07', '2024-02-17'),
(23, 23, 'U0161', 'Delivery Delay', 'Need help updating shipping address.', 'Resolved', '2025-05-08', '2025-05-09'),
(24, 24, 'U0215', 'Order Cancellation', 'Customer unable to log in to their account.', 'Closed', '2024-03-02', '2024-03-10'),
(25, 25, 'U0285', 'Refund Status', 'Incorrect item received in the order.', 'Resolved', '2024-12-22', '2024-12-31'),
(26, 26, 'U0022', 'Delivery Delay', 'Customer unable to log in to their account.', 'In Progress', '2024-06-02', NULL),
(27, 27, 'U0117', 'Return Request', 'Customer reported a delay in product delivery.', 'In Progress', '2024-01-05', NULL),
(28, 28, 'U0204', 'Order Cancellation', 'Customer reported app crash during checkout.', 'Open', '2025-08-24', NULL),
(29, 29, 'U0243', 'Order Cancellation', 'Need help updating shipping address.', 'Resolved', '2025-04-02', '2025-04-03'),
(30, 30, 'U0023', 'Return Request', 'Customer reported a delay in product delivery.', 'Closed', '2024-11-27', NULL),
(31, 31, 'U0016', 'Delivery Delay', 'Product quality not as expected.', 'In Progress', '2025-06-03', '2025-06-06'),
(32, 32, 'U0224', 'Payment Issue', 'Customer unable to log in to their account.', 'Closed', '2025-08-12', NULL),
(33, 33, 'U0275', 'Technical Issue', 'Order cancelled automatically by system.', 'In Progress', '2025-10-30', NULL),
(34, 34, 'U0282', 'Order Cancellation', 'Incorrect item received in the order.', 'Resolved', '2024-04-07', '2024-04-21'),
(35, 35, 'U0035', 'Wrong Item', 'Customer reported a delay in product delivery.', 'Pending Response', '2025-09-10', '2025-09-25'),
(36, 36, 'U0169', 'Return Request', 'Order cancelled automatically by system.', 'Open', '2025-01-15', NULL),
(37, 37, 'U0045', 'Order Cancellation', 'Customer reported app crash during checkout.', 'In Progress', '2024-06-05', '2024-06-17'),
(38, 38, 'U0160', 'Order Cancellation', 'Request for return due to defective item.', 'Resolved', '2024-08-21', '2024-08-24'),
(39, 39, 'U0088', 'Refund Status', 'Product quality not as expected.', 'Open', '2024-01-08', NULL),
(40, 40, 'U0172', 'Wrong Item', 'Need help updating shipping address.', 'Closed', '2024-12-28', '2025-01-11'),
(41, 41, 'U0127', 'Payment Issue', 'Customer unable to log in to their account.', 'Open', '2025-04-11', NULL),
(42, 42, 'U0259', 'Technical Issue', 'Request for return due to defective item.', 'Open', '2025-01-09', '2025-01-22'),
(43, 43, 'U0293', 'Refund Status', 'Need help updating shipping address.', 'Open', '2025-04-30', '2025-05-01'),
(44, 44, 'U0052', 'Other', 'Need help updating shipping address.', 'Pending Response', '2024-06-01', '2024-06-15'),
(45, 45, 'U0273', 'Return Request', 'Payment deducted but order not confirmed.', 'Open', '2024-09-13', NULL),
(46, 46, 'U0222', 'Refund Status', 'Product quality not as expected.', 'Resolved', '2024-06-21', '2024-06-24'),
(47, 47, 'U0295', 'Payment Issue', 'Incorrect item received in the order.', 'Open', '2024-04-02', '2024-04-09'),
(48, 48, 'U0192', 'Other', 'Customer reported app crash during checkout.', 'Closed', '2024-07-06', '2024-07-08'),
(49, 49, 'U0068', 'Refund Status', 'Need help updating shipping address.', 'In Progress', '2025-08-07', '2025-08-12'),
(50, 50, 'U0074', 'Other', 'Inquiry about refund process timeline.', 'Pending Response', '2025-03-19', '2025-03-25'),
(51, 51, 'U0112', 'Payment Issue', 'Product quality not as expected.', 'Open', '2025-05-27', '2025-05-31'),
(52, 52, 'U0282', 'Other', 'Request for return due to defective item.', 'Open', '2024-04-23', '2024-04-24'),
(53, 53, 'U0035', 'Technical Issue', 'Incorrect item received in the order.', 'Closed', '2024-12-03', '2024-12-07'),
(54, 54, 'U0135', 'Account Login', 'Customer reported app crash during checkout.', 'In Progress', '2024-08-22', '2024-08-25'),
(55, 55, 'U0192', 'Payment Issue', 'Need help updating shipping address.', 'Open', '2025-10-22', '2025-10-30'),
(56, 56, 'U0112', 'Wrong Item', 'Incorrect item received in the order.', 'Resolved', '2025-09-06', '2025-09-18'),
(57, 57, 'U0102', 'Refund Status', 'Need help updating shipping address.', 'Resolved', '2025-05-31', NULL),
(58, 58, 'U0173', 'Delivery Delay', 'Incorrect item received in the order.', 'Resolved', '2025-01-10', '2025-01-19'),
(59, 59, 'U0199', 'Refund Status', 'Customer unable to log in to their account.', 'In Progress', '2024-09-17', '2024-09-26'),
(60, 60, 'U0129', 'Delivery Delay', 'Customer reported app crash during checkout.', 'Pending Response', '2025-03-29', NULL),
(61, 61, 'U0012', 'Refund Status', 'Product quality not as expected.', 'Pending Response', '2024-04-21', NULL),
(62, 62, 'U0166', 'Other', 'Inquiry about refund process timeline.', 'Closed', '2025-02-20', '2025-02-23'),
(63, 63, 'U0172', 'Refund Status', 'Customer unable to log in to their account.', 'Resolved', '2025-10-14', '2025-10-17'),
(64, 64, 'U0298', 'Payment Issue', 'Order cancelled automatically by system.', 'Resolved', '2025-03-28', '2025-04-10'),
(65, 65, 'U0251', 'Other', 'Order cancelled automatically by system.', 'In Progress', '2024-05-02', '2024-05-06'),
(66, 66, 'U0131', 'Wrong Item', 'Payment deducted but order not confirmed.', 'Resolved', '2024-07-22', '2024-08-05'),
(67, 67, 'U0277', 'Order Cancellation', 'Customer reported a delay in product delivery.', 'Resolved', '2025-02-04', '2025-02-19'),
(68, 68, 'U0176', 'Delivery Delay', 'Customer reported a delay in product delivery.', 'In Progress', '2025-10-07', '2025-10-21'),
(69, 69, 'U0208', 'Account Login', 'Customer unable to log in to their account.', 'Pending Response', '2024-04-11', '2024-04-12'),
(70, 70, 'U0158', 'Account Login', 'Customer reported a delay in product delivery.', 'Closed', '2024-12-30', '2025-01-08'),
(71, 71, 'U0197', 'Refund Status', 'Customer reported app crash during checkout.', 'Open', '2024-01-16', '2024-01-22'),
(72, 72, 'U0119', 'Other', 'Customer reported a delay in product delivery.', 'Open', '2024-04-08', '2024-04-12'),
(73, 73, 'U0059', 'Product Quality', 'Inquiry about refund process timeline.', 'Closed', '2024-06-22', NULL),
(74, 74, 'U0037', 'Refund Status', 'Customer unable to log in to their account.', 'Pending Response', '2024-01-07', '2024-01-19'),
(75, 75, 'U0095', 'Product Quality', 'Request for return due to defective item.', 'Pending Response', '2025-07-31', '2025-08-04'),
(76, 76, 'U0005', 'Order Cancellation', 'Order cancelled automatically by system.', 'Open', '2025-02-13', '2025-02-23'),
(77, 77, 'U0227', 'Return Request', 'Product quality not as expected.', 'In Progress', '2025-07-17', NULL),
(78, 78, 'U0059', 'Wrong Item', 'Order cancelled automatically by system.', 'Resolved', '2025-06-13', '2025-06-14'),
(79, 79, 'U0055', 'Delivery Delay', 'Customer reported a delay in product delivery.', 'In Progress', '2025-03-26', NULL),
(80, 80, 'U0160', 'Refund Status', 'Inquiry about refund process timeline.', 'Resolved', '2025-01-29', '2025-02-10'),
(81, 81, 'U0126', 'Return Request', 'Need help updating shipping address.', 'In Progress', '2025-07-27', '2025-08-08'),
(82, 82, 'U0033', 'Payment Issue', 'Inquiry about refund process timeline.', 'Pending Response', '2025-05-02', '2025-05-05'),
(83, 83, 'U0058', 'Refund Status', 'Incorrect item received in the order.', 'Pending Response', '2025-05-10', '2025-05-17'),
(84, 84, 'U0033', 'Return Request', 'Customer reported app crash during checkout.', 'Pending Response', '2024-01-21', NULL),
(85, 85, 'U0259', 'Order Cancellation', 'Payment deducted but order not confirmed.', 'Open', '2024-01-02', NULL),
(86, 86, 'U0296', 'Other', 'Order cancelled automatically by system.', 'Open', '2025-04-13', '2025-04-14'),
(87, 87, 'U0250', 'Technical Issue', 'Request for return due to defective item.', 'Pending Response', '2024-01-24', '2024-01-28'),
(88, 88, 'U0197', 'Other', 'Inquiry about refund process timeline.', 'Resolved', '2024-12-19', NULL),
(89, 89, 'U0208', 'Order Cancellation', 'Need help updating shipping address.', 'Open', '2024-07-03', '2024-07-11'),
(90, 90, 'U0018', 'Other', 'Customer reported app crash during checkout.', 'In Progress', '2025-11-01', '2025-11-13'),
(91, 91, 'U0015', 'Return Request', 'Customer reported a delay in product delivery.', 'Pending Response', '2024-01-24', '2024-02-02'),
(92, 92, 'U0069', 'Order Cancellation', 'Customer reported a delay in product delivery.', 'Resolved', '2025-10-11', '2025-10-16'),
(93, 93, 'U0127', 'Other', 'Customer unable to log in to their account.', 'Closed', '2024-05-01', '2024-05-02'),
(94, 94, 'U0079', 'Technical Issue', 'Need help updating shipping address.', 'Pending Response', '2025-02-23', NULL),
(95, 95, 'U0134', 'Return Request', 'Product quality not as expected.', 'In Progress', '2025-10-24', '2025-10-26'),
(96, 96, 'U0196', 'Other', 'Payment deducted but order not confirmed.', 'Open', '2024-12-27', '2025-01-11'),
(97, 97, 'U0144', 'Return Request', 'Payment deducted but order not confirmed.', 'Resolved', '2025-06-17', '2025-06-24'),
(98, 98, 'U0286', 'Account Login', 'Incorrect item received in the order.', 'Open', '2024-01-08', '2024-01-22'),
(99, 99, 'U0048', 'Order Cancellation', 'Order cancelled automatically by system.', 'Resolved', '2024-03-14', '2024-03-24'),
(100, 100, 'U0178', 'Account Login', 'Customer reported a delay in product delivery.', 'Resolved', '2025-02-27', '2025-03-01'),
(101, 101, 'U0062', 'Technical Issue', 'Need help updating shipping address.', 'Closed', '2024-08-12', '2024-08-13'),
(102, 102, 'U0270', 'Product Quality', 'Payment deducted but order not confirmed.', 'In Progress', '2025-06-03', '2025-06-14'),
(103, 103, 'U0222', 'Technical Issue', 'Customer reported app crash during checkout.', 'In Progress', '2025-08-06', '2025-08-12'),
(104, 104, 'U0288', 'Technical Issue', 'Customer unable to log in to their account.', 'Closed', '2025-01-20', '2025-01-30'),
(105, 105, 'U0175', 'Refund Status', 'Inquiry about refund process timeline.', 'Closed', '2024-04-03', '2024-04-11'),
(106, 106, 'U0070', 'Order Cancellation', 'Payment deducted but order not confirmed.', 'Closed', '2024-09-25', '2024-10-10'),
(107, 107, 'U0177', 'Other', 'Incorrect item received in the order.', 'In Progress', '2025-05-09', '2025-05-21'),
(108, 108, 'U0101', 'Other', 'Incorrect item received in the order.', 'In Progress', '2024-01-27', NULL),
(109, 109, 'U0197', 'Product Quality', 'Order cancelled automatically by system.', 'Open', '2024-01-22', '2024-02-05'),
(110, 110, 'U0280', 'Return Request', 'Inquiry about refund process timeline.', 'Closed', '2025-08-31', '2025-09-05'),
(111, 111, 'U0068', 'Payment Issue', 'Inquiry about refund process timeline.', 'Closed', '2024-02-17', '2024-02-18'),
(112, 112, 'U0003', 'Return Request', 'Customer reported app crash during checkout.', 'Closed', '2025-09-24', '2025-09-28'),
(113, 113, 'U0068', 'Payment Issue', 'Incorrect item received in the order.', 'In Progress', '2024-06-19', NULL),
(114, 114, 'U0236', 'Other', 'Customer reported app crash during checkout.', 'Pending Response', '2024-08-14', '2024-08-15'),
(115, 115, 'U0174', 'Wrong Item', 'Inquiry about refund process timeline.', 'In Progress', '2024-12-08', '2024-12-22'),
(116, 116, 'U0089', 'Wrong Item', 'Customer unable to log in to their account.', 'Resolved', '2024-01-17', '2024-01-27'),
(117, 117, 'U0277', 'Delivery Delay', 'Request for return due to defective item.', 'Pending Response', '2024-03-06', '2024-03-21'),
(118, 118, 'U0153', 'Product Quality', 'Incorrect item received in the order.', 'Resolved', '2024-05-23', '2024-06-03'),
(119, 119, 'U0174', 'Refund Status', 'Incorrect item received in the order.', 'Resolved', '2024-07-10', '2024-07-11'),
(120, 120, 'U0022', 'Payment Issue', 'Customer reported app crash during checkout.', 'Resolved', '2024-02-20', '2024-02-22'),
(121, 121, 'U0149', 'Other', 'Need help updating shipping address.', 'Resolved', '2024-01-03', '2024-01-09'),
(122, 122, 'U0160', 'Product Quality', 'Incorrect item received in the order.', 'Pending Response', '2025-04-05', '2025-04-19'),
(123, 123, 'U0104', 'Refund Status', 'Customer unable to log in to their account.', 'Closed', '2024-06-11', NULL),
(124, 124, 'U0031', 'Product Quality', 'Payment deducted but order not confirmed.', 'Closed', '2025-02-14', NULL),
(125, 125, 'U0109', 'Order Cancellation', 'Inquiry about refund process timeline.', 'In Progress', '2024-03-30', '2024-04-09'),
(126, 126, 'U0100', 'Wrong Item', 'Request for return due to defective item.', 'Resolved', '2025-06-05', '2025-06-13'),
(127, 127, 'U0154', 'Account Login', 'Request for return due to defective item.', 'Open', '2025-05-16', '2025-05-23'),
(128, 128, 'U0133', 'Payment Issue', 'Customer reported app crash during checkout.', 'Pending Response', '2025-06-20', '2025-06-27'),
(129, 129, 'U0271', 'Other', 'Customer unable to log in to their account.', 'Closed', '2024-06-26', '2024-07-09'),
(130, 130, 'U0144', 'Wrong Item', 'Customer reported a delay in product delivery.', 'Resolved', '2024-03-06', '2024-03-09'),
(131, 131, 'U0188', 'Refund Status', 'Customer reported app crash during checkout.', 'In Progress', '2024-03-13', '2024-03-21'),
(132, 132, 'U0024', 'Other', 'Need help updating shipping address.', 'Closed', '2024-11-27', '2024-12-08'),
(133, 133, 'U0049', 'Order Cancellation', 'Need help updating shipping address.', 'Open', '2024-11-30', '2024-12-12'),
(134, 134, 'U0010', 'Account Login', 'Customer reported app crash during checkout.', 'Pending Response', '2024-10-29', NULL),
(135, 135, 'U0075', 'Refund Status', 'Inquiry about refund process timeline.', 'In Progress', '2024-09-01', '2024-09-14'),
(136, 136, 'U0258', 'Delivery Delay', 'Customer unable to log in to their account.', 'Pending Response', '2024-10-09', '2024-10-22'),
(137, 137, 'U0065', 'Wrong Item', 'Customer unable to log in to their account.', 'Resolved', '2024-04-04', '2024-04-19'),
(138, 138, 'U0002', 'Refund Status', 'Customer reported a delay in product delivery.', 'Resolved', '2024-04-02', NULL),
(139, 139, 'U0250', 'Account Login', 'Customer reported app crash during checkout.', 'Pending Response', '2024-12-12', '2024-12-18'),
(140, 140, 'U0272', 'Refund Status', 'Payment deducted but order not confirmed.', 'Open', '2024-04-16', '2024-04-30'),
(141, 141, 'U0194', 'Technical Issue', 'Customer reported a delay in product delivery.', 'Open', '2024-02-02', '2024-02-11'),
(142, 142, 'U0288', 'Account Login', 'Incorrect item received in the order.', 'Open', '2024-09-03', NULL),
(143, 143, 'U0093', 'Return Request', 'Need help updating shipping address.', 'In Progress', '2024-04-23', NULL),
(144, 144, 'U0294', 'Technical Issue', 'Order cancelled automatically by system.', 'Pending Response', '2024-10-04', '2024-10-19'),
(145, 145, 'U0275', 'Technical Issue', 'Request for return due to defective item.', 'Closed', '2025-10-10', '2025-10-23'),
(146, 146, 'U0023', 'Product Quality', 'Payment deducted but order not confirmed.', 'Open', '2025-08-12', '2025-08-18'),
(147, 147, 'U0298', 'Wrong Item', 'Customer unable to log in to their account.', 'In Progress', '2024-11-22', '2024-11-25'),
(148, 148, 'U0061', 'Order Cancellation', 'Inquiry about refund process timeline.', 'Open', '2025-10-13', '2025-10-20'),
(149, 149, 'U0044', 'Product Quality', 'Need help updating shipping address.', 'Closed', '2024-08-29', '2024-09-03'),
(150, 150, 'U0241', 'Wrong Item', 'Inquiry about refund process timeline.', 'In Progress', '2025-02-21', '2025-03-01'),
(151, 151, 'U0247', 'Delivery Delay', 'Product quality not as expected.', 'Open', '2024-08-15', '2024-08-21'),
(152, 152, 'U0069', 'Other', 'Customer reported a delay in product delivery.', 'Open', '2025-06-19', NULL),
(153, 153, 'U0195', 'Wrong Item', 'Product quality not as expected.', 'In Progress', '2025-04-02', '2025-04-16'),
(154, 154, 'U0022', 'Account Login', 'Incorrect item received in the order.', 'Closed', '2025-06-21', '2025-06-29'),
(155, 155, 'U0288', 'Payment Issue', 'Payment deducted but order not confirmed.', 'Closed', '2024-06-02', '2024-06-08'),
(156, 156, 'U0215', 'Account Login', 'Need help updating shipping address.', 'Pending Response', '2025-09-18', '2025-09-30'),
(157, 157, 'U0184', 'Delivery Delay', 'Incorrect item received in the order.', 'Closed', '2025-08-31', '2025-09-04'),
(158, 158, 'U0087', 'Refund Status', 'Customer reported a delay in product delivery.', 'Open', '2024-04-20', '2024-04-24'),
(159, 159, 'U0239', 'Payment Issue', 'Product quality not as expected.', 'Open', '2024-01-22', NULL),
(160, 160, 'U0144', 'Return Request', 'Inquiry about refund process timeline.', 'In Progress', '2025-10-20', '2025-11-02'),
(161, 161, 'U0297', 'Return Request', 'Product quality not as expected.', 'Closed', '2024-08-30', '2024-09-04'),
(162, 162, 'U0230', 'Payment Issue', 'Request for return due to defective item.', 'Resolved', '2025-06-26', '2025-06-27'),
(163, 163, 'U0236', 'Product Quality', 'Need help updating shipping address.', 'Resolved', '2025-04-10', '2025-04-24'),
(164, 164, 'U0247', 'Payment Issue', 'Customer reported a delay in product delivery.', 'Resolved', '2024-07-11', '2024-07-26'),
(165, 165, 'U0159', 'Return Request', 'Payment deducted but order not confirmed.', 'Resolved', '2024-07-12', '2024-07-21'),
(166, 166, 'U0068', 'Refund Status', 'Customer unable to log in to their account.', 'Pending Response', '2025-04-22', NULL),
(167, 167, 'U0158', 'Account Login', 'Incorrect item received in the order.', 'Closed', '2024-05-28', '2024-06-11'),
(168, 168, 'U0112', 'Refund Status', 'Incorrect item received in the order.', 'In Progress', '2025-03-06', NULL),
(169, 169, 'U0108', 'Wrong Item', 'Order cancelled automatically by system.', 'Closed', '2024-11-29', '2024-12-11'),
(170, 170, 'U0154', 'Wrong Item', 'Product quality not as expected.', 'In Progress', '2024-11-17', NULL),
(171, 171, 'U0069', 'Technical Issue', 'Inquiry about refund process timeline.', 'In Progress', '2024-03-05', '2024-03-17'),
(172, 172, 'U0176', 'Account Login', 'Request for return due to defective item.', 'Closed', '2025-10-23', '2025-10-29'),
(173, 173, 'U0132', 'Refund Status', 'Payment deducted but order not confirmed.', 'Pending Response', '2025-06-09', '2025-06-23'),
(174, 174, 'U0194', 'Account Login', 'Product quality not as expected.', 'In Progress', '2025-06-26', '2025-06-27'),
(175, 175, 'U0161', 'Delivery Delay', 'Customer reported a delay in product delivery.', 'Open', '2024-12-09', '2024-12-18'),
(176, 176, 'U0256', 'Return Request', 'Request for return due to defective item.', 'Resolved', '2025-04-18', NULL),
(177, 177, 'U0217', 'Delivery Delay', 'Incorrect item received in the order.', 'Resolved', '2024-01-08', '2024-01-16'),
(178, 178, 'U0292', 'Order Cancellation', 'Order cancelled automatically by system.', 'Closed', '2025-10-16', '2025-10-17'),
(179, 179, 'U0059', 'Order Cancellation', 'Order cancelled automatically by system.', 'In Progress', '2024-11-11', NULL),
(180, 180, 'U0213', 'Return Request', 'Request for return due to defective item.', 'Resolved', '2025-10-04', '2025-10-17'),
(181, 181, 'U0217', 'Other', 'Incorrect item received in the order.', 'Resolved', '2024-10-13', '2024-10-24'),
(182, 182, 'U0052', 'Product Quality', 'Customer unable to log in to their account.', 'Closed', '2024-12-08', '2024-12-13'),
(183, 183, 'U0080', 'Technical Issue', 'Payment deducted but order not confirmed.', 'Pending Response', '2024-09-23', '2024-09-30'),
(184, 184, 'U0164', 'Wrong Item', 'Product quality not as expected.', 'Pending Response', '2025-08-21', '2025-09-04'),
(185, 185, 'U0202', 'Order Cancellation', 'Need help updating shipping address.', 'In Progress', '2025-04-28', '2025-05-12'),
(186, 186, 'U0216', 'Other', 'Incorrect item received in the order.', 'Open', '2025-01-13', '2025-01-28'),
(187, 187, 'U0187', 'Product Quality', 'Customer unable to log in to their account.', 'Resolved', '2025-02-08', '2025-02-13'),
(188, 188, 'U0297', 'Refund Status', 'Need help updating shipping address.', 'In Progress', '2025-05-05', '2025-05-17'),
(189, 189, 'U0144', 'Delivery Delay', 'Product quality not as expected.', 'Closed', '2025-10-04', NULL),
(190, 190, 'U0008', 'Wrong Item', 'Customer reported a delay in product delivery.', 'Closed', '2025-05-01', '2025-05-10'),
(191, 191, 'U0196', 'Refund Status', 'Incorrect item received in the order.', 'Open', '2025-02-15', '2025-03-01'),
(192, 192, 'U0260', 'Refund Status', 'Request for return due to defective item.', 'In Progress', '2025-07-06', '2025-07-19'),
(193, 193, 'U0204', 'Order Cancellation', 'Customer reported a delay in product delivery.', 'Closed', '2024-05-12', '2024-05-26'),
(194, 194, 'U0110', 'Refund Status', 'Request for return due to defective item.', 'Closed', '2024-01-03', '2024-01-16'),
(195, 195, 'U0065', 'Payment Issue', 'Need help updating shipping address.', 'In Progress', '2024-04-13', '2024-04-21'),
(196, 196, 'U0219', 'Product Quality', 'Product quality not as expected.', 'Resolved', '2025-08-26', NULL),
(197, 197, 'U0074', 'Return Request', 'Payment deducted but order not confirmed.', 'In Progress', '2025-06-17', '2025-06-26'),
(198, 198, 'U0138', 'Order Cancellation', 'Customer reported a delay in product delivery.', 'Closed', '2025-08-31', '2025-09-15'),
(199, 199, 'U0154', 'Return Request', 'Customer reported a delay in product delivery.', 'Open', '2025-10-11', '2025-10-21'),
(200, 200, 'U0180', 'Product Quality', 'Customer reported a delay in product delivery.', 'Closed', '2024-04-14', NULL),
(201, 201, 'U0232', 'Order Cancellation', 'Request for return due to defective item.', 'In Progress', '2024-01-26', '2024-02-02'),
(202, 202, 'U0271', 'Other', 'Customer reported a delay in product delivery.', 'Pending Response', '2024-02-20', NULL),
(203, 203, 'U0045', 'Delivery Delay', 'Payment deducted but order not confirmed.', 'Pending Response', '2025-08-29', NULL),
(204, 204, 'U0294', 'Refund Status', 'Order cancelled automatically by system.', 'In Progress', '2025-03-11', NULL),
(205, 205, 'U0226', 'Other', 'Order cancelled automatically by system.', 'Open', '2024-01-10', '2024-01-25'),
(206, 206, 'U0266', 'Account Login', 'Product quality not as expected.', 'Pending Response', '2025-07-10', NULL),
(207, 207, 'U0081', 'Delivery Delay', 'Order cancelled automatically by system.', 'Resolved', '2025-07-23', NULL),
(208, 208, 'U0299', 'Product Quality', 'Order cancelled automatically by system.', 'In Progress', '2024-10-08', '2024-10-10'),
(209, 209, 'U0142', 'Product Quality', 'Need help updating shipping address.', 'Closed', '2024-05-05', NULL),
(210, 210, 'U0089', 'Delivery Delay', 'Inquiry about refund process timeline.', 'Open', '2025-09-29', '2025-10-11'),
(211, 211, 'U0186', 'Account Login', 'Need help updating shipping address.', 'Pending Response', '2024-07-13', '2024-07-15'),
(212, 212, 'U0071', 'Return Request', 'Payment deducted but order not confirmed.', 'Resolved', '2024-06-08', '2024-06-12'),
(213, 213, 'U0066', 'Wrong Item', 'Customer unable to log in to their account.', 'Pending Response', '2024-12-17', NULL),
(214, 214, 'U0140', 'Return Request', 'Need help updating shipping address.', 'In Progress', '2025-01-15', '2025-01-18'),
(215, 215, 'U0074', 'Payment Issue', 'Payment deducted but order not confirmed.', 'Pending Response', '2024-04-20', NULL),
(216, 216, 'U0006', 'Order Cancellation', 'Need help updating shipping address.', 'Resolved', '2025-05-23', '2025-05-28'),
(217, 217, 'U0156', 'Delivery Delay', 'Customer reported app crash during checkout.', 'Pending Response', '2024-07-03', '2024-07-09'),
(218, 218, 'U0068', 'Other', 'Customer reported app crash during checkout.', 'In Progress', '2024-02-24', NULL),
(219, 219, 'U0239', 'Refund Status', 'Customer unable to log in to their account.', 'Closed', '2025-07-30', '2025-08-03'),
(220, 220, 'U0119', 'Refund Status', 'Need help updating shipping address.', 'In Progress', '2024-10-29', NULL),
(221, 221, 'U0155', 'Delivery Delay', 'Incorrect item received in the order.', 'Pending Response', '2025-06-14', '2025-06-21'),
(222, 222, 'U0073', 'Delivery Delay', 'Product quality not as expected.', 'Pending Response', '2025-04-22', '2025-04-24'),
(223, 223, 'U0245', 'Refund Status', 'Customer reported a delay in product delivery.', 'Pending Response', '2025-03-24', '2025-04-07'),
(224, 224, 'U0169', 'Return Request', 'Customer reported a delay in product delivery.', 'Closed', '2025-04-25', '2025-05-03'),
(225, 225, 'U0239', 'Delivery Delay', 'Inquiry about refund process timeline.', 'Closed', '2024-09-18', '2024-09-21'),
(226, 226, 'U0140', 'Payment Issue', 'Need help updating shipping address.', 'Closed', '2025-05-18', NULL),
(227, 227, 'U0235', 'Refund Status', 'Request for return due to defective item.', 'Resolved', '2025-10-16', NULL),
(228, 228, 'U0045', 'Return Request', 'Request for return due to defective item.', 'Closed', '2025-02-21', '2025-03-07'),
(229, 229, 'U0287', 'Other', 'Payment deducted but order not confirmed.', 'In Progress', '2024-04-29', '2024-05-04'),
(230, 230, 'U0290', 'Order Cancellation', 'Order cancelled automatically by system.', 'Closed', '2024-08-24', '2024-08-29'),
(231, 231, 'U0218', 'Return Request', 'Product quality not as expected.', 'Open', '2024-09-13', '2024-09-26'),
(232, 232, 'U0004', 'Payment Issue', 'Payment deducted but order not confirmed.', 'Closed', '2025-05-01', '2025-05-10'),
(233, 233, 'U0105', 'Account Login', 'Customer unable to log in to their account.', 'Pending Response', '2025-08-07', NULL),
(234, 234, 'U0240', 'Order Cancellation', 'Incorrect item received in the order.', 'Closed', '2024-12-31', '2025-01-01'),
(235, 235, 'U0217', 'Delivery Delay', 'Incorrect item received in the order.', 'Open', '2024-10-01', '2024-10-10'),
(236, 236, 'U0286', 'Account Login', 'Order cancelled automatically by system.', 'Open', '2025-03-21', '2025-03-23'),
(237, 237, 'U0215', 'Other', 'Product quality not as expected.', 'In Progress', '2025-06-07', NULL),
(238, 238, 'U0130', 'Return Request', 'Customer reported a delay in product delivery.', 'Resolved', '2024-06-29', '2024-07-07'),
(239, 239, 'U0298', 'Wrong Item', 'Customer unable to log in to their account.', 'Resolved', '2024-07-12', '2024-07-27'),
(240, 240, 'U0289', 'Refund Status', 'Request for return due to defective item.', 'Open', '2024-04-26', '2024-05-11'),
(241, 241, 'U0171', 'Refund Status', 'Payment deducted but order not confirmed.', 'Resolved', '2024-07-19', '2024-07-27'),
(242, 242, 'U0279', 'Technical Issue', 'Inquiry about refund process timeline.', 'Pending Response', '2024-01-05', '2024-01-16'),
(243, 243, 'U0255', 'Refund Status', 'Product quality not as expected.', 'Pending Response', '2024-08-27', '2024-09-06'),
(244, 244, 'U0016', 'Other', 'Customer reported a delay in product delivery.', 'Closed', '2024-02-09', '2024-02-20'),
(245, 245, 'U0043', 'Payment Issue', 'Payment deducted but order not confirmed.', 'Resolved', '2025-02-17', '2025-03-02'),
(246, 246, 'U0233', 'Refund Status', 'Order cancelled automatically by system.', 'Resolved', '2024-12-23', '2024-12-24'),
(247, 247, 'U0105', 'Order Cancellation', 'Inquiry about refund process timeline.', 'Closed', '2025-08-17', '2025-09-01'),
(248, 248, 'U0249', 'Technical Issue', 'Payment deducted but order not confirmed.', 'Open', '2025-04-18', NULL),
(249, 249, 'U0084', 'Payment Issue', 'Need help updating shipping address.', 'Resolved', '2025-10-07', '2025-10-20'),
(250, 250, 'U0156', 'Technical Issue', 'Payment deducted but order not confirmed.', 'Open', '2025-09-02', '2025-09-06'),
(251, 251, 'U0162', 'Account Login', 'Product quality not as expected.', 'Pending Response', '2025-10-12', '2025-10-16'),
(252, 252, 'U0142', 'Return Request', 'Customer unable to log in to their account.', 'Pending Response', '2024-12-04', '2024-12-14'),
(253, 253, 'U0035', 'Other', 'Payment deducted but order not confirmed.', 'In Progress', '2025-02-15', '2025-02-18'),
(254, 254, 'U0282', 'Product Quality', 'Inquiry about refund process timeline.', 'In Progress', '2024-07-05', '2024-07-06'),
(255, 255, 'U0161', 'Delivery Delay', 'Customer reported app crash during checkout.', 'Closed', '2025-08-14', '2025-08-27'),
(256, 256, 'U0257', 'Wrong Item', 'Product quality not as expected.', 'Pending Response', '2025-09-09', NULL),
(257, 257, 'U0109', 'Delivery Delay', 'Payment deducted but order not confirmed.', 'Resolved', '2025-05-13', '2025-05-24'),
(258, 258, 'U0236', 'Account Login', 'Incorrect item received in the order.', 'Resolved', '2024-02-21', '2024-02-23'),
(259, 259, 'U0234', 'Wrong Item', 'Customer unable to log in to their account.', 'Resolved', '2025-10-23', '2025-11-04'),
(260, 260, 'U0172', 'Order Cancellation', 'Customer reported app crash during checkout.', 'Closed', '2024-03-23', '2024-03-28'),
(261, 261, 'U0034', 'Refund Status', 'Request for return due to defective item.', 'In Progress', '2024-09-12', '2024-09-27'),
(262, 262, 'U0217', 'Return Request', 'Product quality not as expected.', 'Resolved', '2025-06-08', '2025-06-10'),
(263, 263, 'U0217', 'Return Request', 'Need help updating shipping address.', 'Closed', '2024-09-30', '2024-10-08'),
(264, 264, 'U0286', 'Wrong Item', 'Payment deducted but order not confirmed.', 'Open', '2024-05-09', '2024-05-19'),
(265, 265, 'U0272', 'Refund Status', 'Need help updating shipping address.', 'Resolved', '2025-08-08', NULL),
(266, 266, 'U0159', 'Product Quality', 'Order cancelled automatically by system.', 'Open', '2025-01-25', '2025-02-09'),
(267, 267, 'U0212', 'Technical Issue', 'Inquiry about refund process timeline.', 'Closed', '2024-07-16', '2024-07-24'),
(268, 268, 'U0068', 'Refund Status', 'Incorrect item received in the order.', 'Resolved', '2025-04-30', NULL),
(269, 269, 'U0116', 'Account Login', 'Request for return due to defective item.', 'Open', '2024-05-05', '2024-05-16'),
(270, 270, 'U0230', 'Delivery Delay', 'Customer reported app crash during checkout.', 'Pending Response', '2024-12-06', '2024-12-16'),
(271, 271, 'U0038', 'Technical Issue', 'Product quality not as expected.', 'Closed', '2025-04-06', NULL),
(272, 272, 'U0008', 'Other', 'Customer reported a delay in product delivery.', 'Closed', '2024-08-22', '2024-08-26'),
(273, 273, 'U0097', 'Other', 'Product quality not as expected.', 'Pending Response', '2024-11-10', '2024-11-18'),
(274, 274, 'U0262', 'Order Cancellation', 'Customer unable to log in to their account.', 'Open', '2025-02-15', '2025-03-01'),
(275, 275, 'U0077', 'Product Quality', 'Need help updating shipping address.', 'Open', '2025-06-22', '2025-06-30'),
(276, 276, 'U0270', 'Technical Issue', 'Customer reported a delay in product delivery.', 'Pending Response', '2024-11-30', '2024-12-04'),
(277, 277, 'U0072', 'Product Quality', 'Incorrect item received in the order.', 'In Progress', '2024-08-24', NULL),
(278, 278, 'U0035', 'Product Quality', 'Incorrect item received in the order.', 'Resolved', '2024-03-31', '2024-04-15'),
(279, 279, 'U0023', 'Account Login', 'Request for return due to defective item.', 'Closed', '2024-11-29', '2024-11-30'),
(280, 280, 'U0033', 'Wrong Item', 'Customer unable to log in to their account.', 'Open', '2024-06-22', '2024-06-30'),
(281, 281, 'U0029', 'Product Quality', 'Payment deducted but order not confirmed.', 'Closed', '2024-11-30', '2024-12-12'),
(282, 282, 'U0142', 'Wrong Item', 'Customer reported a delay in product delivery.', 'Open', '2024-03-02', '2024-03-13'),
(283, 283, 'U0163', 'Other', 'Request for return due to defective item.', 'Resolved', '2025-04-30', '2025-05-05'),
(284, 284, 'U0093', 'Account Login', 'Payment deducted but order not confirmed.', 'In Progress', '2024-03-10', '2024-03-14'),
(285, 285, 'U0106', 'Payment Issue', 'Customer unable to log in to their account.', 'In Progress', '2025-05-02', '2025-05-09'),
(286, 286, 'U0198', 'Return Request', 'Product quality not as expected.', 'In Progress', '2024-08-25', '2024-09-06'),
(287, 287, 'U0260', 'Product Quality', 'Product quality not as expected.', 'Resolved', '2024-01-22', '2024-02-04'),
(288, 288, 'U0249', 'Return Request', 'Incorrect item received in the order.', 'Pending Response', '2025-07-04', '2025-07-18'),
(289, 289, 'U0055', 'Wrong Item', 'Payment deducted but order not confirmed.', 'In Progress', '2025-09-02', '2025-09-04'),
(290, 290, 'U0076', 'Wrong Item', 'Product quality not as expected.', 'In Progress', '2024-07-31', '2024-08-07'),
(291, 291, 'U0188', 'Wrong Item', 'Customer unable to log in to their account.', 'Pending Response', '2025-03-31', NULL),
(292, 292, 'U0055', 'Wrong Item', 'Customer reported a delay in product delivery.', 'In Progress', '2024-08-13', '2024-08-27'),
(293, 293, 'U0286', 'Order Cancellation', 'Need help updating shipping address.', 'Resolved', '2025-08-29', '2025-09-11'),
(294, 294, 'U0159', 'Refund Status', 'Need help updating shipping address.', 'Open', '2025-07-25', '2025-07-26'),
(295, 295, 'U0097', 'Return Request', 'Customer reported a delay in product delivery.', 'Resolved', '2025-10-05', '2025-10-15'),
(296, 296, 'U0267', 'Wrong Item', 'Need help updating shipping address.', 'In Progress', '2025-10-03', NULL),
(297, 297, 'U0264', 'Product Quality', 'Incorrect item received in the order.', 'Pending Response', '2024-03-10', NULL),
(298, 298, 'U0284', 'Payment Issue', 'Customer reported a delay in product delivery.', 'Open', '2025-09-30', '2025-10-06'),
(299, 299, 'U0097', 'Delivery Delay', 'Customer unable to log in to their account.', 'Resolved', '2024-08-29', '2024-09-03'),
(300, 300, 'U0060', 'Product Quality', 'Incorrect item received in the order.', 'Resolved', '2025-05-17', '2025-05-25'),
(301, 301, 'U0001', 'Delivery Delay', 'Request for return due to defective item.', 'Resolved', '2025-07-05', '2025-07-12'),
(302, 302, 'U0285', 'Account Login', 'Customer reported a delay in product delivery.', 'Pending Response', '2025-02-27', '2025-03-09'),
(303, 303, 'U0015', 'Product Quality', 'Customer reported app crash during checkout.', 'Closed', '2025-02-26', '2025-03-04'),
(304, 304, 'U0259', 'Refund Status', 'Need help updating shipping address.', 'Closed', '2024-06-24', '2024-07-03'),
(305, 305, 'U0166', 'Order Cancellation', 'Customer reported a delay in product delivery.', 'In Progress', '2024-12-21', '2024-12-22'),
(306, 306, 'U0122', 'Wrong Item', 'Inquiry about refund process timeline.', 'Closed', '2024-08-03', '2024-08-09'),
(307, 307, 'U0168', 'Return Request', 'Inquiry about refund process timeline.', 'Open', '2024-12-17', '2024-12-26'),
(308, 308, 'U0017', 'Product Quality', 'Order cancelled automatically by system.', 'In Progress', '2024-07-03', '2024-07-17'),
(309, 309, 'U0139', 'Refund Status', 'Customer unable to log in to their account.', 'Open', '2024-05-12', '2024-05-23'),
(310, 310, 'U0213', 'Wrong Item', 'Incorrect item received in the order.', 'Open', '2024-09-29', '2024-10-12'),
(311, 311, 'U0198', 'Order Cancellation', 'Inquiry about refund process timeline.', 'Resolved', '2025-05-09', '2025-05-22'),
(312, 312, 'U0070', 'Product Quality', 'Order cancelled automatically by system.', 'In Progress', '2024-05-12', '2024-05-18'),
(313, 313, 'U0027', 'Account Login', 'Payment deducted but order not confirmed.', 'In Progress', '2025-07-17', '2025-07-18'),
(314, 314, 'U0023', 'Wrong Item', 'Need help updating shipping address.', 'Pending Response', '2025-02-03', '2025-02-14'),
(315, 315, 'U0148', 'Return Request', 'Order cancelled automatically by system.', 'Resolved', '2025-01-23', NULL),
(316, 316, 'U0174', 'Technical Issue', 'Request for return due to defective item.', 'Resolved', '2024-09-15', '2024-09-23'),
(317, 317, 'U0131', 'Payment Issue', 'Customer reported a delay in product delivery.', 'Open', '2024-01-13', '2024-01-17'),
(318, 318, 'U0195', 'Order Cancellation', 'Product quality not as expected.', 'Resolved', '2025-03-07', NULL),
(319, 319, 'U0171', 'Account Login', 'Customer unable to log in to their account.', 'Pending Response', '2024-08-16', '2024-08-19'),
(320, 320, 'U0044', 'Other', 'Product quality not as expected.', 'Resolved', '2025-05-26', '2025-06-08'),
(321, 321, 'U0023', 'Other', 'Incorrect item received in the order.', 'Open', '2024-04-29', '2024-05-12'),
(322, 322, 'U0263', 'Product Quality', 'Order cancelled automatically by system.', 'Pending Response', '2025-10-16', '2025-10-18'),
(323, 323, 'U0219', 'Payment Issue', 'Inquiry about refund process timeline.', 'Pending Response', '2024-05-30', '2024-06-03'),
(324, 324, 'U0121', 'Technical Issue', 'Customer reported app crash during checkout.', 'Closed', '2024-01-21', '2024-02-05'),
(325, 325, 'U0294', 'Payment Issue', 'Order cancelled automatically by system.', 'Open', '2024-07-04', NULL),
(326, 326, 'U0181', 'Product Quality', 'Payment deducted but order not confirmed.', 'Closed', '2025-03-21', NULL),
(327, 327, 'U0074', 'Wrong Item', 'Need help updating shipping address.', 'Open', '2024-06-06', '2024-06-14'),
(328, 328, 'U0261', 'Product Quality', 'Payment deducted but order not confirmed.', 'Open', '2025-05-23', NULL),
(329, 329, 'U0084', 'Return Request', 'Customer reported app crash during checkout.', 'Closed', '2024-06-16', '2024-06-27'),
(330, 330, 'U0120', 'Delivery Delay', 'Inquiry about refund process timeline.', 'Pending Response', '2024-04-11', NULL),
(331, 331, 'U0093', 'Account Login', 'Inquiry about refund process timeline.', 'Resolved', '2025-01-06', '2025-01-15'),
(332, 332, 'U0011', 'Refund Status', 'Order cancelled automatically by system.', 'Resolved', '2025-03-16', '2025-03-17'),
(333, 333, 'U0083', 'Technical Issue', 'Need help updating shipping address.', 'In Progress', '2024-07-07', NULL),
(334, 334, 'U0139', 'Other', 'Order cancelled automatically by system.', 'Open', '2024-03-28', '2024-04-10'),
(335, 335, 'U0092', 'Delivery Delay', 'Customer reported app crash during checkout.', 'In Progress', '2024-03-06', '2024-03-17'),
(336, 336, 'U0009', 'Payment Issue', 'Product quality not as expected.', 'Closed', '2024-08-30', '2024-09-14'),
(337, 337, 'U0050', 'Order Cancellation', 'Order cancelled automatically by system.', 'Open', '2024-05-18', NULL),
(338, 338, 'U0218', 'Account Login', 'Customer unable to log in to their account.', 'Closed', '2024-11-13', '2024-11-22'),
(339, 339, 'U0174', 'Delivery Delay', 'Customer unable to log in to their account.', 'Resolved', '2024-03-08', '2024-03-10'),
(340, 340, 'U0003', 'Delivery Delay', 'Incorrect item received in the order.', 'Closed', '2025-03-10', NULL),
(341, 341, 'U0296', 'Payment Issue', 'Customer reported app crash during checkout.', 'Resolved', '2024-11-01', '2024-11-13'),
(342, 342, 'U0203', 'Order Cancellation', 'Payment deducted but order not confirmed.', 'Resolved', '2024-10-02', '2024-10-06'),
(343, 343, 'U0249', 'Other', 'Request for return due to defective item.', 'In Progress', '2024-02-06', '2024-02-07'),
(344, 344, 'U0137', 'Return Request', 'Payment deducted but order not confirmed.', 'Resolved', '2025-07-12', '2025-07-13'),
(345, 345, 'U0191', 'Order Cancellation', 'Payment deducted but order not confirmed.', 'Open', '2024-05-22', '2024-05-23'),
(346, 346, 'U0051', 'Refund Status', 'Order cancelled automatically by system.', 'Pending Response', '2025-05-09', '2025-05-18'),
(347, 347, 'U0171', 'Order Cancellation', 'Customer reported app crash during checkout.', 'Pending Response', '2024-09-09', '2024-09-19'),
(348, 348, 'U0092', 'Product Quality', 'Customer reported app crash during checkout.', 'Pending Response', '2025-05-13', '2025-05-26'),
(349, 349, 'U0075', 'Other', 'Payment deducted but order not confirmed.', 'Closed', '2024-04-20', NULL),
(350, 350, 'U0230', 'Payment Issue', 'Request for return due to defective item.', 'Pending Response', '2024-01-16', '2024-01-24'),
(351, 351, 'U0174', 'Technical Issue', 'Request for return due to defective item.', 'Resolved', '2024-03-03', '2024-03-04'),
(352, 352, 'U0261', 'Payment Issue', 'Inquiry about refund process timeline.', 'Open', '2024-12-05', '2024-12-16'),
(353, 353, 'U0248', 'Product Quality', 'Customer reported a delay in product delivery.', 'In Progress', '2025-09-26', '2025-09-28'),
(354, 354, 'U0036', 'Delivery Delay', 'Order cancelled automatically by system.', 'Pending Response', '2025-10-28', '2025-11-07'),
(355, 355, 'U0276', 'Refund Status', 'Payment deducted but order not confirmed.', 'Resolved', '2024-10-05', '2024-10-09'),
(356, 356, 'U0155', 'Refund Status', 'Need help updating shipping address.', 'Resolved', '2024-12-06', '2024-12-07'),
(357, 357, 'U0014', 'Return Request', 'Order cancelled automatically by system.', 'Resolved', '2025-10-12', NULL),
(358, 358, 'U0144', 'Product Quality', 'Customer unable to log in to their account.', 'Closed', '2025-04-17', '2025-04-23'),
(359, 359, 'U0129', 'Refund Status', 'Customer reported a delay in product delivery.', 'In Progress', '2025-03-14', '2025-03-16'),
(360, 360, 'U0285', 'Payment Issue', 'Customer reported a delay in product delivery.', 'In Progress', '2025-04-07', NULL),
(361, 361, 'U0127', 'Payment Issue', 'Product quality not as expected.', 'Resolved', '2024-06-04', '2024-06-09'),
(362, 362, 'U0263', 'Payment Issue', 'Customer reported a delay in product delivery.', 'Closed', '2024-04-30', '2024-05-06'),
(363, 363, 'U0098', 'Delivery Delay', 'Need help updating shipping address.', 'Pending Response', '2024-09-04', NULL),
(364, 364, 'U0183', 'Refund Status', 'Order cancelled automatically by system.', 'Open', '2024-10-15', NULL),
(365, 365, 'U0122', 'Other', 'Customer unable to log in to their account.', 'Pending Response', '2024-03-01', '2024-03-02'),
(366, 366, 'U0094', 'Order Cancellation', 'Customer reported a delay in product delivery.', 'Closed', '2024-07-14', '2024-07-28'),
(367, 367, 'U0256', 'Technical Issue', 'Payment deducted but order not confirmed.', 'Resolved', '2024-06-20', '2024-06-30'),
(368, 368, 'U0142', 'Payment Issue', 'Order cancelled automatically by system.', 'In Progress', '2025-05-29', NULL),
(369, 369, 'U0158', 'Other', 'Incorrect item received in the order.', 'Open', '2025-08-19', '2025-08-31'),
(370, 370, 'U0026', 'Technical Issue', 'Customer reported app crash during checkout.', 'Pending Response', '2025-05-18', '2025-05-20'),
(371, 371, 'U0034', 'Wrong Item', 'Inquiry about refund process timeline.', 'In Progress', '2024-09-26', '2024-10-06'),
(372, 372, 'U0146', 'Payment Issue', 'Need help updating shipping address.', 'Open', '2025-03-22', '2025-04-04'),
(373, 373, 'U0199', 'Order Cancellation', 'Payment deducted but order not confirmed.', 'Pending Response', '2025-10-23', '2025-10-24'),
(374, 374, 'U0216', 'Refund Status', 'Inquiry about refund process timeline.', 'Pending Response', '2025-07-23', '2025-08-06'),
(375, 375, 'U0079', 'Other', 'Incorrect item received in the order.', 'Open', '2025-02-10', '2025-02-24'),
(376, 376, 'U0263', 'Delivery Delay', 'Customer unable to log in to their account.', 'Resolved', '2025-02-04', NULL),
(377, 377, 'U0214', 'Return Request', 'Inquiry about refund process timeline.', 'Resolved', '2025-05-24', '2025-05-26'),
(378, 378, 'U0073', 'Technical Issue', 'Product quality not as expected.', 'Open', '2024-08-09', '2024-08-17'),
(379, 379, 'U0228', 'Other', 'Product quality not as expected.', 'Pending Response', '2024-10-11', '2024-10-24'),
(380, 380, 'U0155', 'Wrong Item', 'Need help updating shipping address.', 'In Progress', '2025-08-11', '2025-08-18'),
(381, 381, 'U0121', 'Return Request', 'Customer reported a delay in product delivery.', 'Resolved', '2024-01-24', '2024-02-03'),
(382, 382, 'U0188', 'Wrong Item', 'Inquiry about refund process timeline.', 'Resolved', '2024-06-23', '2024-07-02'),
(383, 383, 'U0078', 'Wrong Item', 'Inquiry about refund process timeline.', 'Open', '2024-03-26', NULL),
(384, 384, 'U0024', 'Other', 'Product quality not as expected.', 'Closed', '2025-10-27', '2025-11-06'),
(385, 385, 'U0043', 'Order Cancellation', 'Product quality not as expected.', 'Resolved', '2024-07-13', '2024-07-23'),
(386, 386, 'U0058', 'Refund Status', 'Payment deducted but order not confirmed.', 'In Progress', '2025-04-25', NULL),
(387, 387, 'U0246', 'Order Cancellation', 'Order cancelled automatically by system.', 'Open', '2024-09-14', NULL),
(388, 388, 'U0029', 'Delivery Delay', 'Need help updating shipping address.', 'Pending Response', '2024-04-02', '2024-04-11'),
(389, 389, 'U0230', 'Technical Issue', 'Request for return due to defective item.', 'Open', '2024-07-10', '2024-07-23'),
(390, 390, 'U0097', 'Technical Issue', 'Need help updating shipping address.', 'Closed', '2025-07-14', '2025-07-25'),
(391, 391, 'U0106', 'Account Login', 'Request for return due to defective item.', 'Open', '2025-08-04', '2025-08-11'),
(392, 392, 'U0128', 'Order Cancellation', 'Customer reported app crash during checkout.', 'Resolved', '2024-11-21', '2024-11-29'),
(393, 393, 'U0008', 'Payment Issue', 'Payment deducted but order not confirmed.', 'Closed', '2025-09-25', '2025-10-07'),
(394, 394, 'U0245', 'Delivery Delay', 'Payment deducted but order not confirmed.', 'Pending Response', '2025-03-03', NULL),
(395, 395, 'U0096', 'Order Cancellation', 'Order cancelled automatically by system.', 'Closed', '2024-05-31', '2024-06-03'),
(396, 396, 'U0268', 'Other', 'Customer reported app crash during checkout.', 'Closed', '2024-08-21', NULL),
(397, 397, 'U0210', 'Product Quality', 'Incorrect item received in the order.', 'In Progress', '2024-06-24', NULL),
(398, 398, 'U0004', 'Refund Status', 'Need help updating shipping address.', 'Open', '2024-06-30', '2024-07-14'),
(399, 399, 'U0223', 'Account Login', 'Customer reported a delay in product delivery.', 'In Progress', '2025-07-12', NULL),
(400, 400, 'U0046', 'Product Quality', 'Product quality not as expected.', 'Pending Response', '2024-12-17', NULL),
(401, 401, 'U0130', 'Other', 'Order cancelled automatically by system.', 'Closed', '2024-01-05', '2024-01-20'),
(402, 402, 'U0066', 'Account Login', 'Product quality not as expected.', 'Pending Response', '2025-08-25', '2025-08-30'),
(403, 403, 'U0021', 'Payment Issue', 'Customer reported a delay in product delivery.', 'Pending Response', '2024-01-13', '2024-01-25'),
(404, 404, 'U0275', 'Return Request', 'Inquiry about refund process timeline.', 'Closed', '2024-09-12', '2024-09-20'),
(405, 405, 'U0064', 'Delivery Delay', 'Need help updating shipping address.', 'Open', '2024-03-31', NULL),
(406, 406, 'U0063', 'Wrong Item', 'Inquiry about refund process timeline.', 'Pending Response', '2024-10-16', NULL),
(407, 407, 'U0172', 'Account Login', 'Customer reported a delay in product delivery.', 'Open', '2024-01-13', '2024-01-27'),
(408, 408, 'U0028', 'Technical Issue', 'Customer unable to log in to their account.', 'Resolved', '2024-10-28', '2024-11-11'),
(409, 409, 'U0034', 'Delivery Delay', 'Customer reported app crash during checkout.', 'Open', '2025-03-11', '2025-03-23'),
(410, 410, 'U0012', 'Wrong Item', 'Product quality not as expected.', 'In Progress', '2024-09-25', '2024-10-06'),
(411, 411, 'U0088', 'Other', 'Customer reported a delay in product delivery.', 'Resolved', '2024-04-07', '2024-04-20'),
(412, 412, 'U0009', 'Other', 'Customer unable to log in to their account.', 'Pending Response', '2024-01-30', '2024-02-06'),
(413, 413, 'U0037', 'Other', 'Incorrect item received in the order.', 'Closed', '2024-08-01', '2024-08-10'),
(414, 414, 'U0029', 'Account Login', 'Customer unable to log in to their account.', 'Pending Response', '2025-08-25', '2025-09-03'),
(415, 415, 'U0043', 'Return Request', 'Customer unable to log in to their account.', 'Open', '2025-08-17', '2025-08-27'),
(416, 416, 'U0190', 'Account Login', 'Product quality not as expected.', 'Closed', '2024-06-09', '2024-06-13'),
(417, 417, 'U0079', 'Return Request', 'Inquiry about refund process timeline.', 'Pending Response', '2025-07-17', '2025-07-23'),
(418, 418, 'U0203', 'Order Cancellation', 'Customer reported app crash during checkout.', 'In Progress', '2024-11-25', '2024-11-28'),
(419, 419, 'U0208', 'Account Login', 'Product quality not as expected.', 'Open', '2024-11-03', '2024-11-07'),
(420, 420, 'U0011', 'Technical Issue', 'Product quality not as expected.', 'Pending Response', '2024-04-25', '2024-04-27'),
(421, 421, 'U0176', 'Return Request', 'Inquiry about refund process timeline.', 'Resolved', '2025-04-18', '2025-05-01'),
(422, 422, 'U0169', 'Other', 'Request for return due to defective item.', 'Pending Response', '2024-06-17', '2024-06-22'),
(423, 423, 'U0184', 'Account Login', 'Product quality not as expected.', 'In Progress', '2024-10-07', NULL),
(424, 424, 'U0146', 'Payment Issue', 'Order cancelled automatically by system.', 'Closed', '2024-07-14', NULL),
(425, 425, 'U0169', 'Return Request', 'Need help updating shipping address.', 'Open', '2025-04-05', '2025-04-19'),
(426, 426, 'U0140', 'Wrong Item', 'Payment deducted but order not confirmed.', 'Pending Response', '2025-07-17', '2025-07-19'),
(427, 427, 'U0284', 'Technical Issue', 'Inquiry about refund process timeline.', 'In Progress', '2025-02-28', '2025-03-10'),
(428, 428, 'U0145', 'Account Login', 'Product quality not as expected.', 'Open', '2025-11-01', '2025-11-14'),
(429, 429, 'U0064', 'Order Cancellation', 'Need help updating shipping address.', 'In Progress', '2024-07-05', '2024-07-18'),
(430, 430, 'U0202', 'Order Cancellation', 'Order cancelled automatically by system.', 'Closed', '2025-05-15', '2025-05-24'),
(431, 431, 'U0108', 'Return Request', 'Customer reported app crash during checkout.', 'Open', '2024-11-30', '2024-12-14'),
(432, 432, 'U0278', 'Return Request', 'Customer reported a delay in product delivery.', 'Resolved', '2024-03-06', NULL),
(433, 433, 'U0064', 'Return Request', 'Customer reported a delay in product delivery.', 'In Progress', '2025-03-22', '2025-04-03'),
(434, 434, 'U0060', 'Payment Issue', 'Need help updating shipping address.', 'In Progress', '2024-03-08', NULL),
(435, 435, 'U0238', 'Account Login', 'Request for return due to defective item.', 'In Progress', '2025-05-31', '2025-06-04'),
(436, 436, 'U0205', 'Payment Issue', 'Customer reported a delay in product delivery.', 'Pending Response', '2024-05-25', '2024-06-07'),
(437, 437, 'U0023', 'Product Quality', 'Incorrect item received in the order.', 'Pending Response', '2025-10-05', '2025-10-14'),
(438, 438, 'U0286', 'Wrong Item', 'Incorrect item received in the order.', 'Closed', '2025-03-22', '2025-04-04'),
(439, 439, 'U0282', 'Payment Issue', 'Incorrect item received in the order.', 'In Progress', '2025-08-03', '2025-08-18'),
(440, 440, 'U0105', 'Technical Issue', 'Order cancelled automatically by system.', 'Open', '2025-10-02', '2025-10-07'),
(441, 441, 'U0091', 'Refund Status', 'Customer unable to log in to their account.', 'Resolved', '2024-11-09', '2024-11-19'),
(442, 442, 'U0187', 'Wrong Item', 'Need help updating shipping address.', 'Closed', '2024-03-28', '2024-04-12'),
(443, 443, 'U0268', 'Account Login', 'Payment deducted but order not confirmed.', 'Resolved', '2025-06-27', NULL),
(444, 444, 'U0169', 'Wrong Item', 'Payment deducted but order not confirmed.', 'Resolved', '2025-09-04', '2025-09-19'),
(445, 445, 'U0225', 'Product Quality', 'Product quality not as expected.', 'Closed', '2025-08-19', '2025-09-01'),
(446, 446, 'U0253', 'Product Quality', 'Request for return due to defective item.', 'In Progress', '2025-05-26', NULL),
(447, 447, 'U0197', 'Product Quality', 'Customer reported app crash during checkout.', 'In Progress', '2025-07-12', '2025-07-20'),
(448, 448, 'U0009', 'Refund Status', 'Customer reported app crash during checkout.', 'Open', '2024-06-19', '2024-06-27'),
(449, 449, 'U0161', 'Other', 'Request for return due to defective item.', 'In Progress', '2025-06-16', '2025-06-30'),
(450, 450, 'U0054', 'Delivery Delay', 'Customer reported app crash during checkout.', 'In Progress', '2024-01-04', '2024-01-12'),
(451, 451, 'U0141', 'Delivery Delay', 'Customer reported a delay in product delivery.', 'Pending Response', '2024-09-06', '2024-09-15'),
(452, 452, 'U0007', 'Account Login', 'Incorrect item received in the order.', 'Pending Response', '2025-06-19', '2025-06-25'),
(453, 453, 'U0274', 'Other', 'Customer unable to log in to their account.', 'In Progress', '2024-01-10', '2024-01-12'),
(454, 454, 'U0299', 'Return Request', 'Incorrect item received in the order.', 'Open', '2025-07-26', '2025-08-08'),
(455, 455, 'U0268', 'Technical Issue', 'Customer unable to log in to their account.', 'Open', '2024-09-20', '2024-10-04'),
(456, 456, 'U0262', 'Return Request', 'Need help updating shipping address.', 'Resolved', '2025-10-15', '2025-10-23'),
(457, 457, 'U0124', 'Return Request', 'Customer reported a delay in product delivery.', 'Resolved', '2024-07-02', '2024-07-06'),
(458, 458, 'U0116', 'Order Cancellation', 'Customer reported a delay in product delivery.', 'Closed', '2024-07-14', '2024-07-25'),
(459, 459, 'U0017', 'Account Login', 'Payment deducted but order not confirmed.', 'In Progress', '2025-08-14', '2025-08-27'),
(460, 460, 'U0233', 'Account Login', 'Incorrect item received in the order.', 'In Progress', '2024-06-04', NULL),
(461, 461, 'U0136', 'Technical Issue', 'Incorrect item received in the order.', 'Resolved', '2025-04-22', NULL),
(462, 462, 'U0257', 'Payment Issue', 'Customer unable to log in to their account.', 'Closed', '2025-05-27', '2025-06-09'),
(463, 463, 'U0119', 'Technical Issue', 'Need help updating shipping address.', 'Open', '2024-12-18', '2024-12-27'),
(464, 464, 'U0047', 'Refund Status', 'Customer unable to log in to their account.', 'In Progress', '2024-08-31', '2024-09-09'),
(465, 465, 'U0041', 'Product Quality', 'Customer reported a delay in product delivery.', 'Open', '2025-02-15', '2025-02-23'),
(466, 466, 'U0262', 'Refund Status', 'Customer unable to log in to their account.', 'Closed', '2024-08-22', '2024-09-06'),
(467, 467, 'U0231', 'Wrong Item', 'Request for return due to defective item.', 'Closed', '2024-07-26', '2024-07-31'),
(468, 468, 'U0103', 'Refund Status', 'Customer reported a delay in product delivery.', 'Pending Response', '2024-02-03', '2024-02-05'),
(469, 469, 'U0019', 'Refund Status', 'Customer reported a delay in product delivery.', 'In Progress', '2025-04-29', '2025-05-09'),
(470, 470, 'U0238', 'Delivery Delay', 'Customer reported app crash during checkout.', 'Resolved', '2024-09-28', '2024-10-07'),
(471, 471, 'U0252', 'Technical Issue', 'Need help updating shipping address.', 'In Progress', '2024-09-02', '2024-09-13'),
(472, 472, 'U0251', 'Payment Issue', 'Customer reported app crash during checkout.', 'Open', '2025-10-16', NULL),
(473, 473, 'U0001', 'Order Cancellation', 'Customer reported a delay in product delivery.', 'Pending Response', '2024-07-20', '2024-07-23'),
(474, 474, 'U0126', 'Refund Status', 'Payment deducted but order not confirmed.', 'Closed', '2024-04-24', '2024-04-29'),
(475, 475, 'U0145', 'Account Login', 'Product quality not as expected.', 'Open', '2024-04-16', '2024-04-21'),
(476, 476, 'U0117', 'Technical Issue', 'Request for return due to defective item.', 'Open', '2025-01-09', NULL),
(477, 477, 'U0245', 'Other', 'Customer reported a delay in product delivery.', 'In Progress', '2024-06-23', '2024-07-03'),
(478, 478, 'U0038', 'Refund Status', 'Request for return due to defective item.', 'In Progress', '2025-10-16', '2025-10-23'),
(479, 479, 'U0060', 'Wrong Item', 'Incorrect item received in the order.', 'In Progress', '2025-10-20', NULL),
(480, 480, 'U0041', 'Refund Status', 'Order cancelled automatically by system.', 'Resolved', '2025-08-01', '2025-08-05'),
(481, 481, 'U0250', 'Account Login', 'Incorrect item received in the order.', 'In Progress', '2024-08-02', '2024-08-10'),
(482, 482, 'U0213', 'Delivery Delay', 'Customer unable to log in to their account.', 'Resolved', '2024-10-16', '2024-10-31'),
(483, 483, 'U0206', 'Other', 'Incorrect item received in the order.', 'Pending Response', '2024-01-29', '2024-02-01'),
(484, 484, 'U0093', 'Return Request', 'Incorrect item received in the order.', 'Resolved', '2024-04-30', '2024-05-07'),
(485, 485, 'U0158', 'Delivery Delay', 'Payment deducted but order not confirmed.', 'Pending Response', '2025-08-06', '2025-08-08'),
(486, 486, 'U0011', 'Return Request', 'Customer reported app crash during checkout.', 'In Progress', '2025-03-29', '2025-04-13'),
(487, 487, 'U0143', 'Technical Issue', 'Customer reported a delay in product delivery.', 'In Progress', '2024-07-09', '2024-07-11'),
(488, 488, 'U0008', 'Product Quality', 'Need help updating shipping address.', 'Closed', '2024-08-09', '2024-08-22'),
(489, 489, 'U0107', 'Delivery Delay', 'Customer reported app crash during checkout.', 'In Progress', '2024-06-28', '2024-07-01'),
(490, 490, 'U0285', 'Payment Issue', 'Request for return due to defective item.', 'Resolved', '2025-01-22', '2025-02-05'),
(491, 491, 'U0145', 'Wrong Item', 'Customer unable to log in to their account.', 'Pending Response', '2025-03-10', '2025-03-17'),
(492, 492, 'U0195', 'Product Quality', 'Need help updating shipping address.', 'Pending Response', '2025-08-30', '2025-09-11'),
(493, 493, 'U0156', 'Payment Issue', 'Inquiry about refund process timeline.', 'Open', '2024-04-01', '2024-04-06'),
(494, 494, 'U0111', 'Other', 'Request for return due to defective item.', 'Open', '2025-08-29', NULL),
(495, 495, 'U0175', 'Return Request', 'Need help updating shipping address.', 'In Progress', '2024-03-05', NULL),
(496, 496, 'U0119', 'Return Request', 'Request for return due to defective item.', 'In Progress', '2025-07-13', '2025-07-20'),
(497, 497, 'U0258', 'Product Quality', 'Inquiry about refund process timeline.', 'Pending Response', '2025-01-01', '2025-01-09'),
(498, 498, 'U0179', 'Delivery Delay', 'Inquiry about refund process timeline.', 'In Progress', '2025-03-07', '2025-03-16'),
(499, 499, 'U0059', 'Order Cancellation', 'Customer reported a delay in product delivery.', 'In Progress', '2024-06-25', NULL),
(500, 500, 'U0203', 'Payment Issue', 'Customer unable to log in to their account.', 'Closed', '2024-02-18', '2024-02-21');

SELECT 
    p.product_id,
    p.name AS product_name,
    c.name AS category_name,
    p.price,
    p.stock
FROM product p
JOIN categories c ON p.category_id = c.category_id;

SELECT user_id, COUNT(*) AS items_in_cart
FROM cart_items JOIN cart
GROUP BY user_id;

SELECT 
    o.order_id,
    o.order_date,
    o.status,
    o.total_amount
FROM orders o
JOIN users u ON o.user_id = u.user_id
WHERE status = 'Shipped';

SELECT user_id, city, state, pincode
FROM user_address
WHERE state = 'Maharashtra';

SELECT o.order_id, o.user_id, s.shipping_status 
FROM orders o 
JOIN shipping s ON o.order_id = s.order_id 
WHERE s.shipping_status = 'Delayed';

SELECT 
    c.name AS category_name,
    SUM(o.total_amount) AS total_sales
FROM orders o
JOIN product p ON o.product_id = p.product_id
JOIN categories c ON p.category_id = c.category_id
GROUP BY c.name
ORDER BY total_sales DESC;

SELECT 
    p.name AS product_name,
    COUNT(r.review_id) AS total_reviews
FROM reviews r
JOIN product p ON r.product_id = p.product_id
GROUP BY p.name
ORDER BY total_reviews DESC
LIMIT 5;

SELECT 
    u.username,
    r.refund_id,
    r.refund_amount,
    r.refund_status
FROM refunds r
JOIN orders o ON r.order_id = o.order_id
JOIN users u ON o.user_id = u.user_id
WHERE r.refund_status = 'Pending';

SELECT 
    u.username,
    COUNT(o.order_id) AS total_orders,
    SUM(o.quantity) AS total_items,
    SUM(o.total_amount) AS total_spent
FROM orders o
JOIN users u ON o.user_id = u.user_id
GROUP BY u.username
ORDER BY total_spent DESC;

SELECT p.product_id, p.name, c.name, p.price
FROM product p JOIN categories c ON p.category_id = c.category_id
WHERE p.price<1000 AND c.name = 'Small Kitchen Appliances'
ORDER BY p.price;

SELECT user_id, payment_date, amount, payment_mode
FROM payment p 
JOIN orders o ON p.order_id = o.order_id
WHERE payment_mode='UPI' AND payment_status='Success';

SELECT * FROM categories;